{
  "fio version": "fio-3.36",
  "timestamp": 1783085512,
  "timestamp_ms": 1783085512208,
  "time": "Fri Jul  3 15:31:52 2026",
  "jobs": [
    {
      "jobname": "linear-read",
      "groupid": 0,
      "job_start": 1783085492273,
      "error": 0,
      "eta": 0,
      "elapsed": 21,
      "job options": {
        "name": "linear-read",
        "filename": "./fio-testfile",
        "rw": "read",
        "ioengine": "libaio",
        "iodepth": "32",
        "bs": "1M",
        "direct": "1",
        "loops": "10"
      },
      "read": {
        "io_bytes": 85899345920,
        "io_kbytes": 83886080,
        "bw_bytes": 4316983913,
        "bw": 4215804,
        "iops": 4116.996683,
        "runtime": 19898,
        "total_ios": 81920,
        "short_ios": 0,
        "drop_ios": 0,
        "slat_ns": {
          "min": 53299,
          "max": 3096347,
          "mean": 74076.038818,
          "stddev": 31879.599658,
          "N": 81920
        },
        "clat_ns": {
          "min": 1702922,
          "max": 31789419,
          "mean": 7689998.264673,
          "stddev": 3214577.722489,
          "N": 81920,
          "percentile": {
            "1.000000": 2703360,
            "5.000000": 3424256,
            "10.000000": 3981312,
            "20.000000": 4816896,
            "30.000000": 5668864,
            "40.000000": 6520832,
            "50.000000": 7176192,
            "60.000000": 7962624,
            "70.000000": 8978432,
            "80.000000": 10158080,
            "90.000000": 12124160,
            "95.000000": 13697024,
            "99.000000": 17170432,
            "99.500000": 18481152,
            "99.900000": 21102592,
            "99.950000": 22151168,
            "99.990000": 24772608
          }
        },
        "lat_ns": {
          "min": 1773451,
          "max": 31881067,
          "mean": 7764074.303491,
          "stddev": 3212955.842415,
          "N": 81920
        },
        "bw_min": 3268608,
        "bw_max": 4472832,
        "bw_agg": 99.950861,
        "bw_mean": 4213733.743590,
        "bw_dev": 382171.596734,
        "bw_samples": 39,
        "iops_min": 3192,
        "iops_max": 4368,
        "iops_mean": 4114.974359,
        "iops_stddev": 373.214450,
        "iops_samples": 39
      },
      "write": {
        "io_bytes": 0,
        "io_kbytes": 0,
        "bw_bytes": 0,
        "bw": 0,
        "iops": 0.000000,
        "runtime": 0,
        "total_ios": 0,
        "short_ios": 0,
        "drop_ios": 0,
        "slat_ns": {
          "min": 0,
          "max": 0,
          "mean": 0.000000,
          "stddev": 0.000000,
          "N": 0
        },
        "clat_ns": {
          "min": 0,
          "max": 0,
          "mean": 0.000000,
          "stddev": 0.000000,
          "N": 0
        },
        "lat_ns": {
          "min": 0,
          "max": 0,
          "mean": 0.000000,
          "stddev": 0.000000,
          "N": 0
        },
        "bw_min": 0,
        "bw_max": 0,
        "bw_agg": 0.000000,
        "bw_mean": 0.000000,
        "bw_dev": 0.000000,
        "bw_samples": 0,
        "iops_min": 0,
        "iops_max": 0,
        "iops_mean": 0.000000,
        "iops_stddev": 0.000000,
        "iops_samples": 0
      },
      "trim": {
        "io_bytes": 0,
        "io_kbytes": 0,
        "bw_bytes": 0,
        "bw": 0,
        "iops": 0.000000,
        "runtime": 0,
        "total_ios": 0,
        "short_ios": 0,
        "drop_ios": 0,
        "slat_ns": {
          "min": 0,
          "max": 0,
          "mean": 0.000000,
          "stddev": 0.000000,
          "N": 0
        },
        "clat_ns": {
          "min": 0,
          "max": 0,
          "mean": 0.000000,
          "stddev": 0.000000,
          "N": 0
        },
        "lat_ns": {
          "min": 0,
          "max": 0,
          "mean": 0.000000,
          "stddev": 0.000000,
          "N": 0
        },
        "bw_min": 0,
        "bw_max": 0,
        "bw_agg": 0.000000,
        "bw_mean": 0.000000,
        "bw_dev": 0.000000,
        "bw_samples": 0,
        "iops_min": 0,
        "iops_max": 0,
        "iops_mean": 0.000000,
        "iops_stddev": 0.000000,
        "iops_samples": 0
      },
      "sync": {
        "total_ios": 0,
        "lat_ns": {
          "min": 0,
          "max": 0,
          "mean": 0.000000,
          "stddev": 0.000000,
          "N": 0
        }
      },
      "job_runtime": 19897,
      "usr_cpu": 0.623210,
      "sys_cpu": 31.095140,
      "ctx": 72866,
      "majf": 0,
      "minf": 8204,
      "iodepth_level": {
        "1": 0.100000,
        "2": 0.100000,
        "4": 0.100000,
        "8": 0.100000,
        "16": 0.195312,
        "32": 99.621582,
        ">=64": 0.000000
      },
      "iodepth_submit": {
        "0": 0.000000,
        "4": 100.000000,
        "8": 0.000000,
        "16": 0.000000,
        "32": 0.000000,
        "64": 0.000000,
        ">=64": 0.000000
      },
      "iodepth_complete": {
        "0": 0.000000,
        "4": 99.987748,
        "8": 0.000000,
        "16": 0.000000,
        "32": 0.100000,
        "64": 0.000000,
        ">=64": 0.000000
      },
      "latency_ns": {
        "2": 0.000000,
        "4": 0.000000,
        "10": 0.000000,
        "20": 0.000000,
        "50": 0.000000,
        "100": 0.000000,
        "250": 0.000000,
        "500": 0.000000,
        "750": 0.000000,
        "1000": 0.000000
      },
      "latency_us": {
        "2": 0.000000,
        "4": 0.000000,
        "10": 0.000000,
        "20": 0.000000,
        "50": 0.000000,
        "100": 0.000000,
        "250": 0.000000,
        "500": 0.000000,
        "750": 0.000000,
        "1000": 0.000000
      },
      "latency_ms": {
        "2": 0.010000,
        "4": 10.385742,
        "10": 68.100586,
        "20": 21.303711,
        "50": 0.205078,
        "100": 0.000000,
        "250": 0.000000,
        "500": 0.000000,
        "750": 0.000000,
        "1000": 0.000000,
        "2000": 0.000000,
        ">=2000": 0.000000
      },
      "latency_depth": 32,
      "latency_target": 0,
      "latency_percentile": 100.000000,
      "latency_window": 0
    }
  ],
  "disk_util": [
    {
      "name": "dm-1",
      "read_ios": 243889,
      "write_ios": 4419,
      "read_sectors": 167753496,
      "write_sectors": 229312,
      "read_merges": 0,
      "write_merges": 0,
      "read_ticks": 1819741,
      "write_ticks": 730978,
      "in_queue": 2550719,
      "util": 99.549662,
      "aggr_read_ios": 734569,
      "aggr_write_ios": 5325,
      "aggr_read_sectors": 167774496,
      "aggr_write_sectors": 231792,
      "aggr_read_merges": 0,
      "aggr_write_merge": 0,
      "aggr_read_ticks": 5403405,
      "aggr_write_ticks": 820164,
      "aggr_in_queue": 6223569,
      "aggr_util": 99.545545
    },
    {
      "name": "dm-0",
      "read_ios": 734569,
      "write_ios": 5325,
      "read_sectors": 167774496,
      "write_sectors": 231792,
      "read_merges": 0,
      "write_merges": 0,
      "read_ticks": 5403405,
      "write_ticks": 820164,
      "in_queue": 6223569,
      "util": 99.545545,
      "aggr_read_ios": 734559,
      "aggr_write_ios": 3364,
      "aggr_read_sectors": 167774496,
      "aggr_write_sectors": 231792,
      "aggr_read_merges": 10,
      "aggr_write_merge": 1961,
      "aggr_read_ticks": 5377320,
      "aggr_write_ticks": 119887,
      "aggr_in_queue": 5498392,
      "aggr_util": 79.429684
    },
    {
      "name": "nvme0n1",
      "read_ios": 734559,
      "write_ios": 3364,
      "read_sectors": 167774496,
      "write_sectors": 231792,
      "read_merges": 10,
      "write_merges": 1961,
      "read_ticks": 5377320,
      "write_ticks": 119887,
      "in_queue": 5498392,
      "util": 79.429684
    }
  ]
}
