{
  "fio version": "fio-3.36",
  "timestamp": 1783085213,
  "timestamp_ms": 1783085213540,
  "time": "Fri Jul  3 15:26:53 2026",
  "jobs": [
    {
      "jobname": "linear-read",
      "groupid": 0,
      "job_start": 1783085208296,
      "error": 0,
      "eta": 0,
      "elapsed": 6,
      "job options": {
        "name": "linear-read",
        "filename": "./fio-testfile",
        "rw": "read",
        "ioengine": "libaio",
        "iodepth": "1",
        "bs": "1M",
        "direct": "1"
      },
      "read": {
        "io_bytes": 8589934592,
        "io_kbytes": 8388608,
        "bw_bytes": 1648107174,
        "bw": 1609479,
        "iops": 1571.757483,
        "runtime": 5212,
        "total_ios": 8192,
        "short_ios": 0,
        "drop_ios": 0,
        "slat_ns": {
          "min": 53079,
          "max": 372585,
          "mean": 67316.581665,
          "stddev": 10754.132707,
          "N": 8192
        },
        "clat_ns": {
          "min": 361784,
          "max": 9648074,
          "mean": 568209.930664,
          "stddev": 403000.108249,
          "N": 8192,
          "percentile": {
            "1.000000": 432128,
            "5.000000": 448512,
            "10.000000": 460800,
            "20.000000": 473088,
            "30.000000": 485376,
            "40.000000": 493568,
            "50.000000": 505856,
            "60.000000": 522240,
            "70.000000": 544768,
            "80.000000": 569344,
            "90.000000": 618496,
            "95.000000": 700416,
            "99.000000": 2039808,
            "99.500000": 3031040,
            "99.900000": 7045120,
            "99.950000": 8093696,
            "99.990000": 9633792
          }
        },
        "lat_ns": {
          "min": 429293,
          "max": 9722873,
          "mean": 635526.512329,
          "stddev": 403891.476305,
          "N": 8192
        },
        "bw_min": 1441792,
        "bw_max": 1759232,
        "bw_agg": 99.735463,
        "bw_mean": 1605222.400000,
        "bw_dev": 108364.813103,
        "bw_samples": 10,
        "iops_min": 1408,
        "iops_max": 1718,
        "iops_mean": 1567.600000,
        "iops_stddev": 105.825013,
        "iops_samples": 10
      },
      "write": {
        "io_bytes": 0,
        "io_kbytes": 0,
        "bw_bytes": 0,
        "bw": 0,
        "iops": 0.000000,
        "runtime": 0,
        "total_ios": 0,
        "short_ios": 0,
        "drop_ios": 0,
        "slat_ns": {
          "min": 0,
          "max": 0,
          "mean": 0.000000,
          "stddev": 0.000000,
          "N": 0
        },
        "clat_ns": {
          "min": 0,
          "max": 0,
          "mean": 0.000000,
          "stddev": 0.000000,
          "N": 0
        },
        "lat_ns": {
          "min": 0,
          "max": 0,
          "mean": 0.000000,
          "stddev": 0.000000,
          "N": 0
        },
        "bw_min": 0,
        "bw_max": 0,
        "bw_agg": 0.000000,
        "bw_mean": 0.000000,
        "bw_dev": 0.000000,
        "bw_samples": 0,
        "iops_min": 0,
        "iops_max": 0,
        "iops_mean": 0.000000,
        "iops_stddev": 0.000000,
        "iops_samples": 0
      },
      "trim": {
        "io_bytes": 0,
        "io_kbytes": 0,
        "bw_bytes": 0,
        "bw": 0,
        "iops": 0.000000,
        "runtime": 0,
        "total_ios": 0,
        "short_ios": 0,
        "drop_ios": 0,
        "slat_ns": {
          "min": 0,
          "max": 0,
          "mean": 0.000000,
          "stddev": 0.000000,
          "N": 0
        },
        "clat_ns": {
          "min": 0,
          "max": 0,
          "mean": 0.000000,
          "stddev": 0.000000,
          "N": 0
        },
        "lat_ns": {
          "min": 0,
          "max": 0,
          "mean": 0.000000,
          "stddev": 0.000000,
          "N": 0
        },
        "bw_min": 0,
        "bw_max": 0,
        "bw_agg": 0.000000,
        "bw_mean": 0.000000,
        "bw_dev": 0.000000,
        "bw_samples": 0,
        "iops_min": 0,
        "iops_max": 0,
        "iops_mean": 0.000000,
        "iops_stddev": 0.000000,
        "iops_samples": 0
      },
      "sync": {
        "total_ios": 0,
        "lat_ns": {
          "min": 0,
          "max": 0,
          "mean": 0.000000,
          "stddev": 0.000000,
          "N": 0
        }
      },
      "job_runtime": 5211,
      "usr_cpu": 0.268662,
      "sys_cpu": 11.034350,
      "ctx": 8342,
      "majf": 0,
      "minf": 269,
      "iodepth_level": {
        "1": 100.000000,
        "2": 0.000000,
        "4": 0.000000,
        "8": 0.000000,
        "16": 0.000000,
        "32": 0.000000,
        ">=64": 0.000000
      },
      "iodepth_submit": {
        "0": 0.000000,
        "4": 100.000000,
        "8": 0.000000,
        "16": 0.000000,
        "32": 0.000000,
        "64": 0.000000,
        ">=64": 0.000000
      },
      "iodepth_complete": {
        "0": 0.000000,
        "4": 100.000000,
        "8": 0.000000,
        "16": 0.000000,
        "32": 0.000000,
        "64": 0.000000,
        ">=64": 0.000000
      },
      "latency_ns": {
        "2": 0.000000,
        "4": 0.000000,
        "10": 0.000000,
        "20": 0.000000,
        "50": 0.000000,
        "100": 0.000000,
        "250": 0.000000,
        "500": 0.000000,
        "750": 0.000000,
        "1000": 0.000000
      },
      "latency_us": {
        "2": 0.000000,
        "4": 0.000000,
        "10": 0.000000,
        "20": 0.000000,
        "50": 0.000000,
        "100": 0.000000,
        "250": 0.000000,
        "500": 44.592285,
        "750": 52.038574,
        "1000": 1.220703
      },
      "latency_ms": {
        "2": 1.049805,
        "4": 0.769043,
        "10": 0.329590,
        "20": 0.000000,
        "50": 0.000000,
        "100": 0.000000,
        "250": 0.000000,
        "500": 0.000000,
        "750": 0.000000,
        "1000": 0.000000,
        "2000": 0.000000,
        ">=2000": 0.000000
      },
      "latency_depth": 1,
      "latency_target": 0,
      "latency_percentile": 100.000000,
      "latency_window": 0
    }
  ],
  "disk_util": [
    {
      "name": "dm-1",
      "read_ios": 24118,
      "write_ios": 1085,
      "read_sectors": 16540280,
      "write_sectors": 35888,
      "read_merges": 0,
      "write_merges": 0,
      "read_ticks": 11719,
      "write_ticks": 888,
      "in_queue": 12607,
      "util": 95.193591,
      "aggr_read_ios": 73550,
      "aggr_write_ios": 1145,
      "aggr_read_sectors": 16778112,
      "aggr_write_sectors": 35888,
      "aggr_read_merges": 0,
      "aggr_write_merge": 0,
      "aggr_read_ticks": 31735,
      "aggr_write_ticks": 1060,
      "aggr_in_queue": 32795,
      "aggr_util": 94.477724
    },
    {
      "name": "dm-0",
      "read_ios": 73550,
      "write_ios": 1145,
      "read_sectors": 16778112,
      "write_sectors": 35888,
      "read_merges": 0,
      "write_merges": 0,
      "read_ticks": 31735,
      "write_ticks": 1060,
      "in_queue": 32795,
      "util": 94.477724,
      "aggr_read_ios": 73548,
      "aggr_write_ios": 694,
      "aggr_read_sectors": 16778112,
      "aggr_write_sectors": 35888,
      "aggr_read_merges": 2,
      "aggr_write_merge": 451,
      "aggr_read_ticks": 29778,
      "aggr_write_ticks": 1035,
      "aggr_in_queue": 30908,
      "aggr_util": 82.572070
    },
    {
      "name": "nvme0n1",
      "read_ios": 73548,
      "write_ios": 694,
      "read_sectors": 16778112,
      "write_sectors": 35888,
      "read_merges": 2,
      "write_merges": 451,
      "read_ticks": 29778,
      "write_ticks": 1035,
      "in_queue": 30908,
      "util": 82.572070
    }
  ]
}
