{
  "fio version" : "fio-3.36",
  "timestamp" : 1783509082,
  "timestamp_ms" : 1783509082351,
  "time" : "Wed Jul  8 13:11:22 2026",
  "jobs" : [
    {
      "jobname" : "sweep",
      "groupid" : 0,
      "job_start" : 1783509080074,
      "error" : 0,
      "eta" : 0,
      "elapsed" : 3,
      "job options" : {
        "name" : "sweep",
        "filename" : "./fio-testfile",
        "rw" : "read",
        "ioengine" : "libaio",
        "iodepth" : "8",
        "bs" : "1M",
        "direct" : "1"
      },
      "read" : {
        "io_bytes" : 8589934592,
        "io_kbytes" : 8388608,
        "bw_bytes" : 3841652322,
        "bw" : 3751613,
        "iops" : 3663.685152,
        "runtime" : 2236,
        "total_ios" : 8192,
        "short_ios" : 0,
        "drop_ios" : 0,
        "slat_ns" : {
          "min" : 52669,
          "max" : 9347556,
          "mean" : 96382.930054,
          "stddev" : 259566.742910,
          "N" : 8192
        },
        "clat_ns" : {
          "min" : 407415,
          "max" : 11024694,
          "mean" : 2084111.518433,
          "stddev" : 788206.867015,
          "N" : 8192,
          "percentile" : {
            "1.000000" : 552960,
            "5.000000" : 1171456,
            "10.000000" : 1564672,
            "20.000000" : 1728512,
            "30.000000" : 1794048,
            "40.000000" : 1859584,
            "50.000000" : 1925120,
            "60.000000" : 2007040,
            "70.000000" : 2113536,
            "80.000000" : 2310144,
            "90.000000" : 2965504,
            "95.000000" : 3391488,
            "99.000000" : 5144576,
            "99.500000" : 6389760,
            "99.900000" : 8454144,
            "99.950000" : 10551296,
            "99.990000" : 11075584
          }
        },
        "lat_ns" : {
          "min" : 521440,
          "max" : 11092452,
          "mean" : 2180494.448486,
          "stddev" : 786041.817025,
          "N" : 8192
        },
        "bw_min" : 3536896,
        "bw_max" : 3936256,
        "bw_agg" : 99.053271,
        "bw_mean" : 3716096.000000,
        "bw_dev" : 168272.832935,
        "bw_samples" : 4,
        "iops_min" : 3454,
        "iops_max" : 3844,
        "iops_mean" : 3629.000000,
        "iops_stddev" : 164.328938,
        "iops_samples" : 4
      },
      "write" : {
        "io_bytes" : 0,
        "io_kbytes" : 0,
        "bw_bytes" : 0,
        "bw" : 0,
        "iops" : 0.000000,
        "runtime" : 0,
        "total_ios" : 0,
        "short_ios" : 0,
        "drop_ios" : 0,
        "slat_ns" : {
          "min" : 0,
          "max" : 0,
          "mean" : 0.000000,
          "stddev" : 0.000000,
          "N" : 0
        },
        "clat_ns" : {
          "min" : 0,
          "max" : 0,
          "mean" : 0.000000,
          "stddev" : 0.000000,
          "N" : 0
        },
        "lat_ns" : {
          "min" : 0,
          "max" : 0,
          "mean" : 0.000000,
          "stddev" : 0.000000,
          "N" : 0
        },
        "bw_min" : 0,
        "bw_max" : 0,
        "bw_agg" : 0.000000,
        "bw_mean" : 0.000000,
        "bw_dev" : 0.000000,
        "bw_samples" : 0,
        "iops_min" : 0,
        "iops_max" : 0,
        "iops_mean" : 0.000000,
        "iops_stddev" : 0.000000,
        "iops_samples" : 0
      },
      "trim" : {
        "io_bytes" : 0,
        "io_kbytes" : 0,
        "bw_bytes" : 0,
        "bw" : 0,
        "iops" : 0.000000,
        "runtime" : 0,
        "total_ios" : 0,
        "short_ios" : 0,
        "drop_ios" : 0,
        "slat_ns" : {
          "min" : 0,
          "max" : 0,
          "mean" : 0.000000,
          "stddev" : 0.000000,
          "N" : 0
        },
        "clat_ns" : {
          "min" : 0,
          "max" : 0,
          "mean" : 0.000000,
          "stddev" : 0.000000,
          "N" : 0
        },
        "lat_ns" : {
          "min" : 0,
          "max" : 0,
          "mean" : 0.000000,
          "stddev" : 0.000000,
          "N" : 0
        },
        "bw_min" : 0,
        "bw_max" : 0,
        "bw_agg" : 0.000000,
        "bw_mean" : 0.000000,
        "bw_dev" : 0.000000,
        "bw_samples" : 0,
        "iops_min" : 0,
        "iops_max" : 0,
        "iops_mean" : 0.000000,
        "iops_stddev" : 0.000000,
        "iops_samples" : 0
      },
      "sync" : {
        "total_ios" : 0,
        "lat_ns" : {
          "min" : 0,
          "max" : 0,
          "mean" : 0.000000,
          "stddev" : 0.000000,
          "N" : 0
        }
      },
      "job_runtime" : 2235,
      "usr_cpu" : 0.492170,
      "sys_cpu" : 27.382550,
      "ctx" : 7159,
      "majf" : 0,
      "minf" : 2061,
      "iodepth_level" : {
        "1" : 0.100000,
        "2" : 0.100000,
        "4" : 0.100000,
        "8" : 99.914551,
        "16" : 0.000000,
        "32" : 0.000000,
        ">=64" : 0.000000
      },
      "iodepth_submit" : {
        "0" : 0.000000,
        "4" : 100.000000,
        "8" : 0.000000,
        "16" : 0.000000,
        "32" : 0.000000,
        "64" : 0.000000,
        ">=64" : 0.000000
      },
      "iodepth_complete" : {
        "0" : 0.000000,
        "4" : 99.987784,
        "8" : 0.100000,
        "16" : 0.000000,
        "32" : 0.000000,
        "64" : 0.000000,
        ">=64" : 0.000000
      },
      "latency_ns" : {
        "2" : 0.000000,
        "4" : 0.000000,
        "10" : 0.000000,
        "20" : 0.000000,
        "50" : 0.000000,
        "100" : 0.000000,
        "250" : 0.000000,
        "500" : 0.000000,
        "750" : 0.000000,
        "1000" : 0.000000
      },
      "latency_us" : {
        "2" : 0.000000,
        "4" : 0.000000,
        "10" : 0.000000,
        "20" : 0.000000,
        "50" : 0.000000,
        "100" : 0.000000,
        "250" : 0.000000,
        "500" : 0.500488,
        "750" : 1.855469,
        "1000" : 1.574707
      },
      "latency_ms" : {
        "2" : 55.676270,
        "4" : 38.110352,
        "10" : 2.209473,
        "20" : 0.073242,
        "50" : 0.000000,
        "100" : 0.000000,
        "250" : 0.000000,
        "500" : 0.000000,
        "750" : 0.000000,
        "1000" : 0.000000,
        "2000" : 0.000000,
        ">=2000" : 0.000000
      },
      "latency_depth" : 8,
      "latency_target" : 0,
      "latency_percentile" : 100.000000,
      "latency_window" : 0
    }
  ],
  "disk_util" : [
    {
      "name" : "dm-1",
      "read_ios" : 26137,
      "write_ios" : 586,
      "read_sectors" : 16053488,
      "write_sectors" : 89016,
      "read_merges" : 0,
      "write_merges" : 0,
      "read_ticks" : 48893,
      "write_ticks" : 1031,
      "in_queue" : 49924,
      "util" : 96.033868,
      "aggr_read_ios" : 76525,
      "aggr_write_ios" : 885,
      "aggr_read_sectors" : 16827280,
      "aggr_write_sectors" : 89256,
      "aggr_read_merges" : 0,
      "aggr_write_merge" : 0,
      "aggr_read_ticks" : 139140,
      "aggr_write_ticks" : 2283,
      "aggr_in_queue" : 141423,
      "aggr_util" : 94.694737
    },
    {
      "name" : "dm-0",
      "read_ios" : 76525,
      "write_ios" : 885,
      "read_sectors" : 16827280,
      "write_sectors" : 89256,
      "read_merges" : 0,
      "write_merges" : 0,
      "read_ticks" : 139140,
      "write_ticks" : 2283,
      "in_queue" : 141423,
      "util" : 94.694737,
      "aggr_read_ios" : 74725,
      "aggr_write_ios" : 669,
      "aggr_read_sectors" : 16827280,
      "aggr_write_sectors" : 89256,
      "aggr_read_merges" : 1800,
      "aggr_write_merge" : 216,
      "aggr_read_ticks" : 133378,
      "aggr_write_ticks" : 2245,
      "aggr_in_queue" : 135726,
      "aggr_util" : 75.957895
    },
    {
      "name" : "nvme0n1",
      "read_ios" : 74725,
      "write_ios" : 669,
      "read_sectors" : 16827280,
      "write_sectors" : 89256,
      "read_merges" : 1800,
      "write_merges" : 216,
      "read_ticks" : 133378,
      "write_ticks" : 2245,
      "in_queue" : 135726,
      "util" : 75.957895
    }
  ]
}
