{
  "fio version" : "fio-3.41",
  "timestamp" : 1783610349,
  "timestamp_ms" : 1783610349533,
  "time" : "Thu Jul  9 17:19:09 2026",
  "jobs" : [
    {
      "jobname" : "sweep",
      "groupid" : 0,
      "job_start" : 1783610324136,
      "error" : 0,
      "eta" : 0,
      "elapsed" : 26,
      "job options" : {
        "name" : "sweep",
        "filename" : "./fio-testfile",
        "rw" : "read",
        "ioengine" : "libaio",
        "iodepth" : "8",
        "bs" : "256k",
        "direct" : "1",
        "group_reporting" : ""
      },
      "read" : {
        "io_bytes" : 107374182400,
        "io_kbytes" : 104857600,
        "bw_bytes" : 4264772705,
        "bw" : 4164817,
        "iops" : 16268.816777,
        "runtime" : 25177,
        "total_ios" : 409600,
        "short_ios" : 0,
        "drop_ios" : 0,
        "slat_ns" : {
          "min" : 19367,
          "max" : 1121597,
          "mean" : 57722.567576,
          "stddev" : 15167.520568,
          "N" : 409600
        },
        "clat_ns" : {
          "min" : 174454,
          "max" : 3853363,
          "mean" : 433407.488206,
          "stddev" : 93965.109357,
          "N" : 409600,
          "percentile" : {
            "1.000000" : 264192,
            "5.000000" : 288768,
            "10.000000" : 309248,
            "20.000000" : 354304,
            "30.000000" : 403456,
            "40.000000" : 428032,
            "50.000000" : 444416,
            "60.000000" : 456704,
            "70.000000" : 473088,
            "80.000000" : 489472,
            "90.000000" : 509952,
            "95.000000" : 536576,
            "99.000000" : 724992,
            "99.500000" : 839680,
            "99.900000" : 1138688,
            "99.950000" : 1368064,
            "99.990000" : 2179072
          }
        },
        "lat_ns" : {
          "min" : 227134,
          "max" : 3927311,
          "mean" : 491130.055781,
          "stddev" : 102413.093642,
          "N" : 409600
        },
        "bw_min" : 3646464,
        "bw_max" : 4688896,
        "bw_agg" : 100.000000,
        "bw_mean" : 4165964.200000,
        "bw_dev" : 250680.137023,
        "bw_samples" : 50,
        "iops_min" : 14244,
        "iops_max" : 18316,
        "iops_mean" : 16273.280000,
        "iops_stddev" : 979.214076,
        "iops_samples" : 50
      },
      "write" : {
        "io_bytes" : 0,
        "io_kbytes" : 0,
        "bw_bytes" : 0,
        "bw" : 0,
        "iops" : 0.000000,
        "runtime" : 0,
        "total_ios" : 0,
        "short_ios" : 0,
        "drop_ios" : 0,
        "slat_ns" : {
          "min" : 0,
          "max" : 0,
          "mean" : 0.000000,
          "stddev" : 0.000000,
          "N" : 0
        },
        "clat_ns" : {
          "min" : 0,
          "max" : 0,
          "mean" : 0.000000,
          "stddev" : 0.000000,
          "N" : 0
        },
        "lat_ns" : {
          "min" : 0,
          "max" : 0,
          "mean" : 0.000000,
          "stddev" : 0.000000,
          "N" : 0
        },
        "bw_min" : 0,
        "bw_max" : 0,
        "bw_agg" : 0.000000,
        "bw_mean" : 0.000000,
        "bw_dev" : 0.000000,
        "bw_samples" : 0,
        "iops_min" : 0,
        "iops_max" : 0,
        "iops_mean" : 0.000000,
        "iops_stddev" : 0.000000,
        "iops_samples" : 0
      },
      "trim" : {
        "io_bytes" : 0,
        "io_kbytes" : 0,
        "bw_bytes" : 0,
        "bw" : 0,
        "iops" : 0.000000,
        "runtime" : 0,
        "total_ios" : 0,
        "short_ios" : 0,
        "drop_ios" : 0,
        "slat_ns" : {
          "min" : 0,
          "max" : 0,
          "mean" : 0.000000,
          "stddev" : 0.000000,
          "N" : 0
        },
        "clat_ns" : {
          "min" : 0,
          "max" : 0,
          "mean" : 0.000000,
          "stddev" : 0.000000,
          "N" : 0
        },
        "lat_ns" : {
          "min" : 0,
          "max" : 0,
          "mean" : 0.000000,
          "stddev" : 0.000000,
          "N" : 0
        },
        "bw_min" : 0,
        "bw_max" : 0,
        "bw_agg" : 0.000000,
        "bw_mean" : 0.000000,
        "bw_dev" : 0.000000,
        "bw_samples" : 0,
        "iops_min" : 0,
        "iops_max" : 0,
        "iops_mean" : 0.000000,
        "iops_stddev" : 0.000000,
        "iops_samples" : 0
      },
      "sync" : {
        "total_ios" : 0,
        "lat_ns" : {
          "min" : 0,
          "max" : 0,
          "mean" : 0.000000,
          "stddev" : 0.000000,
          "N" : 0
        }
      },
      "job_runtime" : 25176,
      "usr_cpu" : 2.291865,
      "sys_cpu" : 94.653638,
      "ctx" : 20019,
      "majf" : 0,
      "minf" : 524,
      "iodepth_level" : {
        "1" : 0.100000,
        "2" : 0.100000,
        "4" : 0.100000,
        "8" : 99.998291,
        "16" : 0.000000,
        "32" : 0.000000,
        ">=64" : 0.000000
      },
      "iodepth_submit" : {
        "0" : 0.000000,
        "4" : 100.000000,
        "8" : 0.000000,
        "16" : 0.000000,
        "32" : 0.000000,
        "64" : 0.000000,
        ">=64" : 0.000000
      },
      "iodepth_complete" : {
        "0" : 0.000000,
        "4" : 99.999756,
        "8" : 0.100000,
        "16" : 0.000000,
        "32" : 0.000000,
        "64" : 0.000000,
        ">=64" : 0.000000
      },
      "latency_ns" : {
        "2" : 0.000000,
        "4" : 0.000000,
        "10" : 0.000000,
        "20" : 0.000000,
        "50" : 0.000000,
        "100" : 0.000000,
        "250" : 0.000000,
        "500" : 0.000000,
        "750" : 0.000000,
        "1000" : 0.000000
      },
      "latency_us" : {
        "2" : 0.000000,
        "4" : 0.000000,
        "10" : 0.000000,
        "20" : 0.000000,
        "50" : 0.000000,
        "100" : 0.000000,
        "250" : 0.363525,
        "500" : 85.705811,
        "750" : 13.080078,
        "1000" : 0.660156
      },
      "latency_ms" : {
        "2" : 0.174316,
        "4" : 0.016113,
        "10" : 0.000000,
        "20" : 0.000000,
        "50" : 0.000000,
        "100" : 0.000000,
        "250" : 0.000000,
        "500" : 0.000000,
        "750" : 0.000000,
        "1000" : 0.000000,
        "2000" : 0.000000,
        ">=2000" : 0.000000
      },
      "latency_depth" : 8,
      "latency_target" : 0,
      "latency_percentile" : 100.000000,
      "latency_window" : 0
    }
  ],
  "disk_util" : [
    {
      "name" : "dm-1",
      "read_ios" : 417470,
      "write_ios" : 2436,
      "read_sectors" : 209734456,
      "write_sectors" : 27608,
      "read_merges" : 0,
      "write_merges" : 0,
      "read_ticks" : 147728,
      "write_ticks" : 372,
      "in_queue" : 148100,
      "util" : 99.686794,
      "aggr_read_ios" : 827561,
      "aggr_write_ios" : 2594,
      "aggr_read_sectors" : 209985848,
      "aggr_write_sectors" : 27608,
      "aggr_read_merges" : 0,
      "aggr_write_merge" : 0,
      "aggr_read_ticks" : 273752,
      "aggr_write_ticks" : 363,
      "aggr_in_queue" : 274115,
      "aggr_util" : 99.521626
    },
    {
      "name" : "dm-0",
      "read_ios" : 827561,
      "write_ios" : 2594,
      "read_sectors" : 209985848,
      "write_sectors" : 27608,
      "read_merges" : 0,
      "write_merges" : 0,
      "read_ticks" : 273752,
      "write_ticks" : 363,
      "in_queue" : 274115,
      "util" : 99.521626,
      "aggr_read_ios" : 823939,
      "aggr_write_ios" : 1430,
      "aggr_read_sectors" : 209985848,
      "aggr_write_sectors" : 27608,
      "aggr_read_merges" : 3622,
      "aggr_write_merge" : 1164,
      "aggr_read_ticks" : 174093,
      "aggr_write_ticks" : 153,
      "aggr_in_queue" : 174308,
      "aggr_util" : 73.479877
    },
    {
      "name" : "nvme0n1",
      "read_ios" : 823939,
      "write_ios" : 1430,
      "read_sectors" : 209985848,
      "write_sectors" : 27608,
      "read_merges" : 3622,
      "write_merges" : 1164,
      "read_ticks" : 174093,
      "write_ticks" : 153,
      "in_queue" : 174308,
      "util" : 73.479877
    }
  ]
}
