{
  "fio version" : "fio-3.36",
  "timestamp" : 1783509104,
  "timestamp_ms" : 1783509104100,
  "time" : "Wed Jul  8 13:11:44 2026",
  "jobs" : [
    {
      "jobname" : "sweep",
      "groupid" : 0,
      "job_start" : 1783509100124,
      "error" : 0,
      "eta" : 0,
      "elapsed" : 5,
      "job options" : {
        "name" : "sweep",
        "filename" : "./fio-testfile",
        "rw" : "read",
        "ioengine" : "libaio",
        "iodepth" : "1",
        "bs" : "4M",
        "direct" : "1"
      },
      "read" : {
        "io_bytes" : 8589934592,
        "io_kbytes" : 8388608,
        "bw_bytes" : 2181847750,
        "bw" : 2130710,
        "iops" : 520.193040,
        "runtime" : 3937,
        "total_ios" : 2048,
        "short_ios" : 0,
        "drop_ios" : 0,
        "slat_ns" : {
          "min" : 204313,
          "max" : 10778312,
          "mean" : 319986.376953,
          "stddev" : 408471.350972,
          "N" : 2048
        },
        "clat_ns" : {
          "min" : 193323,
          "max" : 10358567,
          "mean" : 1601124.127930,
          "stddev" : 969346.136679,
          "N" : 2048,
          "percentile" : {
            "1.000000" : 350208,
            "5.000000" : 1028096,
            "10.000000" : 1089536,
            "20.000000" : 1171456,
            "30.000000" : 1236992,
            "40.000000" : 1302528,
            "50.000000" : 1368064,
            "60.000000" : 1449984,
            "70.000000" : 1531904,
            "80.000000" : 1662976,
            "90.000000" : 2342912,
            "95.000000" : 3391488,
            "99.000000" : 6389760,
            "99.500000" : 7962624,
            "99.900000" : 9502720,
            "99.950000" : 10027008,
            "99.990000" : 10420224
          }
        },
        "lat_ns" : {
          "min" : 1226086,
          "max" : 13183045,
          "mean" : 1921110.504883,
          "stddev" : 1007844.840017,
          "N" : 2048
        },
        "bw_min" : 1916928,
        "bw_max" : 2334720,
        "bw_agg" : 99.853021,
        "bw_mean" : 2127579.428571,
        "bw_dev" : 170051.548254,
        "bw_samples" : 7,
        "iops_min" : 468,
        "iops_max" : 570,
        "iops_mean" : 519.428571,
        "iops_stddev" : 41.516491,
        "iops_samples" : 7
      },
      "write" : {
        "io_bytes" : 0,
        "io_kbytes" : 0,
        "bw_bytes" : 0,
        "bw" : 0,
        "iops" : 0.000000,
        "runtime" : 0,
        "total_ios" : 0,
        "short_ios" : 0,
        "drop_ios" : 0,
        "slat_ns" : {
          "min" : 0,
          "max" : 0,
          "mean" : 0.000000,
          "stddev" : 0.000000,
          "N" : 0
        },
        "clat_ns" : {
          "min" : 0,
          "max" : 0,
          "mean" : 0.000000,
          "stddev" : 0.000000,
          "N" : 0
        },
        "lat_ns" : {
          "min" : 0,
          "max" : 0,
          "mean" : 0.000000,
          "stddev" : 0.000000,
          "N" : 0
        },
        "bw_min" : 0,
        "bw_max" : 0,
        "bw_agg" : 0.000000,
        "bw_mean" : 0.000000,
        "bw_dev" : 0.000000,
        "bw_samples" : 0,
        "iops_min" : 0,
        "iops_max" : 0,
        "iops_mean" : 0.000000,
        "iops_stddev" : 0.000000,
        "iops_samples" : 0
      },
      "trim" : {
        "io_bytes" : 0,
        "io_kbytes" : 0,
        "bw_bytes" : 0,
        "bw" : 0,
        "iops" : 0.000000,
        "runtime" : 0,
        "total_ios" : 0,
        "short_ios" : 0,
        "drop_ios" : 0,
        "slat_ns" : {
          "min" : 0,
          "max" : 0,
          "mean" : 0.000000,
          "stddev" : 0.000000,
          "N" : 0
        },
        "clat_ns" : {
          "min" : 0,
          "max" : 0,
          "mean" : 0.000000,
          "stddev" : 0.000000,
          "N" : 0
        },
        "lat_ns" : {
          "min" : 0,
          "max" : 0,
          "mean" : 0.000000,
          "stddev" : 0.000000,
          "N" : 0
        },
        "bw_min" : 0,
        "bw_max" : 0,
        "bw_agg" : 0.000000,
        "bw_mean" : 0.000000,
        "bw_dev" : 0.000000,
        "bw_samples" : 0,
        "iops_min" : 0,
        "iops_max" : 0,
        "iops_mean" : 0.000000,
        "iops_stddev" : 0.000000,
        "iops_samples" : 0
      },
      "sync" : {
        "total_ios" : 0,
        "lat_ns" : {
          "min" : 0,
          "max" : 0,
          "mean" : 0.000000,
          "stddev" : 0.000000,
          "N" : 0
        }
      },
      "job_runtime" : 3936,
      "usr_cpu" : 0.228659,
      "sys_cpu" : 13.414634,
      "ctx" : 2278,
      "majf" : 0,
      "minf" : 1036,
      "iodepth_level" : {
        "1" : 100.000000,
        "2" : 0.000000,
        "4" : 0.000000,
        "8" : 0.000000,
        "16" : 0.000000,
        "32" : 0.000000,
        ">=64" : 0.000000
      },
      "iodepth_submit" : {
        "0" : 0.000000,
        "4" : 100.000000,
        "8" : 0.000000,
        "16" : 0.000000,
        "32" : 0.000000,
        "64" : 0.000000,
        ">=64" : 0.000000
      },
      "iodepth_complete" : {
        "0" : 0.000000,
        "4" : 100.000000,
        "8" : 0.000000,
        "16" : 0.000000,
        "32" : 0.000000,
        "64" : 0.000000,
        ">=64" : 0.000000
      },
      "latency_ns" : {
        "2" : 0.000000,
        "4" : 0.000000,
        "10" : 0.000000,
        "20" : 0.000000,
        "50" : 0.000000,
        "100" : 0.000000,
        "250" : 0.000000,
        "500" : 0.000000,
        "750" : 0.000000,
        "1000" : 0.000000
      },
      "latency_us" : {
        "2" : 0.000000,
        "4" : 0.000000,
        "10" : 0.000000,
        "20" : 0.000000,
        "50" : 0.000000,
        "100" : 0.000000,
        "250" : 0.341797,
        "500" : 1.562500,
        "750" : 0.927734,
        "1000" : 1.025391
      },
      "latency_ms" : {
        "2" : 84.667969,
        "4" : 8.203125,
        "10" : 3.173828,
        "20" : 0.097656,
        "50" : 0.000000,
        "100" : 0.000000,
        "250" : 0.000000,
        "500" : 0.000000,
        "750" : 0.000000,
        "1000" : 0.000000,
        "2000" : 0.000000,
        ">=2000" : 0.000000
      },
      "latency_depth" : 1,
      "latency_target" : 0,
      "latency_percentile" : 100.000000,
      "latency_window" : 0
    }
  ],
  "disk_util" : [
    {
      "name" : "dm-1",
      "read_ios" : 34886,
      "write_ios" : 2422,
      "read_sectors" : 16724464,
      "write_sectors" : 313928,
      "read_merges" : 0,
      "write_merges" : 0,
      "read_ticks" : 35962,
      "write_ticks" : 4639,
      "in_queue" : 40601,
      "util" : 97.971450,
      "aggr_read_ios" : 85703,
      "aggr_write_ios" : 3391,
      "aggr_read_sectors" : 16932088,
      "aggr_write_sectors" : 313928,
      "aggr_read_merges" : 0,
      "aggr_write_merge" : 0,
      "aggr_read_ticks" : 83090,
      "aggr_write_ticks" : 7064,
      "aggr_in_queue" : 90154,
      "aggr_util" : 97.668712
    },
    {
      "name" : "dm-0",
      "read_ios" : 85703,
      "write_ios" : 3391,
      "read_sectors" : 16932088,
      "write_sectors" : 313928,
      "read_merges" : 0,
      "write_merges" : 0,
      "read_ticks" : 83090,
      "write_ticks" : 7064,
      "in_queue" : 90154,
      "util" : 97.668712,
      "aggr_read_ios" : 76316,
      "aggr_write_ios" : 2624,
      "aggr_read_sectors" : 16932088,
      "aggr_write_sectors" : 313928,
      "aggr_read_merges" : 9387,
      "aggr_write_merge" : 767,
      "aggr_read_ticks" : 76608,
      "aggr_write_ticks" : 6729,
      "aggr_in_queue" : 83613,
      "aggr_util" : 85.521472
    },
    {
      "name" : "nvme0n1",
      "read_ios" : 76316,
      "write_ios" : 2624,
      "read_sectors" : 16932088,
      "write_sectors" : 313928,
      "read_merges" : 9387,
      "write_merges" : 767,
      "read_ticks" : 76608,
      "write_ticks" : 6729,
      "in_queue" : 83613,
      "util" : 85.521472
    }
  ]
}
