{
  "fio version" : "fio-3.36",
  "timestamp" : 1783086612,
  "timestamp_ms" : 1783086612692,
  "time" : "Fri Jul  3 15:50:12 2026",
  "jobs" : [
    {
      "jobname" : "sweep",
      "groupid" : 0,
      "job_start" : 1783086602642,
      "error" : 0,
      "eta" : 0,
      "elapsed" : 11,
      "job options" : {
        "name" : "sweep",
        "filename" : "./fio-testfile",
        "rw" : "read",
        "ioengine" : "libaio",
        "iodepth" : "16",
        "bs" : "4M",
        "direct" : "1",
        "runtime" : "10s",
        "loops" : "1000"
      },
      "read" : {
        "io_bytes" : 45206208512,
        "io_kbytes" : 44146688,
        "bw_bytes" : 4514300830,
        "bw" : 4408496,
        "iops" : 1076.293190,
        "runtime" : 10014,
        "total_ios" : 10778,
        "short_ios" : 0,
        "drop_ios" : 0,
        "slat_ns" : {
          "min" : 174038,
          "max" : 2577555,
          "mean" : 284903.916497,
          "stddev" : 79468.009490,
          "N" : 10778
        },
        "clat_ns" : {
          "min" : 2822772,
          "max" : 45292656,
          "mean" : 14561292.725366,
          "stddev" : 7237111.499048,
          "N" : 10778,
          "percentile" : {
            "1.000000" : 3358720,
            "5.000000" : 4554752,
            "10.000000" : 5865472,
            "20.000000" : 8159232,
            "30.000000" : 9895936,
            "40.000000" : 11730944,
            "50.000000" : 13565952,
            "60.000000" : 15400960,
            "70.000000" : 17694720,
            "80.000000" : 20316160,
            "90.000000" : 24772608,
            "95.000000" : 28180480,
            "99.000000" : 34865152,
            "99.500000" : 36962304,
            "99.900000" : 40632320,
            "99.950000" : 41680896,
            "99.990000" : 42729472
          }
        },
        "lat_ns" : {
          "min" : 3064559,
          "max" : 45610062,
          "mean" : 14846196.641863,
          "stddev" : 7234500.134347,
          "N" : 10778
        },
        "bw_min" : 4300800,
        "bw_max" : 4464640,
        "bw_agg" : 100.000000,
        "bw_mean" : 4408524.800000,
        "bw_dev" : 45979.406458,
        "bw_samples" : 20,
        "iops_min" : 1050,
        "iops_max" : 1090,
        "iops_mean" : 1076.300000,
        "iops_stddev" : 11.225441,
        "iops_samples" : 20
      },
      "write" : {
        "io_bytes" : 0,
        "io_kbytes" : 0,
        "bw_bytes" : 0,
        "bw" : 0,
        "iops" : 0.000000,
        "runtime" : 0,
        "total_ios" : 0,
        "short_ios" : 0,
        "drop_ios" : 0,
        "slat_ns" : {
          "min" : 0,
          "max" : 0,
          "mean" : 0.000000,
          "stddev" : 0.000000,
          "N" : 0
        },
        "clat_ns" : {
          "min" : 0,
          "max" : 0,
          "mean" : 0.000000,
          "stddev" : 0.000000,
          "N" : 0
        },
        "lat_ns" : {
          "min" : 0,
          "max" : 0,
          "mean" : 0.000000,
          "stddev" : 0.000000,
          "N" : 0
        },
        "bw_min" : 0,
        "bw_max" : 0,
        "bw_agg" : 0.000000,
        "bw_mean" : 0.000000,
        "bw_dev" : 0.000000,
        "bw_samples" : 0,
        "iops_min" : 0,
        "iops_max" : 0,
        "iops_mean" : 0.000000,
        "iops_stddev" : 0.000000,
        "iops_samples" : 0
      },
      "trim" : {
        "io_bytes" : 0,
        "io_kbytes" : 0,
        "bw_bytes" : 0,
        "bw" : 0,
        "iops" : 0.000000,
        "runtime" : 0,
        "total_ios" : 0,
        "short_ios" : 0,
        "drop_ios" : 0,
        "slat_ns" : {
          "min" : 0,
          "max" : 0,
          "mean" : 0.000000,
          "stddev" : 0.000000,
          "N" : 0
        },
        "clat_ns" : {
          "min" : 0,
          "max" : 0,
          "mean" : 0.000000,
          "stddev" : 0.000000,
          "N" : 0
        },
        "lat_ns" : {
          "min" : 0,
          "max" : 0,
          "mean" : 0.000000,
          "stddev" : 0.000000,
          "N" : 0
        },
        "bw_min" : 0,
        "bw_max" : 0,
        "bw_agg" : 0.000000,
        "bw_mean" : 0.000000,
        "bw_dev" : 0.000000,
        "bw_samples" : 0,
        "iops_min" : 0,
        "iops_max" : 0,
        "iops_mean" : 0.000000,
        "iops_stddev" : 0.000000,
        "iops_samples" : 0
      },
      "sync" : {
        "total_ios" : 0,
        "lat_ns" : {
          "min" : 0,
          "max" : 0,
          "mean" : 0.000000,
          "stddev" : 0.000000,
          "N" : 0
        }
      },
      "job_runtime" : 10013,
      "usr_cpu" : 0.299611,
      "sys_cpu" : 30.530311,
      "ctx" : 11130,
      "majf" : 0,
      "minf" : 16395,
      "iodepth_level" : {
        "1" : 0.100000,
        "2" : 0.100000,
        "4" : 0.100000,
        "8" : 0.100000,
        "16" : 99.860828,
        "32" : 0.000000,
        ">=64" : 0.000000
      },
      "iodepth_submit" : {
        "0" : 0.000000,
        "4" : 100.000000,
        "8" : 0.000000,
        "16" : 0.000000,
        "32" : 0.000000,
        "64" : 0.000000,
        ">=64" : 0.000000
      },
      "iodepth_complete" : {
        "0" : 0.000000,
        "4" : 99.990710,
        "8" : 0.000000,
        "16" : 0.100000,
        "32" : 0.000000,
        "64" : 0.000000,
        ">=64" : 0.000000
      },
      "latency_ns" : {
        "2" : 0.000000,
        "4" : 0.000000,
        "10" : 0.000000,
        "20" : 0.000000,
        "50" : 0.000000,
        "100" : 0.000000,
        "250" : 0.000000,
        "500" : 0.000000,
        "750" : 0.000000,
        "1000" : 0.000000
      },
      "latency_us" : {
        "2" : 0.000000,
        "4" : 0.000000,
        "10" : 0.000000,
        "20" : 0.000000,
        "50" : 0.000000,
        "100" : 0.000000,
        "250" : 0.000000,
        "500" : 0.000000,
        "750" : 0.000000,
        "1000" : 0.000000
      },
      "latency_ms" : {
        "2" : 0.000000,
        "4" : 2.876229,
        "10" : 27.843756,
        "20" : 47.949527,
        "50" : 21.330488,
        "100" : 0.000000,
        "250" : 0.000000,
        "500" : 0.000000,
        "750" : 0.000000,
        "1000" : 0.000000,
        "2000" : 0.000000,
        ">=2000" : 0.000000
      },
      "latency_depth" : 16,
      "latency_target" : 0,
      "latency_percentile" : 100.000000,
      "latency_window" : 0
    }
  ],
  "disk_util" : [
    {
      "name" : "dm-1",
      "read_ios" : 103809,
      "write_ios" : 1710,
      "read_sectors" : 87272752,
      "write_sectors" : 19112,
      "read_merges" : 0,
      "write_merges" : 0,
      "read_ticks" : 1391512,
      "write_ticks" : 172573,
      "in_queue" : 1564085,
      "util" : 99.039135,
      "aggr_read_ios" : 371450,
      "aggr_write_ios" : 2284,
      "aggr_read_sectors" : 88295912,
      "aggr_write_sectors" : 23680,
      "aggr_read_merges" : 0,
      "aggr_write_merge" : 0,
      "aggr_read_ticks" : 4836233,
      "aggr_write_ticks" : 215955,
      "aggr_in_queue" : 5052188,
      "aggr_util" : 98.827008
    },
    {
      "name" : "dm-0",
      "read_ios" : 371450,
      "write_ios" : 2284,
      "read_sectors" : 88295912,
      "write_sectors" : 23680,
      "read_merges" : 0,
      "write_merges" : 0,
      "read_ticks" : 4836233,
      "write_ticks" : 215955,
      "in_queue" : 5052188,
      "util" : 98.827008,
      "aggr_read_ios" : 371387,
      "aggr_write_ios" : 1397,
      "aggr_read_sectors" : 88295912,
      "aggr_write_sectors" : 23680,
      "aggr_read_merges" : 63,
      "aggr_write_merge" : 887,
      "aggr_read_ticks" : 4849482,
      "aggr_write_ticks" : 18990,
      "aggr_in_queue" : 4868915,
      "aggr_util" : 85.066535
    },
    {
      "name" : "nvme0n1",
      "read_ios" : 371387,
      "write_ios" : 1397,
      "read_sectors" : 88295912,
      "write_sectors" : 23680,
      "read_merges" : 63,
      "write_merges" : 887,
      "read_ticks" : 4849482,
      "write_ticks" : 18990,