{
  "fio version" : "fio-3.41",
  "timestamp" : 1783091521,
  "timestamp_ms" : 1783091521864,
  "time" : "Fri Jul  3 17:12:01 2026",
  "jobs" : [
    {
      "jobname" : "sweep",
      "groupid" : 0,
      "job_start" : 1783091511718,
      "error" : 0,
      "eta" : 0,
      "elapsed" : 11,
      "job options" : {
        "name" : "sweep",
        "filename" : "./fio-testfile",
        "rw" : "read",
        "ioengine" : "libaio",
        "iodepth" : "32",
        "bs" : "64k",
        "direct" : "1",
        "time_based" : "",
        "runtime" : "10s",
        "loops" : "1000",
        "group_reporting" : ""
      },
      "read" : {
        "io_bytes" : 54611410944,
        "io_kbytes" : 53331456,
        "bw_bytes" : 5460595034,
        "bw" : 5332612,
        "iops" : 83322.067793,
        "runtime" : 10001,
        "total_ios" : 833304,
        "short_ios" : 0,
        "drop_ios" : 0,
        "slat_ns" : {
          "min" : 7772,
          "max" : 453765,
          "mean" : 11160.781913,
          "stddev" : 3063.325216,
          "N" : 833304
        },
        "clat_ns" : {
          "min" : 173415,
          "max" : 3962122,
          "mean" : 372581.387390,
          "stddev" : 68088.456852,
          "N" : 833304,
          "percentile" : {
            "1.000000" : 321536,
            "5.000000" : 337920,
            "10.000000" : 346112,
            "20.000000" : 350208,
            "30.000000" : 354304,
            "40.000000" : 358400,
            "50.000000" : 358400,
            "60.000000" : 362496,
            "70.000000" : 366592,
            "80.000000" : 370688,
            "90.000000" : 378880,
            "95.000000" : 428032,
            "99.000000" : 757760,
            "99.500000" : 798720,
            "99.900000" : 847872,
            "99.950000" : 888832,
            "99.990000" : 1433600
          }
        },
        "lat_ns" : {
          "min" : 183726,
          "max" : 3972942,
          "mean" : 383742.169303,
          "stddev" : 69916.758997,
          "N" : 833304
        },
        "bw_min" : 4121344,
        "bw_max" : 5561984,
        "bw_agg" : 100.000000,
        "bw_mean" : 5333139.200000,
        "bw_dev" : 374822.095907,
        "bw_samples" : 20,
        "iops_min" : 64396,
        "iops_max" : 86906,
        "iops_mean" : 83330.400000,
        "iops_stddev" : 5856.540693,
        "iops_samples" : 20
      },
      "write" : {
        "io_bytes" : 0,
        "io_kbytes" : 0,
        "bw_bytes" : 0,
        "bw" : 0,
        "iops" : 0.000000,
        "runtime" : 0,
        "total_ios" : 0,
        "short_ios" : 0,
        "drop_ios" : 0,
        "slat_ns" : {
          "min" : 0,
          "max" : 0,
          "mean" : 0.000000,
          "stddev" : 0.000000,
          "N" : 0
        },
        "clat_ns" : {
          "min" : 0,
          "max" : 0,
          "mean" : 0.000000,
          "stddev" : 0.000000,
          "N" : 0
        },
        "lat_ns" : {
          "min" : 0,
          "max" : 0,
          "mean" : 0.000000,
          "stddev" : 0.000000,
          "N" : 0
        },
        "bw_min" : 0,
        "bw_max" : 0,
        "bw_agg" : 0.000000,
        "bw_mean" : 0.000000,
        "bw_dev" : 0.000000,
        "bw_samples" : 0,
        "iops_min" : 0,
        "iops_max" : 0,
        "iops_mean" : 0.000000,
        "iops_stddev" : 0.000000,
        "iops_samples" : 0
      },
      "trim" : {
        "io_bytes" : 0,
        "io_kbytes" : 0,
        "bw_bytes" : 0,
        "bw" : 0,
        "iops" : 0.000000,
        "runtime" : 0,
        "total_ios" : 0,
        "short_ios" : 0,
        "drop_ios" : 0,
        "slat_ns" : {
          "min" : 0,
          "max" : 0,
          "mean" : 0.000000,
          "stddev" : 0.000000,
          "N" : 0
        },
        "clat_ns" : {
          "min" : 0,
          "max" : 0,
          "mean" : 0.000000,
          "stddev" : 0.000000,
          "N" : 0
        },
        "lat_ns" : {
          "min" : 0,
          "max" : 0,
          "mean" : 0.000000,
          "stddev" : 0.000000,
          "N" : 0
        },
        "bw_min" : 0,
        "bw_max" : 0,
        "bw_agg" : 0.000000,
        "bw_mean" : 0.000000,
        "bw_dev" : 0.000000,
        "bw_samples" : 0,
        "iops_min" : 0,
        "iops_max" : 0,
        "iops_mean" : 0.000000,
        "iops_stddev" : 0.000000,
        "iops_samples" : 0
      },
      "sync" : {
        "total_ios" : 0,
        "lat_ns" : {
          "min" : 0,
          "max" : 0,
          "mean" : 0.000000,
          "stddev" : 0.000000,
          "N" : 0
        }
      },
      "job_runtime" : 10000,
      "usr_cpu" : 5.170000,
      "sys_cpu" : 94.670000,
      "ctx" : 633,
      "majf" : 0,
      "minf" : 521,
      "iodepth_level" : {
        "1" : 0.100000,
        "2" : 0.100000,
        "4" : 0.100000,
        "8" : 0.100000,
        "16" : 0.100000,
        "32" : 99.996280,
        ">=64" : 0.000000
      },
      "iodepth_submit" : {
        "0" : 0.000000,
        "4" : 100.000000,
        "8" : 0.000000,
        "16" : 0.000000,
        "32" : 0.000000,
        "64" : 0.000000,
        ">=64" : 0.000000
      },
      "iodepth_complete" : {
        "0" : 0.000000,
        "4" : 99.999880,
        "8" : 0.000000,
        "16" : 0.000000,
        "32" : 0.100000,
        "64" : 0.000000,
        ">=64" : 0.000000
      },
      "latency_ns" : {
        "2" : 0.000000,
        "4" : 0.000000,
        "10" : 0.000000,
        "20" : 0.000000,
        "50" : 0.000000,
        "100" : 0.000000,
        "250" : 0.000000,
        "500" : 0.000000,
        "750" : 0.000000,
        "1000" : 0.000000
      },
      "latency_us" : {
        "2" : 0.000000,
        "4" : 0.000000,
        "10" : 0.000000,
        "20" : 0.000000,
        "50" : 0.000000,
        "100" : 0.000000,
        "250" : 0.016201,
        "500" : 96.155665,
        "750" : 2.674894,
        "1000" : 1.137760
      },
      "latency_ms" : {
        "2" : 0.012120,
        "4" : 0.010000,
        "10" : 0.000000,
        "20" : 0.000000,
        "50" : 0.000000,
        "100" : 0.000000,
        "250" : 0.000000,
        "500" : 0.000000,
        "750" : 0.000000,
        "1000" : 0.000000,
        "2000" : 0.000000,
        ">=2000" : 0.000000
      },
      "latency_depth" : 32,
      "latency_target" : 0,
      "latency_percentile" : 100.000000,
      "latency_window" : 0
    }
  ],
  "disk_util" : [
    {
      "name" : "dm-1",
      "read_ios" : 824256,
      "write_ios" : 792,
      "read_sectors" : 105504768,
      "write_sectors" : 7448,
      "read_merges" : 0,
      "write_merges" : 0,
      "read_ticks" : 126256,
      "write_ticks" : 91,
      "in_queue" : 126347,
      "util" : 99.049144,
      "aggr_read_ios" : 833305,
      "aggr_write_ios" : 846,
      "aggr_read_sectors" : 106663040,
      "aggr_write_sectors" : 7528,
      "aggr_read_merges" : 0,
      "aggr_write_merge" : 0,
      "aggr_read_ticks" : 127488,
      "aggr_write_ticks" : 89,
      "aggr_in_queue" : 127577,
      "aggr_util" : 98.677849
    },
    {
      "name" : "dm-0",
      "read_ios" : 833305,
      "write_ios" : 846,
      "read_sectors" : 106663040,
      "write_sectors" : 7528,
      "read_merges" : 0,
      "write_merges" : 0,
      "read_ticks" : 127488,
      "write_ticks" : 89,
      "in_queue" : 127577,
      "util" : 98.677849,
      "aggr_read_ios" : 833305,
      "aggr_write_ios" : 457,
      "aggr_read_sectors" : 106663040,
      "aggr_write_sectors" : 7528,
      "aggr_read_merges" : 0,
      "aggr_write_merge" : 389,
      "aggr_read_ticks" : 99111,
      "aggr_write_ticks" : 41,
      "aggr_in_queue" : 99168,
      "aggr_util" : 60.246670
    },
    {
      "name" : "nvme0n1",
      "read_ios" : 833305,
      "write_ios" : 457,
      "read_sectors" : 106663040,
      "write_sectors" : 7528,
      "read_merges" : 0,
      "write_merges" : 389,
      "read_ticks" : 99111,
      "write_ticks" : 41,
      "in_queue" : 99168,