{
  "fio version" : "fio-3.41",
  "timestamp" : 1783091469,
  "timestamp_ms" : 1783091469606,
  "time" : "Fri Jul  3 17:11:09 2026",
  "jobs" : [
    {
      "jobname" : "sweep",
      "groupid" : 0,
      "job_start" : 1783091459459,
      "error" : 0,
      "eta" : 0,
      "elapsed" : 11,
      "job options" : {
        "name" : "sweep",
        "filename" : "./fio-testfile",
        "rw" : "read",
        "ioengine" : "libaio",
        "iodepth" : "64",
        "bs" : "4k",
        "direct" : "1",
        "time_based" : "",
        "runtime" : "10s",
        "loops" : "1000",
        "group_reporting" : ""
      },
      "read" : {
        "io_bytes" : 7465451520,
        "io_kbytes" : 7290480,
        "bw_bytes" : 746470504,
        "bw" : 728975,
        "iops" : 182243.775622,
        "runtime" : 10001,
        "total_ios" : 1822620,
        "short_ios" : 0,
        "drop_ios" : 0,
        "slat_ns" : {
          "min" : 2227,
          "max" : 434600,
          "mean" : 4199.148801,
          "stddev" : 1985.644381,
          "N" : 1822620
        },
        "clat_ns" : {
          "min" : 18367,
          "max" : 2651897,
          "mean" : 346647.993952,
          "stddev" : 40559.780225,
          "N" : 1822620,
          "percentile" : {
            "1.000000" : 321536,
            "5.000000" : 329728,
            "10.000000" : 329728,
            "20.000000" : 333824,
            "30.000000" : 333824,
            "40.000000" : 337920,
            "50.000000" : 337920,
            "60.000000" : 342016,
            "70.000000" : 346112,
            "80.000000" : 350208,
            "90.000000" : 358400,
            "95.000000" : 366592,
            "99.000000" : 585728,
            "99.500000" : 651264,
            "99.900000" : 741376,
            "99.950000" : 774144,
            "99.990000" : 1028096
          }
        },
        "lat_ns" : {
          "min" : 21074,
          "max" : 2654743,
          "mean" : 350847.142753,
          "stddev" : 41043.408436,
          "N" : 1822620
        },
        "bw_min" : 602728,
        "bw_max" : 748032,
        "bw_agg" : 100.000000,
        "bw_mean" : 729048.000000,
        "bw_dev" : 33469.487276,
        "bw_samples" : 20,
        "iops_min" : 150682,
        "iops_max" : 187008,
        "iops_mean" : 182261.900000,
        "iops_stddev" : 8367.328454,
        "iops_samples" : 20
      },
      "write" : {
        "io_bytes" : 0,
        "io_kbytes" : 0,
        "bw_bytes" : 0,
        "bw" : 0,
        "iops" : 0.000000,
        "runtime" : 0,
        "total_ios" : 0,
        "short_ios" : 0,
        "drop_ios" : 0,
        "slat_ns" : {
          "min" : 0,
          "max" : 0,
          "mean" : 0.000000,
          "stddev" : 0.000000,
          "N" : 0
        },
        "clat_ns" : {
          "min" : 0,
          "max" : 0,
          "mean" : 0.000000,
          "stddev" : 0.000000,
          "N" : 0
        },
        "lat_ns" : {
          "min" : 0,
          "max" : 0,
          "mean" : 0.000000,
          "stddev" : 0.000000,
          "N" : 0
        },
        "bw_min" : 0,
        "bw_max" : 0,
        "bw_agg" : 0.000000,
        "bw_mean" : 0.000000,
        "bw_dev" : 0.000000,
        "bw_samples" : 0,
        "iops_min" : 0,
        "iops_max" : 0,
        "iops_mean" : 0.000000,
        "iops_stddev" : 0.000000,
        "iops_samples" : 0
      },
      "trim" : {
        "io_bytes" : 0,
        "io_kbytes" : 0,
        "bw_bytes" : 0,
        "bw" : 0,
        "iops" : 0.000000,
        "runtime" : 0,
        "total_ios" : 0,
        "short_ios" : 0,
        "drop_ios" : 0,
        "slat_ns" : {
          "min" : 0,
          "max" : 0,
          "mean" : 0.000000,
          "stddev" : 0.000000,
          "N" : 0
        },
        "clat_ns" : {
          "min" : 0,
          "max" : 0,
          "mean" : 0.000000,
          "stddev" : 0.000000,
          "N" : 0
        },
        "lat_ns" : {
          "min" : 0,
          "max" : 0,
          "mean" : 0.000000,
          "stddev" : 0.000000,
          "N" : 0
        },
        "bw_min" : 0,
        "bw_max" : 0,
        "bw_agg" : 0.000000,
        "bw_mean" : 0.000000,
        "bw_dev" : 0.000000,
        "bw_samples" : 0,
        "iops_min" : 0,
        "iops_max" : 0,
        "iops_mean" : 0.000000,
        "iops_stddev" : 0.000000,
        "iops_samples" : 0
      },
      "sync" : {
        "total_ios" : 0,
        "lat_ns" : {
          "min" : 0,
          "max" : 0,
          "mean" : 0.000000,
          "stddev" : 0.000000,
          "N" : 0
        }
      },
      "job_runtime" : 10000,
      "usr_cpu" : 16.680000,
      "sys_cpu" : 83.220000,
      "ctx" : 259,
      "majf" : 0,
      "minf" : 75,
      "iodepth_level" : {
        "1" : 0.100000,
        "2" : 0.100000,
        "4" : 0.100000,
        "8" : 0.100000,
        "16" : 0.100000,
        "32" : 0.100000,
        ">=64" : 99.996543
      },
      "iodepth_submit" : {
        "0" : 0.000000,
        "4" : 100.000000,
        "8" : 0.000000,
        "16" : 0.000000,
        "32" : 0.000000,
        "64" : 0.000000,
        ">=64" : 0.000000
      },
      "iodepth_complete" : {
        "0" : 0.000000,
        "4" : 99.999945,
        "8" : 0.000000,
        "16" : 0.000000,
        "32" : 0.000000,
        "64" : 0.100000,
        ">=64" : 0.000000
      },
      "latency_ns" : {
        "2" : 0.000000,
        "4" : 0.000000,
        "10" : 0.000000,
        "20" : 0.000000,
        "50" : 0.000000,
        "100" : 0.000000,
        "250" : 0.000000,
        "500" : 0.000000,
        "750" : 0.000000,
        "1000" : 0.000000
      },
      "latency_us" : {
        "2" : 0.000000,
        "4" : 0.000000,
        "10" : 0.000000,
        "20" : 0.010000,
        "50" : 0.010000,
        "100" : 0.010000,
        "250" : 0.010000,
        "500" : 98.726613,
        "750" : 1.185875,
        "1000" : 0.067485
      },
      "latency_ms" : {
        "2" : 0.010000,
        "4" : 0.010000,
        "10" : 0.000000,
        "20" : 0.000000,
        "50" : 0.000000,
        "100" : 0.000000,
        "250" : 0.000000,
        "500" : 0.000000,
        "750" : 0.000000,
        "1000" : 0.000000,
        "2000" : 0.000000,
        ">=2000" : 0.000000
      },
      "latency_depth" : 64,
      "latency_target" : 0,
      "latency_percentile" : 100.000000,
      "latency_window" : 0
    }
  ],
  "disk_util" : [
    {
      "name" : "dm-1",
      "read_ios" : 1803333,
      "write_ios" : 1245,
      "read_sectors" : 14426664,
      "write_sectors" : 15896,
      "read_merges" : 0,
      "write_merges" : 0,
      "read_ticks" : 25610,
      "write_ticks" : 71,
      "in_queue" : 25681,
      "util" : 99.059059,
      "aggr_read_ios" : 1822634,
      "aggr_write_ios" : 1362,
      "aggr_read_sectors" : 14581072,
      "aggr_write_sectors" : 16200,
      "aggr_read_merges" : 0,
      "aggr_write_merge" : 0,
      "aggr_read_ticks" : 25042,
      "aggr_write_ticks" : 78,
      "aggr_in_queue" : 25120,
      "aggr_util" : 98.658248
    },
    {
      "name" : "dm-0",
      "read_ios" : 1822634,
      "write_ios" : 1362,
      "read_sectors" : 14581072,
      "write_sectors" : 16200,
      "read_merges" : 0,
      "write_merges" : 0,
      "read_ticks" : 25042,
      "write_ticks" : 78,
      "in_queue" : 25120,
      "util" : 98.658248,
      "aggr_read_ios" : 1822634,
      "aggr_write_ios" : 857,
      "aggr_read_sectors" : 14581072,
      "aggr_write_sectors" : 16200,
      "aggr_read_merges" : 0,
      "aggr_write_merge" : 505,
      "aggr_read_ticks" : 15876,
      "aggr_write_ticks" : 84,
      "aggr_in_queue" : 15978,
      "aggr_util" : 87.835438
    },
    {
      "name" : "nvme0n1",
      "read_ios" : 1822634,
      "write_ios" : 857,
      "read_sectors" : 14581072,
      "write_sectors" : 16200,
      "read_merges" : 0,
      "write_merges" : 505,
      "read_ticks" : 15876,
      "write_ticks" : 84,
      "in_queue" : 15978,