{
  "fio version" : "fio-3.41",
  "timestamp" : 1783091636,
  "timestamp_ms" : 1783091636864,
  "time" : "Fri Jul  3 17:13:56 2026",
  "jobs" : [
    {
      "jobname" : "sweep",
      "groupid" : 0,
      "job_start" : 1783091626719,
      "error" : 0,
      "eta" : 0,
      "elapsed" : 11,
      "job options" : {
        "name" : "sweep",
        "filename" : "./fio-testfile",
        "rw" : "read",
        "ioengine" : "libaio",
        "iodepth" : "16",
        "bs" : "1M",
        "direct" : "1",
        "time_based" : "",
        "runtime" : "10s",
        "loops" : "1000",
        "group_reporting" : ""
      },
      "read" : {
        "io_bytes" : 53100937216,
        "io_kbytes" : 51856384,
        "bw_bytes" : 5309031915,
        "bw" : 5184601,
        "iops" : 5063.087383,
        "runtime" : 10002,
        "total_ios" : 50641,
        "short_ios" : 0,
        "drop_ios" : 0,
        "slat_ns" : {
          "min" : 87306,
          "max" : 1176520,
          "mean" : 188077.837207,
          "stddev" : 52925.946375,
          "N" : 50641
        },
        "clat_ns" : {
          "min" : 1324575,
          "max" : 11284619,
          "mean" : 2969402.769712,
          "stddev" : 619058.235607,
          "N" : 50641,
          "percentile" : {
            "1.000000" : 1892352,
            "5.000000" : 2007040,
            "10.000000" : 2244608,
            "20.000000" : 2375680,
            "30.000000" : 2473984,
            "40.000000" : 2670592,
            "50.000000" : 2965504,
            "60.000000" : 3260416,
            "70.000000" : 3391488,
            "80.000000" : 3588096,
            "90.000000" : 3751936,
            "95.000000" : 3817472,
            "99.000000" : 4112384,
            "99.500000" : 4685824,
            "99.900000" : 5079040,
            "99.950000" : 6324224,
            "99.990000" : 8716288
          }
        },
        "lat_ns" : {
          "min" : 1493598,
          "max" : 12233091,
          "mean" : 3157480.606919,
          "stddev" : 665587.072448,
          "N" : 50641
        },
        "bw_min" : 4717349,
        "bw_max" : 6301696,
        "bw_agg" : 100.000000,
        "bw_mean" : 5185166.650000,
        "bw_dev" : 342785.950578,
        "bw_samples" : 20,
        "iops_min" : 4606,
        "iops_max" : 6154,
        "iops_mean" : 5063.600000,
        "iops_stddev" : 334.808413,
        "iops_samples" : 20
      },
      "write" : {
        "io_bytes" : 0,
        "io_kbytes" : 0,
        "bw_bytes" : 0,
        "bw" : 0,
        "iops" : 0.000000,
        "runtime" : 0,
        "total_ios" : 0,
        "short_ios" : 0,
        "drop_ios" : 0,
        "slat_ns" : {
          "min" : 0,
          "max" : 0,
          "mean" : 0.000000,
          "stddev" : 0.000000,
          "N" : 0
        },
        "clat_ns" : {
          "min" : 0,
          "max" : 0,
          "mean" : 0.000000,
          "stddev" : 0.000000,
          "N" : 0
        },
        "lat_ns" : {
          "min" : 0,
          "max" : 0,
          "mean" : 0.000000,
          "stddev" : 0.000000,
          "N" : 0
        },
        "bw_min" : 0,
        "bw_max" : 0,
        "bw_agg" : 0.000000,
        "bw_mean" : 0.000000,
        "bw_dev" : 0.000000,
        "bw_samples" : 0,
        "iops_min" : 0,
        "iops_max" : 0,
        "iops_mean" : 0.000000,
        "iops_stddev" : 0.000000,
        "iops_samples" : 0
      },
      "trim" : {
        "io_bytes" : 0,
        "io_kbytes" : 0,
        "bw_bytes" : 0,
        "bw" : 0,
        "iops" : 0.000000,
        "runtime" : 0,
        "total_ios" : 0,
        "short_ios" : 0,
        "drop_ios" : 0,
        "slat_ns" : {
          "min" : 0,
          "max" : 0,
          "mean" : 0.000000,
          "stddev" : 0.000000,
          "N" : 0
        },
        "clat_ns" : {
          "min" : 0,
          "max" : 0,
          "mean" : 0.000000,
          "stddev" : 0.000000,
          "N" : 0
        },
        "lat_ns" : {
          "min" : 0,
          "max" : 0,
          "mean" : 0.000000,
          "stddev" : 0.000000,
          "N" : 0
        },
        "bw_min" : 0,
        "bw_max" : 0,
        "bw_agg" : 0.000000,
        "bw_mean" : 0.000000,
        "bw_dev" : 0.000000,
        "bw_samples" : 0,
        "iops_min" : 0,
        "iops_max" : 0,
        "iops_mean" : 0.000000,
        "iops_stddev" : 0.000000,
        "iops_samples" : 0
      },
      "sync" : {
        "total_ios" : 0,
        "lat_ns" : {
          "min" : 0,
          "max" : 0,
          "mean" : 0.000000,
          "stddev" : 0.000000,
          "N" : 0
        }
      },
      "job_runtime" : 10001,
      "usr_cpu" : 0.679932,
      "sys_cpu" : 95.500450,
      "ctx" : 6415,
      "majf" : 0,
      "minf" : 4104,
      "iodepth_level" : {
        "1" : 0.100000,
        "2" : 0.100000,
        "4" : 0.100000,
        "8" : 0.100000,
        "16" : 99.970380,
        "32" : 0.000000,
        ">=64" : 0.000000
      },
      "iodepth_submit" : {
        "0" : 0.000000,
        "4" : 100.000000,
        "8" : 0.000000,
        "16" : 0.000000,
        "32" : 0.000000,
        "64" : 0.000000,
        ">=64" : 0.000000
      },
      "iodepth_complete" : {
        "0" : 0.000000,
        "4" : 99.998025,
        "8" : 0.000000,
        "16" : 0.100000,
        "32" : 0.000000,
        "64" : 0.000000,
        ">=64" : 0.000000
      },
      "latency_ns" : {
        "2" : 0.000000,
        "4" : 0.000000,
        "10" : 0.000000,
        "20" : 0.000000,
        "50" : 0.000000,
        "100" : 0.000000,
        "250" : 0.000000,
        "500" : 0.000000,
        "750" : 0.000000,
        "1000" : 0.000000
      },
      "latency_us" : {
        "2" : 0.000000,
        "4" : 0.000000,
        "10" : 0.000000,
        "20" : 0.000000,
        "50" : 0.000000,
        "100" : 0.000000,
        "250" : 0.000000,
        "500" : 0.000000,
        "750" : 0.000000,
        "1000" : 0.000000
      },
      "latency_ms" : {
        "2" : 4.764914,
        "4" : 93.864655,
        "10" : 1.364507,
        "20" : 0.010000,
        "50" : 0.000000,
        "100" : 0.000000,
        "250" : 0.000000,
        "500" : 0.000000,
        "750" : 0.000000,
        "1000" : 0.000000,
        "2000" : 0.000000,
        ">=2000" : 0.000000
      },
      "latency_depth" : 16,
      "latency_target" : 0,
      "latency_percentile" : 100.000000,
      "latency_window" : 0
    }
  ],
  "disk_util" : [
    {
      "name" : "dm-1",
      "read_ios" : 50097,
      "write_ios" : 1404,
      "read_sectors" : 102585472,
      "write_sectors" : 16928,
      "read_merges" : 0,
      "write_merges" : 0,
      "read_ticks" : 57003,
      "write_ticks" : 295,
      "in_queue" : 57298,
      "util" : 99.018921,
      "aggr_read_ios" : 405135,
      "aggr_write_ios" : 1542,
      "aggr_read_sectors" : 103713920,
      "aggr_write_sectors" : 17248,
      "aggr_read_merges" : 0,
      "aggr_write_merge" : 0,
      "aggr_read_ticks" : 400542,
      "aggr_write_ticks" : 298,
      "aggr_in_queue" : 400840,
      "aggr_util" : 98.560584
    },
    {
      "name" : "dm-0",
      "read_ios" : 405135,
      "write_ios" : 1542,
      "read_sectors" : 103713920,
      "write_sectors" : 17248,
      "read_merges" : 0,
      "write_merges" : 0,
      "read_ticks" : 400542,
      "write_ticks" : 298,
      "in_queue" : 400840,
      "util" : 98.560584,
      "aggr_read_ios" : 405135,
      "aggr_write_ios" : 923,
      "aggr_read_sectors" : 103713920,
      "aggr_write_sectors" : 17248,
      "aggr_read_merges" : 0,
      "aggr_write_merge" : 619,
      "aggr_read_ticks" : 378499,
      "aggr_write_ticks" : 162,
      "aggr_in_queue" : 378707,
      "aggr_util" : 66.627231
    },
    {
      "name" : "nvme0n1",
      "read_ios" : 405135,
      "write_ios" : 923,
      "read_sectors" : 103713920,
      "write_sectors" : 17248,
      "read_merges" : 0,
      "write_merges" : 619,
      "read_ticks" : 378499,
      "write_ticks" : 162,