{
  "fio version" : "fio-3.41",
  "timestamp" : 1783610321,
  "timestamp_ms" : 1783610321759,
  "time" : "Thu Jul  9 17:18:41 2026",
  "jobs" : [
    {
      "jobname" : "sweep",
      "groupid" : 0,
      "job_start" : 1783610290615,
      "error" : 0,
      "eta" : 0,
      "elapsed" : 32,
      "job options" : {
        "name" : "sweep",
        "filename" : "./fio-testfile",
        "rw" : "read",
        "ioengine" : "libaio",
        "iodepth" : "4",
        "bs" : "256k",
        "direct" : "1",
        "group_reporting" : ""
      },
      "read" : {
        "io_bytes" : 107374182400,
        "io_kbytes" : 104857600,
        "bw_bytes" : 3457326283,
        "bw" : 3376295,
        "iops" : 13188.653122,
        "runtime" : 31057,
        "total_ios" : 409600,
        "short_ios" : 0,
        "drop_ios" : 0,
        "slat_ns" : {
          "min" : 18078,
          "max" : 2107727,
          "mean" : 58891.561211,
          "stddev" : 20943.162735,
          "N" : 409600
        },
        "clat_ns" : {
          "min" : 67708,
          "max" : 6197113,
          "mean" : 243476.444993,
          "stddev" : 83469.000369,
          "N" : 409600,
          "percentile" : {
            "1.000000" : 158720,
            "5.000000" : 187392,
            "10.000000" : 195584,
            "20.000000" : 201728,
            "30.000000" : 207872,
            "40.000000" : 214016,
            "50.000000" : 218112,
            "60.000000" : 226304,
            "70.000000" : 242688,
            "80.000000" : 272384,
            "90.000000" : 321536,
            "95.000000" : 378880,
            "99.000000" : 528384,
            "99.500000" : 610304,
            "99.900000" : 880640,
            "99.950000" : 1122304,
            "99.990000" : 2703360
          }
        },
        "lat_ns" : {
          "min" : 101058,
          "max" : 6228091,
          "mean" : 302368.006204,
          "stddev" : 81210.478699,
          "N" : 409600
        },
        "bw_min" : 3085312,
        "bw_max" : 3553280,
        "bw_agg" : 100.000000,
        "bw_mean" : 3379398.193548,
        "bw_dev" : 112858.983982,
        "bw_samples" : 62,
        "iops_min" : 12052,
        "iops_max" : 13880,
        "iops_mean" : 13200.741935,
        "iops_stddev" : 440.830845,
        "iops_samples" : 62
      },
      "write" : {
        "io_bytes" : 0,
        "io_kbytes" : 0,
        "bw_bytes" : 0,
        "bw" : 0,
        "iops" : 0.000000,
        "runtime" : 0,
        "total_ios" : 0,
        "short_ios" : 0,
        "drop_ios" : 0,
        "slat_ns" : {
          "min" : 0,
          "max" : 0,
          "mean" : 0.000000,
          "stddev" : 0.000000,
          "N" : 0
        },
        "clat_ns" : {
          "min" : 0,
          "max" : 0,
          "mean" : 0.000000,
          "stddev" : 0.000000,
          "N" : 0
        },
        "lat_ns" : {
          "min" : 0,
          "max" : 0,
          "mean" : 0.000000,
          "stddev" : 0.000000,
          "N" : 0
        },
        "bw_min" : 0,
        "bw_max" : 0,
        "bw_agg" : 0.000000,
        "bw_mean" : 0.000000,
        "bw_dev" : 0.000000,
        "bw_samples" : 0,
        "iops_min" : 0,
        "iops_max" : 0,
        "iops_mean" : 0.000000,
        "iops_stddev" : 0.000000,
        "iops_samples" : 0
      },
      "trim" : {
        "io_bytes" : 0,
        "io_kbytes" : 0,
        "bw_bytes" : 0,
        "bw" : 0,
        "iops" : 0.000000,
        "runtime" : 0,
        "total_ios" : 0,
        "short_ios" : 0,
        "drop_ios" : 0,
        "slat_ns" : {
          "min" : 0,
          "max" : 0,
          "mean" : 0.000000,
          "stddev" : 0.000000,
          "N" : 0
        },
        "clat_ns" : {
          "min" : 0,
          "max" : 0,
          "mean" : 0.000000,
          "stddev" : 0.000000,
          "N" : 0
        },
        "lat_ns" : {
          "min" : 0,
          "max" : 0,
          "mean" : 0.000000,
          "stddev" : 0.000000,
          "N" : 0
        },
        "bw_min" : 0,
        "bw_max" : 0,
        "bw_agg" : 0.000000,
        "bw_mean" : 0.000000,
        "bw_dev" : 0.000000,
        "bw_samples" : 0,
        "iops_min" : 0,
        "iops_max" : 0,
        "iops_mean" : 0.000000,
        "iops_stddev" : 0.000000,
        "iops_samples" : 0
      },
      "sync" : {
        "total_ios" : 0,
        "lat_ns" : {
          "min" : 0,
          "max" : 0,
          "mean" : 0.000000,
          "stddev" : 0.000000,
          "N" : 0
        }
      },
      "job_runtime" : 31056,
      "usr_cpu" : 2.604972,
      "sys_cpu" : 79.121587,
      "ctx" : 102314,
      "majf" : 0,
      "minf" : 266,
      "iodepth_level" : {
        "1" : 0.100000,
        "2" : 0.100000,
        "4" : 99.999268,
        "8" : 0.000000,
        "16" : 0.000000,
        "32" : 0.000000,
        ">=64" : 0.000000
      },
      "iodepth_submit" : {
        "0" : 0.000000,
        "4" : 100.000000,
        "8" : 0.000000,
        "16" : 0.000000,
        "32" : 0.000000,
        "64" : 0.000000,
        ">=64" : 0.000000
      },
      "iodepth_complete" : {
        "0" : 0.000000,
        "4" : 100.000000,
        "8" : 0.000000,
        "16" : 0.000000,
        "32" : 0.000000,
        "64" : 0.000000,
        ">=64" : 0.000000
      },
      "latency_ns" : {
        "2" : 0.000000,
        "4" : 0.000000,
        "10" : 0.000000,
        "20" : 0.000000,
        "50" : 0.000000,
        "100" : 0.000000,
        "250" : 0.000000,
        "500" : 0.000000,
        "750" : 0.000000,
        "1000" : 0.000000
      },
      "latency_us" : {
        "2" : 0.000000,
        "4" : 0.000000,
        "10" : 0.000000,
        "20" : 0.000000,
        "50" : 0.000000,
        "100" : 0.028809,
        "250" : 72.847656,
        "500" : 25.777100,
        "750" : 1.174316,
        "1000" : 0.103271
      },
      "latency_ms" : {
        "2" : 0.050781,
        "4" : 0.016602,
        "10" : 0.010000,
        "20" : 0.000000,
        "50" : 0.000000,
        "100" : 0.000000,
        "250" : 0.000000,
        "500" : 0.000000,
        "750" : 0.000000,
        "1000" : 0.000000,
        "2000" : 0.000000,
        ">=2000" : 0.000000
      },
      "latency_depth" : 4,
      "latency_target" : 0,
      "latency_percentile" : 100.000000,
      "latency_window" : 0
    }
  ],
  "disk_util" : [
    {
      "name" : "dm-1",
      "read_ios" : 416164,
      "write_ios" : 4486,
      "read_sectors" : 208845736,
      "write_sectors" : 58048,
      "read_merges" : 0,
      "write_merges" : 0,
      "read_ticks" : 104033,
      "write_ticks" : 2121,
      "in_queue" : 106154,
      "util" : 99.480075,
      "aggr_read_ios" : 827989,
      "aggr_write_ios" : 4739,
      "aggr_read_sectors" : 209984936,
      "aggr_write_sectors" : 58144,
      "aggr_read_merges" : 0,
      "aggr_write_merge" : 0,
      "aggr_read_ticks" : 189321,
      "aggr_write_ticks" : 2165,
      "aggr_in_queue" : 191486,
      "aggr_util" : 99.345504
    },
    {
      "name" : "dm-0",
      "read_ios" : 827989,
      "write_ios" : 4739,
      "read_sectors" : 209984936,
      "write_sectors" : 58144,
      "read_merges" : 0,
      "write_merges" : 0,
      "read_ticks" : 189321,
      "write_ticks" : 2165,
      "in_queue" : 191486,
      "util" : 99.345504,
      "aggr_read_ios" : 823949,
      "aggr_write_ios" : 2664,
      "aggr_read_sectors" : 209984936,
      "aggr_write_sectors" : 58144,
      "aggr_read_merges" : 4040,
      "aggr_write_merge" : 2075,
      "aggr_read_ticks" : 89624,
      "aggr_write_ticks" : 402,
      "aggr_in_queue" : 90107,
      "aggr_util" : 83.637589
    },
    {
      "name" : "nvme0n1",
      "read_ios" : 823949,
      "write_ios" : 2664,
      "read_sectors" : 209984936,
      "write_sectors" : 58144,
      "read_merges" : 4040,
      "write_merges" : 2075,
      "read_ticks" : 89624,
      "write_ticks" : 402,
      "in_queue" : 90107,
      "util" : 83.637589
    }
  ]
}
