{
  "fio version" : "fio-3.41",
  "timestamp" : 1783091542,
  "timestamp_ms" : 1783091542761,
  "time" : "Fri Jul  3 17:12:22 2026",
  "jobs" : [
    {
      "jobname" : "sweep",
      "groupid" : 0,
      "job_start" : 1783091532616,
      "error" : 0,
      "eta" : 0,
      "elapsed" : 11,
      "job options" : {
        "name" : "sweep",
        "filename" : "./fio-testfile",
        "rw" : "read",
        "ioengine" : "libaio",
        "iodepth" : "1",
        "bs" : "256k",
        "direct" : "1",
        "time_based" : "",
        "runtime" : "10s",
        "loops" : "1000",
        "group_reporting" : ""
      },
      "read" : {
        "io_bytes" : 10788798464,
        "io_kbytes" : 10535936,
        "bw_bytes" : 1078771969,
        "bw" : 1053488,
        "iops" : 4115.188481,
        "runtime" : 10001,
        "total_ios" : 41156,
        "short_ios" : 0,
        "drop_ios" : 0,
        "slat_ns" : {
          "min" : 23860,
          "max" : 1038556,
          "mean" : 61919.065871,
          "stddev" : 17123.359007,
          "N" : 41156
        },
        "clat_ns" : {
          "min" : 2393,
          "max" : 1704985,
          "mean" : 180277.292643,
          "stddev" : 53089.247129,
          "N" : 41156,
          "percentile" : {
            "1.000000" : 89600,
            "5.000000" : 128512,
            "10.000000" : 142336,
            "20.000000" : 150528,
            "30.000000" : 154624,
            "40.000000" : 158720,
            "50.000000" : 162816,
            "60.000000" : 168960,
            "70.000000" : 181248,
            "80.000000" : 220160,
            "90.000000" : 248832,
            "95.000000" : 272384,
            "99.000000" : 387072,
            "99.500000" : 407552,
            "99.900000" : 448512,
            "99.950000" : 552960,
            "99.990000" : 1044480
          }
        },
        "lat_ns" : {
          "min" : 110673,
          "max" : 1900122,
          "mean" : 242196.358514,
          "stddev" : 59774.895369,
          "N" : 41156
        },
        "bw_min" : 863744,
        "bw_max" : 1263616,
        "bw_agg" : 100.000000,
        "bw_mean" : 1053593.600000,
        "bw_dev" : 106625.294792,
        "bw_samples" : 20,
        "iops_min" : 3374,
        "iops_max" : 4936,
        "iops_mean" : 4115.600000,
        "iops_stddev" : 416.505058,
        "iops_samples" : 20
      },
      "write" : {
        "io_bytes" : 0,
        "io_kbytes" : 0,
        "bw_bytes" : 0,
        "bw" : 0,
        "iops" : 0.000000,
        "runtime" : 0,
        "total_ios" : 0,
        "short_ios" : 0,
        "drop_ios" : 0,
        "slat_ns" : {
          "min" : 0,
          "max" : 0,
          "mean" : 0.000000,
          "stddev" : 0.000000,
          "N" : 0
        },
        "clat_ns" : {
          "min" : 0,
          "max" : 0,
          "mean" : 0.000000,
          "stddev" : 0.000000,
          "N" : 0
        },
        "lat_ns" : {
          "min" : 0,
          "max" : 0,
          "mean" : 0.000000,
          "stddev" : 0.000000,
          "N" : 0
        },
        "bw_min" : 0,
        "bw_max" : 0,
        "bw_agg" : 0.000000,
        "bw_mean" : 0.000000,
        "bw_dev" : 0.000000,
        "bw_samples" : 0,
        "iops_min" : 0,
        "iops_max" : 0,
        "iops_mean" : 0.000000,
        "iops_stddev" : 0.000000,
        "iops_samples" : 0
      },
      "trim" : {
        "io_bytes" : 0,
        "io_kbytes" : 0,
        "bw_bytes" : 0,
        "bw" : 0,
        "iops" : 0.000000,
        "runtime" : 0,
        "total_ios" : 0,
        "short_ios" : 0,
        "drop_ios" : 0,
        "slat_ns" : {
          "min" : 0,
          "max" : 0,
          "mean" : 0.000000,
          "stddev" : 0.000000,
          "N" : 0
        },
        "clat_ns" : {
          "min" : 0,
          "max" : 0,
          "mean" : 0.000000,
          "stddev" : 0.000000,
          "N" : 0
        },
        "lat_ns" : {
          "min" : 0,
          "max" : 0,
          "mean" : 0.000000,
          "stddev" : 0.000000,
          "N" : 0
        },
        "bw_min" : 0,
        "bw_max" : 0,
        "bw_agg" : 0.000000,
        "bw_mean" : 0.000000,
        "bw_dev" : 0.000000,
        "bw_samples" : 0,
        "iops_min" : 0,
        "iops_max" : 0,
        "iops_mean" : 0.000000,
        "iops_stddev" : 0.000000,
        "iops_samples" : 0
      },
      "sync" : {
        "total_ios" : 0,
        "lat_ns" : {
          "min" : 0,
          "max" : 0,
          "mean" : 0.000000,
          "stddev" : 0.000000,
          "N" : 0
        }
      },
      "job_runtime" : 10000,
      "usr_cpu" : 0.920000,
      "sys_cpu" : 27.380000,
      "ctx" : 41183,
      "majf" : 0,
      "minf" : 75,
      "iodepth_level" : {
        "1" : 100.000000,
        "2" : 0.000000,
        "4" : 0.000000,
        "8" : 0.000000,
        "16" : 0.000000,
        "32" : 0.000000,
        ">=64" : 0.000000
      },
      "iodepth_submit" : {
        "0" : 0.000000,
        "4" : 100.000000,
        "8" : 0.000000,
        "16" : 0.000000,
        "32" : 0.000000,
        "64" : 0.000000,
        ">=64" : 0.000000
      },
      "iodepth_complete" : {
        "0" : 0.000000,
        "4" : 100.000000,
        "8" : 0.000000,
        "16" : 0.000000,
        "32" : 0.000000,
        "64" : 0.000000,
        ">=64" : 0.000000
      },
      "latency_ns" : {
        "2" : 0.000000,
        "4" : 0.000000,
        "10" : 0.000000,
        "20" : 0.000000,
        "50" : 0.000000,
        "100" : 0.000000,
        "250" : 0.000000,
        "500" : 0.000000,
        "750" : 0.000000,
        "1000" : 0.000000
      },
      "latency_us" : {
        "2" : 0.000000,
        "4" : 0.010000,
        "10" : 0.000000,
        "20" : 0.000000,
        "50" : 0.010000,
        "100" : 1.499174,
        "250" : 89.233648,
        "500" : 9.194285,
        "750" : 0.051025,
        "1000" : 0.010000
      },
      "latency_ms" : {
        "2" : 0.014579,
        "4" : 0.000000,
        "10" : 0.000000,
        "20" : 0.000000,
        "50" : 0.000000,
        "100" : 0.000000,
        "250" : 0.000000,
        "500" : 0.000000,
        "750" : 0.000000,
        "1000" : 0.000000,
        "2000" : 0.000000,
        ">=2000" : 0.000000
      },
      "latency_depth" : 1,
      "latency_target" : 0,
      "latency_percentile" : 100.000000,
      "latency_window" : 0
    }
  ],
  "disk_util" : [
    {
      "name" : "dm-1",
      "read_ios" : 40831,
      "write_ios" : 1507,
      "read_sectors" : 20895056,
      "write_sectors" : 20160,
      "read_merges" : 0,
      "write_merges" : 0,
      "read_ticks" : 8947,
      "write_ticks" : 246,
      "in_queue" : 9193,
      "util" : 89.467361,
      "aggr_read_ios" : 82333,
      "aggr_write_ios" : 1583,
      "aggr_read_sectors" : 21072208,
      "aggr_write_sectors" : 20160,
      "aggr_read_merges" : 0,
      "aggr_write_merge" : 0,
      "aggr_read_ticks" : 16495,
      "aggr_write_ticks" : 244,
      "aggr_in_queue" : 16739,
      "aggr_util" : 88.674961
    },
    {
      "name" : "dm-0",
      "read_ios" : 82333,
      "write_ios" : 1583,
      "read_sectors" : 21072208,
      "write_sectors" : 20160,
      "read_merges" : 0,
      "write_merges" : 0,
      "read_ticks" : 16495,
      "write_ticks" : 244,
      "in_queue" : 16739,
      "util" : 88.674961,
      "aggr_read_ios" : 82323,
      "aggr_write_ios" : 1072,
      "aggr_read_sectors" : 21072208,
      "aggr_write_sectors" : 20160,
      "aggr_read_merges" : 10,
      "aggr_write_merge" : 511,
      "aggr_read_ticks" : 6604,
      "aggr_write_ticks" : 117,
      "aggr_in_queue" : 6736,
      "aggr_util" : 38.003555
    },
    {
      "name" : "nvme0n1",
      "read_ios" : 82323,
      "write_ios" : 1072,
      "read_sectors" : 21072208,
      "write_sectors" : 20160,
      "read_merges" : 10,
      "write_merges" : 511,
      "read_ticks" : 6604,
      "write_ticks" : 117,
      "in_queue" : 6736,