{
  "fio version" : "fio-3.36",
  "timestamp" : 1783509119,
  "timestamp_ms" : 1783509119835,
  "time" : "Wed Jul  8 13:11:59 2026",
  "jobs" : [
    {
      "jobname" : "sweep",
      "groupid" : 0,
      "job_start" : 1783509117570,
      "error" : 0,
      "eta" : 0,
      "elapsed" : 3,
      "job options" : {
        "name" : "sweep",
        "filename" : "./fio-testfile",
        "rw" : "read",
        "ioengine" : "libaio",
        "iodepth" : "16",
        "bs" : "4M",
        "direct" : "1"
      },
      "read" : {
        "io_bytes" : 8589934592,
        "io_kbytes" : 8388608,
        "bw_bytes" : 3865857152,
        "bw" : 3775251,
        "iops" : 921.692169,
        "runtime" : 2222,
        "total_ios" : 2048,
        "short_ios" : 0,
        "drop_ios" : 0,
        "slat_ns" : {
          "min" : 185394,
          "max" : 20405009,
          "mean" : 862556.648438,
          "stddev" : 2683591.952970,
          "N" : 2048
        },
        "clat_ns" : {
          "min" : 2943786,
          "max" : 48020090,
          "mean" : 16395902.027344,
          "stddev" : 8364508.383268,
          "N" : 2048,
          "percentile" : {
            "1.000000" : 3784704,
            "5.000000" : 4292608,
            "10.000000" : 4554752,
            "20.000000" : 7110656,
            "30.000000" : 11206656,
            "40.000000" : 15532032,
            "50.000000" : 17694720,
            "60.000000" : 19005440,
            "70.000000" : 20054016,
            "80.000000" : 22151168,
            "90.000000" : 26869760,
            "95.000000" : 31064064,
            "99.000000" : 38535168,
            "99.500000" : 39583744,
            "99.900000" : 44302336,
            "99.950000" : 44302336,
            "99.990000" : 47972352
          }
        },
        "lat_ns" : {
          "min" : 3213656,
          "max" : 48275471,
          "mean" : 17258458.675781,
          "stddev" : 8040467.075111,
          "N" : 2048
        },
        "bw_min" : 3547136,
        "bw_max" : 3899392,
        "bw_agg" : 99.599414,
        "bw_mean" : 3760128.000000,
        "bw_dev" : 162881.462731,
        "bw_samples" : 4,
        "iops_min" : 866,
        "iops_max" : 952,
        "iops_mean" : 918.000000,
        "iops_stddev" : 39.765982,
        "iops_samples" : 4
      },
      "write" : {
        "io_bytes" : 0,
        "io_kbytes" : 0,
        "bw_bytes" : 0,
        "bw" : 0,
        "iops" : 0.000000,
        "runtime" : 0,
        "total_ios" : 0,
        "short_ios" : 0,
        "drop_ios" : 0,
        "slat_ns" : {
          "min" : 0,
          "max" : 0,
          "mean" : 0.000000,
          "stddev" : 0.000000,
          "N" : 0
        },
        "clat_ns" : {
          "min" : 0,
          "max" : 0,
          "mean" : 0.000000,
          "stddev" : 0.000000,
          "N" : 0
        },
        "lat_ns" : {
          "min" : 0,
          "max" : 0,
          "mean" : 0.000000,
          "stddev" : 0.000000,
          "N" : 0
        },
        "bw_min" : 0,
        "bw_max" : 0,
        "bw_agg" : 0.000000,
        "bw_mean" : 0.000000,
        "bw_dev" : 0.000000,
        "bw_samples" : 0,
        "iops_min" : 0,
        "iops_max" : 0,
        "iops_mean" : 0.000000,
        "iops_stddev" : 0.000000,
        "iops_samples" : 0
      },
      "trim" : {
        "io_bytes" : 0,
        "io_kbytes" : 0,
        "bw_bytes" : 0,
        "bw" : 0,
        "iops" : 0.000000,
        "runtime" : 0,
        "total_ios" : 0,
        "short_ios" : 0,
        "drop_ios" : 0,
        "slat_ns" : {
          "min" : 0,
          "max" : 0,
          "mean" : 0.000000,
          "stddev" : 0.000000,
          "N" : 0
        },
        "clat_ns" : {
          "min" : 0,
          "max" : 0,
          "mean" : 0.000000,
          "stddev" : 0.000000,
          "N" : 0
        },
        "lat_ns" : {
          "min" : 0,
          "max" : 0,
          "mean" : 0.000000,
          "stddev" : 0.000000,
          "N" : 0
        },
        "bw_min" : 0,
        "bw_max" : 0,
        "bw_agg" : 0.000000,
        "bw_mean" : 0.000000,
        "bw_dev" : 0.000000,
        "bw_samples" : 0,
        "iops_min" : 0,
        "iops_max" : 0,
        "iops_mean" : 0.000000,
        "iops_stddev" : 0.000000,
        "iops_samples" : 0
      },
      "sync" : {
        "total_ios" : 0,
        "lat_ns" : {
          "min" : 0,
          "max" : 0,
          "mean" : 0.000000,
          "stddev" : 0.000000,
          "N" : 0
        }
      },
      "job_runtime" : 2221,
      "usr_cpu" : 0.000000,
      "sys_cpu" : 27.915353,
      "ctx" : 821,
      "majf" : 0,
      "minf" : 16396,
      "iodepth_level" : {
        "1" : 0.100000,
        "2" : 0.100000,
        "4" : 0.195312,
        "8" : 0.390625,
        "16" : 99.267578,
        "32" : 0.000000,
        ">=64" : 0.000000
      },
      "iodepth_submit" : {
        "0" : 0.000000,
        "4" : 100.000000,
        "8" : 0.000000,
        "16" : 0.000000,
        "32" : 0.000000,
        "64" : 0.000000,
        ">=64" : 0.000000
      },
      "iodepth_complete" : {
        "0" : 0.000000,
        "4" : 99.950836,
        "8" : 0.000000,
        "16" : 0.100000,
        "32" : 0.000000,
        "64" : 0.000000,
        ">=64" : 0.000000
      },
      "latency_ns" : {
        "2" : 0.000000,
        "4" : 0.000000,
        "10" : 0.000000,
        "20" : 0.000000,
        "50" : 0.000000,
        "100" : 0.000000,
        "250" : 0.000000,
        "500" : 0.000000,
        "750" : 0.000000,
        "1000" : 0.000000
      },
      "latency_us" : {
        "2" : 0.000000,
        "4" : 0.000000,
        "10" : 0.000000,
        "20" : 0.000000,
        "50" : 0.000000,
        "100" : 0.000000,
        "250" : 0.000000,
        "500" : 0.000000,
        "750" : 0.000000,
        "1000" : 0.000000
      },
      "latency_ms" : {
        "2" : 0.000000,
        "4" : 1.464844,
        "10" : 26.269531,
        "20" : 42.480469,
        "50" : 29.785156,
        "100" : 0.000000,
        "250" : 0.000000,
        "500" : 0.000000,
        "750" : 0.000000,
        "1000" : 0.000000,
        "2000" : 0.000000,
        ">=2000" : 0.000000
      },
      "latency_depth" : 16,
      "latency_target" : 0,
      "latency_percentile" : 100.000000,
      "latency_window" : 0
    }
  ],
  "disk_util" : [
    {
      "name" : "dm-1",
      "read_ios" : 21923,
      "write_ios" : 704,
      "read_sectors" : 16204536,
      "write_sectors" : 92008,
      "read_merges" : 0,
      "write_merges" : 0,
      "read_ticks" : 213494,
      "write_ticks" : 2445,
      "in_queue" : 215939,
      "util" : 96.297948,
      "aggr_read_ios" : 73870,
      "aggr_write_ios" : 1043,
      "aggr_read_sectors" : 16897216,
      "aggr_write_sectors" : 92976,
      "aggr_read_merges" : 0,
      "aggr_write_merge" : 0,
      "aggr_read_ticks" : 745008,
      "aggr_write_ticks" : 4510,
      "aggr_in_queue" : 749518,
      "aggr_util" : 96.365173
    },
    {
      "name" : "dm-0",
      "read_ios" : 73870,
      "write_ios" : 1043,
      "read_sectors" : 16897216,
      "write_sectors" : 92976,
      "read_merges" : 0,
      "write_merges" : 0,
      "read_ticks" : 745008,
      "write_ticks" : 4510,
      "in_queue" : 749518,
      "util" : 96.365173,
      "aggr_read_ios" : 72206,
      "aggr_write_ios" : 772,
      "aggr_read_sectors" : 16897216,
      "aggr_write_sectors" : 92976,
      "aggr_read_merges" : 1664,
      "aggr_write_merge" : 271,
      "aggr_read_ticks" : 743040,
      "aggr_write_ticks" : 3868,
      "aggr_in_queue" : 747150,
      "aggr_util" : 81.360947
    },
    {
      "name" : "nvme0n1",
      "read_ios" : 72206,
      "write_ios" : 772,
      "read_sectors" : 16897216,
      "write_sectors" : 92976,
      "read_merges" : 1664,
      "write_merges" : 271,
      "read_ticks" : 743040,
      "write_ticks" : 3868,
      "in_queue" : 747150,
      "util" : 81.360947
    }
  ]
}
