{
  "fio version" : "fio-3.36",
  "timestamp" : 1783086375,
  "timestamp_ms" : 1783086375859,
  "time" : "Fri Jul  3 15:46:15 2026",
  "jobs" : [
    {
      "jobname" : "sweep",
      "groupid" : 0,
      "job_start" : 1783086365823,
      "error" : 0,
      "eta" : 0,
      "elapsed" : 11,
      "job options" : {
        "name" : "sweep",
        "filename" : "./fio-testfile",
        "rw" : "read",
        "ioengine" : "libaio",
        "iodepth" : "32",
        "bs" : "4k",
        "direct" : "1",
        "runtime" : "10s",
        "loops" : "1000"
      },
      "read" : {
        "io_bytes" : 4935667712,
        "io_kbytes" : 4819988,
        "bw_bytes" : 493517419,
        "bw" : 481950,
        "iops" : 120487.651235,
        "runtime" : 10001,
        "total_ios" : 1204997,
        "short_ios" : 0,
        "drop_ios" : 0,
        "slat_ns" : {
          "min" : 2769,
          "max" : 1622029,
          "mean" : 4281.112150,
          "stddev" : 3439.380476,
          "N" : 1204997
        },
        "clat_ns" : {
          "min" : 14200,
          "max" : 4975825,
          "mean" : 261078.128658,
          "stddev" : 189246.468284,
          "N" : 1204997,
          "percentile" : {
            "1.000000" : 120320,
            "5.000000" : 132096,
            "10.000000" : 140288,
            "20.000000" : 156672,
            "30.000000" : 171008,
            "40.000000" : 185344,
            "50.000000" : 201728,
            "60.000000" : 226304,
            "70.000000" : 268288,
            "80.000000" : 337920,
            "90.000000" : 436224,
            "95.000000" : 518144,
            "99.000000" : 1318912,
            "99.500000" : 1499136,
            "99.900000" : 1925120,
            "99.950000" : 2056192,
            "99.990000" : 2408448
          }
        },
        "lat_ns" : {
          "min" : 17390,
          "max" : 4979405,
          "mean" : 265359.240807,
          "stddev" : 189106.029898,
          "N" : 1204997
        },
        "bw_min" : 352376,
        "bw_max" : 542344,
        "bw_agg" : 100.000000,
        "bw_mean" : 482189.473684,
        "bw_dev" : 53775.639660,
        "bw_samples" : 19,
        "iops_min" : 88094,
        "iops_max" : 135586,
        "iops_mean" : 120547.473684,
        "iops_stddev" : 13443.766731,
        "iops_samples" : 19
      },
      "write" : {
        "io_bytes" : 0,
        "io_kbytes" : 0,
        "bw_bytes" : 0,
        "bw" : 0,
        "iops" : 0.000000,
        "runtime" : 0,
        "total_ios" : 0,
        "short_ios" : 0,
        "drop_ios" : 0,
        "slat_ns" : {
          "min" : 0,
          "max" : 0,
          "mean" : 0.000000,
          "stddev" : 0.000000,
          "N" : 0
        },
        "clat_ns" : {
          "min" : 0,
          "max" : 0,
          "mean" : 0.000000,
          "stddev" : 0.000000,
          "N" : 0
        },
        "lat_ns" : {
          "min" : 0,
          "max" : 0,
          "mean" : 0.000000,
          "stddev" : 0.000000,
          "N" : 0
        },
        "bw_min" : 0,
        "bw_max" : 0,
        "bw_agg" : 0.000000,
        "bw_mean" : 0.000000,
        "bw_dev" : 0.000000,
        "bw_samples" : 0,
        "iops_min" : 0,
        "iops_max" : 0,
        "iops_mean" : 0.000000,
        "iops_stddev" : 0.000000,
        "iops_samples" : 0
      },
      "trim" : {
        "io_bytes" : 0,
        "io_kbytes" : 0,
        "bw_bytes" : 0,
        "bw" : 0,
        "iops" : 0.000000,
        "runtime" : 0,
        "total_ios" : 0,
        "short_ios" : 0,
        "drop_ios" : 0,
        "slat_ns" : {
          "min" : 0,
          "max" : 0,
          "mean" : 0.000000,
          "stddev" : 0.000000,
          "N" : 0
        },
        "clat_ns" : {
          "min" : 0,
          "max" : 0,
          "mean" : 0.000000,
          "stddev" : 0.000000,
          "N" : 0
        },
        "lat_ns" : {
          "min" : 0,
          "max" : 0,
          "mean" : 0.000000,
          "stddev" : 0.000000,
          "N" : 0
        },
        "bw_min" : 0,
        "bw_max" : 0,
        "bw_agg" : 0.000000,
        "bw_mean" : 0.000000,
        "bw_dev" : 0.000000,
        "bw_samples" : 0,
        "iops_min" : 0,
        "iops_max" : 0,
        "iops_mean" : 0.000000,
        "iops_stddev" : 0.000000,
        "iops_samples" : 0
      },
      "sync" : {
        "total_ios" : 0,
        "lat_ns" : {
          "min" : 0,
          "max" : 0,
          "mean" : 0.000000,
          "stddev" : 0.000000,
          "N" : 0
        }
      },
      "job_runtime" : 10000,
      "usr_cpu" : 13.140000,
      "sys_cpu" : 53.560000,
      "ctx" : 103331,
      "majf" : 0,
      "minf" : 45,
      "iodepth_level" : {
        "1" : 0.100000,
        "2" : 0.100000,
        "4" : 0.100000,
        "8" : 0.100000,
        "16" : 0.100000,
        "32" : 99.997427,
        ">=64" : 0.000000
      },
      "iodepth_submit" : {
        "0" : 0.000000,
        "4" : 100.000000,
        "8" : 0.000000,
        "16" : 0.000000,
        "32" : 0.000000,
        "64" : 0.000000,
        ">=64" : 0.000000
      },
      "iodepth_complete" : {
        "0" : 0.000000,
        "4" : 99.999917,
        "8" : 0.000000,
        "16" : 0.000000,
        "32" : 0.100000,
        "64" : 0.000000,
        ">=64" : 0.000000
      },
      "latency_ns" : {
        "2" : 0.000000,
        "4" : 0.000000,
        "10" : 0.000000,
        "20" : 0.000000,
        "50" : 0.000000,
        "100" : 0.000000,
        "250" : 0.000000,
        "500" : 0.000000,
        "750" : 0.000000,
        "1000" : 0.000000
      },
      "latency_us" : {
        "2" : 0.000000,
        "4" : 0.000000,
        "10" : 0.000000,
        "20" : 0.010000,
        "50" : 0.126307,
        "100" : 0.425478,
        "250" : 65.898504,
        "500" : 27.675422,
        "750" : 4.317189,
        "1000" : 0.221162
      },
      "latency_ms" : {
        "2" : 1.260750,
        "4" : 0.070042,
        "10" : 0.010000,
        "20" : 0.000000,
        "50" : 0.000000,
        "100" : 0.000000,
        "250" : 0.000000,
        "500" : 0.000000,
        "750" : 0.000000,
        "1000" : 0.000000,
        "2000" : 0.000000,
        ">=2000" : 0.000000
      },
      "latency_depth" : 32,
      "latency_target" : 0,
      "latency_percentile" : 100.000000,
      "latency_window" : 0
    }
  ],
  "disk_util" : [
    {
      "name" : "dm-1",
      "read_ios" : 1192159,
      "write_ios" : 4374,
      "read_sectors" : 9611992,
      "write_sectors" : 276648,
      "read_merges" : 0,
      "write_merges" : 0,
      "read_ticks" : 223965,
      "write_ticks" : 3005,
      "in_queue" : 226970,
      "util" : 99.019215,
      "aggr_read_ios" : 1205993,
      "aggr_write_ios" : 5183,
      "aggr_read_sectors" : 9722664,
      "aggr_write_sectors" : 276648,
      "aggr_read_merges" : 0,
      "aggr_write_merge" : 0,
      "aggr_read_ticks" : 225318,
      "aggr_write_ticks" : 3791,
      "aggr_in_queue" : 229109,
      "aggr_util" : 98.677458
    },
    {
      "name" : "dm-0",
      "read_ios" : 1205993,
      "write_ios" : 5183,
      "read_sectors" : 9722664,
      "write_sectors" : 276648,
      "read_merges" : 0,
      "write_merges" : 0,
      "read_ticks" : 225318,
      "write_ticks" : 3791,
      "in_queue" : 229109,
      "util" : 98.677458,
      "aggr_read_ios" : 1205791,
      "aggr_write_ios" : 3397,
      "aggr_read_sectors" : 9722664,
      "aggr_write_sectors" : 276648,
      "aggr_read_merges" : 202,
      "aggr_write_merge" : 1786,
      "aggr_read_ticks" : 217565,
      "aggr_write_ticks" : 3007,
      "aggr_in_queue" : 220990,
      "aggr_util" : 57.925385
    },
    {
      "name" : "nvme0n1",
      "read_ios" : 1205791,
      "write_ios" : 3397,
      "read_sectors" : 9722664,
      "write_sectors" : 276648,
      "read_merges" : 202,
      "write_merges" : 1786,
      "read_ticks" : 217565,
      "write_ticks" : 3007,
      "in_queue" : 220990,