{
  "fio version" : "fio-3.36",
  "timestamp" : 1783086447,
  "timestamp_ms" : 1783086447942,
  "time" : "Fri Jul  3 15:47:27 2026",
  "jobs" : [
    {
      "jobname" : "sweep",
      "groupid" : 0,
      "job_start" : 1783086437905,
      "error" : 0,
      "eta" : 0,
      "elapsed" : 11,
      "job options" : {
        "name" : "sweep",
        "filename" : "./fio-testfile",
        "rw" : "read",
        "ioengine" : "libaio",
        "iodepth" : "64",
        "bs" : "64k",
        "direct" : "1",
        "runtime" : "10s",
        "loops" : "1000"
      },
      "read" : {
        "io_bytes" : 39088947200,
        "io_kbytes" : 38172800,
        "bw_bytes" : 3908503869,
        "bw" : 3816898,
        "iops" : 59639.036096,
        "runtime" : 10001,
        "total_ios" : 596450,
        "short_ios" : 0,
        "drop_ios" : 0,
        "slat_ns" : {
          "min" : 4580,
          "max" : 3153579,
          "mean" : 7832.335046,
          "stddev" : 14512.146264,
          "N" : 596450
        },
        "clat_ns" : {
          "min" : 191337,
          "max" : 71890542,
          "mean" : 1064971.242094,
          "stddev" : 1097438.721016,
          "N" : 596450,
          "percentile" : {
            "1.000000" : 593920,
            "5.000000" : 724992,
            "10.000000" : 765952,
            "20.000000" : 815104,
            "30.000000" : 847872,
            "40.000000" : 880640,
            "50.000000" : 905216,
            "60.000000" : 937984,
            "70.000000" : 978944,
            "80.000000" : 1036288,
            "90.000000" : 1187840,
            "95.000000" : 1646592,
            "99.000000" : 4816896,
            "99.500000" : 6914048,
            "99.900000" : 11730944,
            "99.950000" : 14090240,
            "99.990000" : 62652416
          }
        },
        "lat_ns" : {
          "min" : 197927,
          "max" : 71897742,
          "mean" : 1072803.577140,
          "stddev" : 1097588.140766,
          "N" : 596450
        },
        "bw_min" : 1830016,
        "bw_max" : 4431488,
        "bw_agg" : 99.807637,
        "bw_mean" : 3809556.210526,
        "bw_dev" : 726791.609855,
        "bw_samples" : 19,
        "iops_min" : 28594,
        "iops_max" : 69242,
        "iops_mean" : 59524.315789,
        "iops_stddev" : 11356.118904,
        "iops_samples" : 19
      },
      "write" : {
        "io_bytes" : 0,
        "io_kbytes" : 0,
        "bw_bytes" : 0,
        "bw" : 0,
        "iops" : 0.000000,
        "runtime" : 0,
        "total_ios" : 0,
        "short_ios" : 0,
        "drop_ios" : 0,
        "slat_ns" : {
          "min" : 0,
          "max" : 0,
          "mean" : 0.000000,
          "stddev" : 0.000000,
          "N" : 0
        },
        "clat_ns" : {
          "min" : 0,
          "max" : 0,
          "mean" : 0.000000,
          "stddev" : 0.000000,
          "N" : 0
        },
        "lat_ns" : {
          "min" : 0,
          "max" : 0,
          "mean" : 0.000000,
          "stddev" : 0.000000,
          "N" : 0
        },
        "bw_min" : 0,
        "bw_max" : 0,
        "bw_agg" : 0.000000,
        "bw_mean" : 0.000000,
        "bw_dev" : 0.000000,
        "bw_samples" : 0,
        "iops_min" : 0,
        "iops_max" : 0,
        "iops_mean" : 0.000000,
        "iops_stddev" : 0.000000,
        "iops_samples" : 0
      },
      "trim" : {
        "io_bytes" : 0,
        "io_kbytes" : 0,
        "bw_bytes" : 0,
        "bw" : 0,
        "iops" : 0.000000,
        "runtime" : 0,
        "total_ios" : 0,
        "short_ios" : 0,
        "drop_ios" : 0,
        "slat_ns" : {
          "min" : 0,
          "max" : 0,
          "mean" : 0.000000,
          "stddev" : 0.000000,
          "N" : 0
        },
        "clat_ns" : {
          "min" : 0,
          "max" : 0,
          "mean" : 0.000000,
          "stddev" : 0.000000,
          "N" : 0
        },
        "lat_ns" : {
          "min" : 0,
          "max" : 0,
          "mean" : 0.000000,
          "stddev" : 0.000000,
          "N" : 0
        },
        "bw_min" : 0,
        "bw_max" : 0,
        "bw_agg" : 0.000000,
        "bw_mean" : 0.000000,
        "bw_dev" : 0.000000,
        "bw_samples" : 0,
        "iops_min" : 0,
        "iops_max" : 0,
        "iops_mean" : 0.000000,
        "iops_stddev" : 0.000000,
        "iops_samples" : 0
      },
      "sync" : {
        "total_ios" : 0,
        "lat_ns" : {
          "min" : 0,
          "max" : 0,
          "mean" : 0.000000,
          "stddev" : 0.000000,
          "N" : 0
        }
      },
      "job_runtime" : 10000,
      "usr_cpu" : 6.140000,
      "sys_cpu" : 50.890000,
      "ctx" : 223297,
      "majf" : 0,
      "minf" : 1036,
      "iodepth_level" : {
        "1" : 0.100000,
        "2" : 0.100000,
        "4" : 0.100000,
        "8" : 0.100000,
        "16" : 0.100000,
        "32" : 0.100000,
        ">=64" : 99.989438
      },
      "iodepth_submit" : {
        "0" : 0.000000,
        "4" : 100.000000,
        "8" : 0.000000,
        "16" : 0.000000,
        "32" : 0.000000,
        "64" : 0.000000,
        ">=64" : 0.000000
      },
      "iodepth_complete" : {
        "0" : 0.000000,
        "4" : 99.999832,
        "8" : 0.000000,
        "16" : 0.000000,
        "32" : 0.000000,
        "64" : 0.100000,
        ">=64" : 0.000000
      },
      "latency_ns" : {
        "2" : 0.000000,
        "4" : 0.000000,
        "10" : 0.000000,
        "20" : 0.000000,
        "50" : 0.000000,
        "100" : 0.000000,
        "250" : 0.000000,
        "500" : 0.000000,
        "750" : 0.000000,
        "1000" : 0.000000
      },
      "latency_us" : {
        "2" : 0.000000,
        "4" : 0.000000,
        "10" : 0.000000,
        "20" : 0.000000,
        "50" : 0.000000,
        "100" : 0.000000,
        "250" : 0.010000,
        "500" : 0.296253,
        "750" : 7.119792,
        "1000" : 66.358622
      },
      "latency_ms" : {
        "2" : 22.098248,
        "4" : 2.751111,
        "10" : 1.205298,
        "20" : 0.145695,
        "50" : 0.014754,
        "100" : 0.010060,
        "250" : 0.000000,
        "500" : 0.000000,
        "750" : 0.000000,
        "1000" : 0.000000,
        "2000" : 0.000000,
        ">=2000" : 0.000000
      },
      "latency_depth" : 64,
      "latency_target" : 0,
      "latency_percentile" : 100.000000,
      "latency_window" : 0
    }
  ],
  "disk_util" : [
    {
      "name" : "dm-1",
      "read_ios" : 661827,
      "write_ios" : 5215,
      "read_sectors" : 75682400,
      "write_sectors" : 383720,
      "read_merges" : 0,
      "write_merges" : 0,
      "read_ticks" : 680085,
      "write_ticks" : 894510,
      "in_queue" : 1574595,
      "util" : 98.889000,
      "aggr_read_ios" : 667693,
      "aggr_write_ios" : 6352,
      "aggr_read_sectors" : 76351168,
      "aggr_write_sectors" : 398312,
      "aggr_read_merges" : 0,
      "aggr_write_merge" : 0,
      "aggr_read_ticks" : 686917,
      "aggr_write_ticks" : 1337439,
      "aggr_in_queue" : 2024356,
      "aggr_util" : 98.894591
    },
    {
      "name" : "dm-0",
      "read_ios" : 667693,
      "write_ios" : 6352,
      "read_sectors" : 76351168,
      "write_sectors" : 398312,
      "read_merges" : 0,
      "write_merges" : 0,
      "read_ticks" : 686917,
      "write_ticks" : 1337439,
      "in_queue" : 2024356,
      "util" : 98.894591,
      "aggr_read_ios" : 667665,
      "aggr_write_ios" : 4669,
      "aggr_read_sectors" : 76351168,
      "aggr_write_sectors" : 398312,
      "aggr_read_merges" : 28,
      "aggr_write_merge" : 1683,
      "aggr_read_ticks" : 664250,
      "aggr_write_ticks" : 922502,
      "aggr_in_queue" : 1587562,
      "aggr_util" : 62.149625
    },
    {
      "name" : "nvme0n1",
      "read_ios" : 667665,
      "write_ios" : 4669,
      "read_sectors" : 76351168,
      "write_sectors" : 398312,
      "read_merges" : 28,
      "write_merges" : 1683,
      "read_ticks" : 664250,
      "write_ticks" : 922502,
      "in_queue" : 1587562,