{
  "fio version" : "fio-3.41",
  "timestamp" : 1783091584,
  "timestamp_ms" : 1783091584600,
  "time" : "Fri Jul  3 17:13:04 2026",
  "jobs" : [
    {
      "jobname" : "sweep",
      "groupid" : 0,
      "job_start" : 1783091574453,
      "error" : 0,
      "eta" : 0,
      "elapsed" : 11,
      "job options" : {
        "name" : "sweep",
        "filename" : "./fio-testfile",
        "rw" : "read",
        "ioengine" : "libaio",
        "iodepth" : "32",
        "bs" : "256k",
        "direct" : "1",
        "time_based" : "",
        "runtime" : "10s",
        "loops" : "1000",
        "group_reporting" : ""
      },
      "read" : {
        "io_bytes" : 50810585088,
        "io_kbytes" : 49619712,
        "bw_bytes" : 5080042500,
        "bw" : 4960979,
        "iops" : 19378.824235,
        "runtime" : 10002,
        "total_ios" : 193827,
        "short_ios" : 0,
        "drop_ios" : 0,
        "slat_ns" : {
          "min" : 23432,
          "max" : 695642,
          "mean" : 48850.240591,
          "stddev" : 13754.113044,
          "N" : 193827
        },
        "clat_ns" : {
          "min" : 727516,
          "max" : 5973661,
          "mean" : 1601384.240849,
          "stddev" : 341661.154724,
          "N" : 193827,
          "percentile" : {
            "1.000000" : 1028096,
            "5.000000" : 1105920,
            "10.000000" : 1171456,
            "20.000000" : 1253376,
            "30.000000" : 1318912,
            "40.000000" : 1449984,
            "50.000000" : 1630208,
            "60.000000" : 1777664,
            "70.000000" : 1859584,
            "80.000000" : 1908736,
            "90.000000" : 1974272,
            "95.000000" : 2056192,
            "99.000000" : 2473984,
            "99.500000" : 2539520,
            "99.900000" : 2703360,
            "99.950000" : 2736128,
            "99.990000" : 3489792
          }
        },
        "lat_ns" : {
          "min" : 760611,
          "max" : 6259115,
          "mean" : 1650234.481440,
          "stddev" : 353287.724646,
          "N" : 193827
        },
        "bw_min" : 4611584,
        "bw_max" : 5670400,
        "bw_agg" : 100.000000,
        "bw_mean" : 4961971.200000,
        "bw_dev" : 275918.589151,
        "bw_samples" : 20,
        "iops_min" : 18014,
        "iops_max" : 22150,
        "iops_mean" : 19382.700000,
        "iops_stddev" : 1077.806989,
        "iops_samples" : 20
      },
      "write" : {
        "io_bytes" : 0,
        "io_kbytes" : 0,
        "bw_bytes" : 0,
        "bw" : 0,
        "iops" : 0.000000,
        "runtime" : 0,
        "total_ios" : 0,
        "short_ios" : 0,
        "drop_ios" : 0,
        "slat_ns" : {
          "min" : 0,
          "max" : 0,
          "mean" : 0.000000,
          "stddev" : 0.000000,
          "N" : 0
        },
        "clat_ns" : {
          "min" : 0,
          "max" : 0,
          "mean" : 0.000000,
          "stddev" : 0.000000,
          "N" : 0
        },
        "lat_ns" : {
          "min" : 0,
          "max" : 0,
          "mean" : 0.000000,
          "stddev" : 0.000000,
          "N" : 0
        },
        "bw_min" : 0,
        "bw_max" : 0,
        "bw_agg" : 0.000000,
        "bw_mean" : 0.000000,
        "bw_dev" : 0.000000,
        "bw_samples" : 0,
        "iops_min" : 0,
        "iops_max" : 0,
        "iops_mean" : 0.000000,
        "iops_stddev" : 0.000000,
        "iops_samples" : 0
      },
      "trim" : {
        "io_bytes" : 0,
        "io_kbytes" : 0,
        "bw_bytes" : 0,
        "bw" : 0,
        "iops" : 0.000000,
        "runtime" : 0,
        "total_ios" : 0,
        "short_ios" : 0,
        "drop_ios" : 0,
        "slat_ns" : {
          "min" : 0,
          "max" : 0,
          "mean" : 0.000000,
          "stddev" : 0.000000,
          "N" : 0
        },
        "clat_ns" : {
          "min" : 0,
          "max" : 0,
          "mean" : 0.000000,
          "stddev" : 0.000000,
          "N" : 0
        },
        "lat_ns" : {
          "min" : 0,
          "max" : 0,
          "mean" : 0.000000,
          "stddev" : 0.000000,
          "N" : 0
        },
        "bw_min" : 0,
        "bw_max" : 0,
        "bw_agg" : 0.000000,
        "bw_mean" : 0.000000,
        "bw_dev" : 0.000000,
        "bw_samples" : 0,
        "iops_min" : 0,
        "iops_max" : 0,
        "iops_mean" : 0.000000,
        "iops_stddev" : 0.000000,
        "iops_samples" : 0
      },
      "sync" : {
        "total_ios" : 0,
        "lat_ns" : {
          "min" : 0,
          "max" : 0,
          "mean" : 0.000000,
          "stddev" : 0.000000,
          "N" : 0
        }
      },
      "job_runtime" : 10001,
      "usr_cpu" : 2.029797,
      "sys_cpu" : 95.400460,
      "ctx" : 9368,
      "majf" : 0,
      "minf" : 2056,
      "iodepth_level" : {
        "1" : 0.100000,
        "2" : 0.100000,
        "4" : 0.100000,
        "8" : 0.100000,
        "16" : 0.100000,
        "32" : 99.984006,
        ">=64" : 0.000000
      },
      "iodepth_submit" : {
        "0" : 0.000000,
        "4" : 100.000000,
        "8" : 0.000000,
        "16" : 0.000000,
        "32" : 0.000000,
        "64" : 0.000000,
        ">=64" : 0.000000
      },
      "iodepth_complete" : {
        "0" : 0.000000,
        "4" : 99.999484,
        "8" : 0.000000,
        "16" : 0.000000,
        "32" : 0.100000,
        "64" : 0.000000,
        ">=64" : 0.000000
      },
      "latency_ns" : {
        "2" : 0.000000,
        "4" : 0.000000,
        "10" : 0.000000,
        "20" : 0.000000,
        "50" : 0.000000,
        "100" : 0.000000,
        "250" : 0.000000,
        "500" : 0.000000,
        "750" : 0.000000,
        "1000" : 0.000000
      },
      "latency_us" : {
        "2" : 0.000000,
        "4" : 0.000000,
        "10" : 0.000000,
        "20" : 0.000000,
        "50" : 0.000000,
        "100" : 0.000000,
        "250" : 0.000000,
        "500" : 0.000000,
        "750" : 0.010000,
        "1000" : 0.424605
      },
      "latency_ms" : {
        "2" : 91.071935,
        "4" : 8.496236,
        "10" : 0.010000,
        "20" : 0.000000,
        "50" : 0.000000,
        "100" : 0.000000,
        "250" : 0.000000,
        "500" : 0.000000,
        "750" : 0.000000,
        "1000" : 0.000000,
        "2000" : 0.000000,
        ">=2000" : 0.000000
      },
      "latency_depth" : 32,
      "latency_target" : 0,
      "latency_percentile" : 100.000000,
      "latency_window" : 0
    }
  ],
  "disk_util" : [
    {
      "name" : "dm-1",
      "read_ios" : 191346,
      "write_ios" : 824,
      "read_sectors" : 97969152,
      "write_sectors" : 8080,
      "read_merges" : 0,
      "write_merges" : 0,
      "read_ticks" : 104021,
      "write_ticks" : 146,
      "in_queue" : 104167,
      "util" : 99.068976,
      "aggr_read_ios" : 387654,
      "aggr_write_ios" : 875,
      "aggr_read_sectors" : 99239424,
      "aggr_write_sectors" : 8080,
      "aggr_read_merges" : 0,
      "aggr_write_merge" : 0,
      "aggr_read_ticks" : 205799,
      "aggr_write_ticks" : 144,
      "aggr_in_queue" : 205943,
      "aggr_util" : 98.483506
    },
    {
      "name" : "dm-0",
      "read_ios" : 387654,
      "write_ios" : 875,
      "read_sectors" : 99239424,
      "write_sectors" : 8080,
      "read_merges" : 0,
      "write_merges" : 0,
      "read_ticks" : 205799,
      "write_ticks" : 144,
      "in_queue" : 205943,
      "util" : 98.483506,
      "aggr_read_ios" : 387654,
      "aggr_write_ios" : 484,
      "aggr_read_sectors" : 99239424,
      "aggr_write_sectors" : 8080,
      "aggr_read_merges" : 0,
      "aggr_write_merge" : 391,
      "aggr_read_ticks" : 168830,
      "aggr_write_ticks" : 71,
      "aggr_in_queue" : 168921,
      "aggr_util" : 73.677991
    },
    {
      "name" : "nvme0n1",
      "read_ios" : 387654,
      "write_ios" : 484,
      "read_sectors" : 99239424,
      "write_sectors" : 8080,
      "read_merges" : 0,
      "write_merges" : 391,
      "read_ticks" : 168830,
      "write_ticks" : 71,