{
  "fio version" : "fio-3.36",
  "timestamp" : 1783086344,
  "timestamp_ms" : 1783086344979,
  "time" : "Fri Jul  3 15:45:44 2026",
  "jobs" : [
    {
      "jobname" : "sweep",
      "groupid" : 0,
      "job_start" : 1783086334937,
      "error" : 0,
      "eta" : 0,
      "elapsed" : 11,
      "job options" : {
        "name" : "sweep",
        "filename" : "./fio-testfile",
        "rw" : "read",
        "ioengine" : "libaio",
        "iodepth" : "4",
        "bs" : "4k",
        "direct" : "1",
        "runtime" : "10s",
        "loops" : "1000"
      },
      "read" : {
        "io_bytes" : 3498401792,
        "io_kbytes" : 3416408,
        "bw_bytes" : 349805198,
        "bw" : 341606,
        "iops" : 85401.659834,
        "runtime" : 10001,
        "total_ios" : 854102,
        "short_ios" : 0,
        "drop_ios" : 0,
        "slat_ns" : {
          "min" : 2760,
          "max" : 761721,
          "mean" : 4072.238829,
          "stddev" : 1974.531057,
          "N" : 854102
        },
        "clat_ns" : {
          "min" : 8369,
          "max" : 4462241,
          "mean" : 42565.579773,
          "stddev" : 67444.914403,
          "N" : 854102,
          "percentile" : {
            "1.000000" : 14528,
            "5.000000" : 15168,
            "10.000000" : 16512,
            "20.000000" : 20096,
            "30.000000" : 23424,
            "40.000000" : 25472,
            "50.000000" : 27776,
            "60.000000" : 33024,
            "70.000000" : 42752,
            "80.000000" : 51456,
            "90.000000" : 63744,
            "95.000000" : 109056,
            "99.000000" : 214016,
            "99.500000" : 250880,
            "99.900000" : 1236992,
            "99.950000" : 1286144,
            "99.990000" : 1712128
          }
        },
        "lat_ns" : {
          "min" : 14839,
          "max" : 4466071,
          "mean" : 46637.818601,
          "stddev" : 67414.991361,
          "N" : 854102
        },
        "bw_min" : 269208,
        "bw_max" : 368552,
        "bw_agg" : 99.644141,
        "bw_mean" : 340392.000000,
        "bw_dev" : 29952.554007,
        "bw_samples" : 19,
        "iops_min" : 67302,
        "iops_max" : 92140,
        "iops_mean" : 85098.000000,
        "iops_stddev" : 7488.181058,
        "iops_samples" : 19
      },
      "write" : {
        "io_bytes" : 0,
        "io_kbytes" : 0,
        "bw_bytes" : 0,
        "bw" : 0,
        "iops" : 0.000000,
        "runtime" : 0,
        "total_ios" : 0,
        "short_ios" : 0,
        "drop_ios" : 0,
        "slat_ns" : {
          "min" : 0,
          "max" : 0,
          "mean" : 0.000000,
          "stddev" : 0.000000,
          "N" : 0
        },
        "clat_ns" : {
          "min" : 0,
          "max" : 0,
          "mean" : 0.000000,
          "stddev" : 0.000000,
          "N" : 0
        },
        "lat_ns" : {
          "min" : 0,
          "max" : 0,
          "mean" : 0.000000,
          "stddev" : 0.000000,
          "N" : 0
        },
        "bw_min" : 0,
        "bw_max" : 0,
        "bw_agg" : 0.000000,
        "bw_mean" : 0.000000,
        "bw_dev" : 0.000000,
        "bw_samples" : 0,
        "iops_min" : 0,
        "iops_max" : 0,
        "iops_mean" : 0.000000,
        "iops_stddev" : 0.000000,
        "iops_samples" : 0
      },
      "trim" : {
        "io_bytes" : 0,
        "io_kbytes" : 0,
        "bw_bytes" : 0,
        "bw" : 0,
        "iops" : 0.000000,
        "runtime" : 0,
        "total_ios" : 0,
        "short_ios" : 0,
        "drop_ios" : 0,
        "slat_ns" : {
          "min" : 0,
          "max" : 0,
          "mean" : 0.000000,
          "stddev" : 0.000000,
          "N" : 0
        },
        "clat_ns" : {
          "min" : 0,
          "max" : 0,
          "mean" : 0.000000,
          "stddev" : 0.000000,
          "N" : 0
        },
        "lat_ns" : {
          "min" : 0,
          "max" : 0,
          "mean" : 0.000000,
          "stddev" : 0.000000,
          "N" : 0
        },
        "bw_min" : 0,
        "bw_max" : 0,
        "bw_agg" : 0.000000,
        "bw_mean" : 0.000000,
        "bw_dev" : 0.000000,
        "bw_samples" : 0,
        "iops_min" : 0,
        "iops_max" : 0,
        "iops_mean" : 0.000000,
        "iops_stddev" : 0.000000,
        "iops_samples" : 0
      },
      "sync" : {
        "total_ios" : 0,
        "lat_ns" : {
          "min" : 0,
          "max" : 0,
          "mean" : 0.000000,
          "stddev" : 0.000000,
          "N" : 0
        }
      },
      "job_runtime" : 10000,
      "usr_cpu" : 9.950000,
      "sys_cpu" : 39.960000,
      "ctx" : 231446,
      "majf" : 0,
      "minf" : 17,
      "iodepth_level" : {
        "1" : 0.100000,
        "2" : 0.100000,
        "4" : 99.999649,
        "8" : 0.000000,
        "16" : 0.000000,
        "32" : 0.000000,
        ">=64" : 0.000000
      },
      "iodepth_submit" : {
        "0" : 0.000000,
        "4" : 100.000000,
        "8" : 0.000000,
        "16" : 0.000000,
        "32" : 0.000000,
        "64" : 0.000000,
        ">=64" : 0.000000
      },
      "iodepth_complete" : {
        "0" : 0.000000,
        "4" : 100.000000,
        "8" : 0.000000,
        "16" : 0.000000,
        "32" : 0.000000,
        "64" : 0.000000,
        ">=64" : 0.000000
      },
      "latency_ns" : {
        "2" : 0.000000,
        "4" : 0.000000,
        "10" : 0.000000,
        "20" : 0.000000,
        "50" : 0.000000,
        "100" : 0.000000,
        "250" : 0.000000,
        "500" : 0.000000,
        "750" : 0.000000,
        "1000" : 0.000000
      },
      "latency_us" : {
        "2" : 0.000000,
        "4" : 0.000000,
        "10" : 0.010000,
        "20" : 19.933568,
        "50" : 58.265055,
        "100" : 16.223940,
        "250" : 5.073165,
        "500" : 0.282870,
        "750" : 0.012996,
        "1000" : 0.013464
      },
      "latency_ms" : {
        "2" : 0.192015,
        "4" : 0.010000,
        "10" : 0.010000,
        "20" : 0.000000,
        "50" : 0.000000,
        "100" : 0.000000,
        "250" : 0.000000,
        "500" : 0.000000,
        "750" : 0.000000,
        "1000" : 0.000000,
        "2000" : 0.000000,
        ">=2000" : 0.000000
      },
      "latency_depth" : 4,
      "latency_target" : 0,
      "latency_percentile" : 100.000000,
      "latency_window" : 0
    }
  ],
  "disk_util" : [
    {
      "name" : "dm-1",
      "read_ios" : 844754,
      "write_ios" : 2845,
      "read_sectors" : 6768456,
      "write_sectors" : 267216,
      "read_merges" : 0,
      "write_merges" : 0,
      "read_ticks" : 32064,
      "write_ticks" : 1065,
      "in_queue" : 33129,
      "util" : 97.387910,
      "aggr_read_ios" : 854364,
      "aggr_write_ios" : 3680,
      "aggr_read_sectors" : 6845336,
      "aggr_write_sectors" : 267216,
      "aggr_read_merges" : 0,
      "aggr_write_merge" : 0,
      "aggr_read_ticks" : 31872,
      "aggr_write_ticks" : 1820,
      "aggr_in_queue" : 33692,
      "aggr_util" : 96.715004
    },
    {
      "name" : "dm-0",
      "read_ios" : 854364,
      "write_ios" : 3680,
      "read_sectors" : 6845336,
      "write_sectors" : 267216,
      "read_merges" : 0,
      "write_merges" : 0,
      "read_ticks" : 31872,
      "write_ticks" : 1820,
      "in_queue" : 33692,
      "util" : 96.715004,
      "aggr_read_ios" : 854244,
      "aggr_write_ios" : 2465,
      "aggr_read_sectors" : 6845336,
      "aggr_write_sectors" : 267216,
      "aggr_read_merges" : 120,
      "aggr_write_merge" : 1215,
      "aggr_read_ticks" : 27180,
      "aggr_write_ticks" : 1549,
      "aggr_in_queue" : 28998,
      "aggr_util" : 66.143830
    },
    {
      "name" : "nvme0n1",
      "read_ios" : 854244,
      "write_ios" : 2465,
      "read_sectors" : 6845336,
      "write_sectors" : 267216,
      "read_merges" : 120,
      "write_merges" : 1215,
      "read_ticks" : 27180,
      "write_ticks" : 1549,
      "in_queue" : 28998,
      "util" : 66.143830
    }
  ]
}
