{
  "fio version" : "fio-3.41",
  "timestamp" : 1783091615,
  "timestamp_ms" : 1783091615958,
  "time" : "Fri Jul  3 17:13:35 2026",
  "jobs" : [
    {
      "jobname" : "sweep",
      "groupid" : 0,
      "job_start" : 1783091605812,
      "error" : 0,
      "eta" : 0,
      "elapsed" : 11,
      "job options" : {
        "name" : "sweep",
        "filename" : "./fio-testfile",
        "rw" : "read",
        "ioengine" : "libaio",
        "iodepth" : "4",
        "bs" : "1M",
        "direct" : "1",
        "time_based" : "",
        "runtime" : "10s",
        "loops" : "1000",
        "group_reporting" : ""
      },
      "read" : {
        "io_bytes" : 51619299328,
        "io_kbytes" : 50409472,
        "bw_bytes" : 5161413791,
        "bw" : 5040443,
        "iops" : 4922.307769,
        "runtime" : 10001,
        "total_ios" : 49228,
        "short_ios" : 0,
        "drop_ios" : 0,
        "slat_ns" : {
          "min" : 90310,
          "max" : 802154,
          "mean" : 193953.997806,
          "stddev" : 47539.034125,
          "N" : 49228
        },
        "clat_ns" : {
          "min" : 247351,
          "max" : 3752305,
          "mean" : 618027.195905,
          "stddev" : 124225.552981,
          "N" : 49228,
          "percentile" : {
            "1.000000" : 382976,
            "5.000000" : 428032,
            "10.000000" : 456704,
            "20.000000" : 497664,
            "30.000000" : 536576,
            "40.000000" : 585728,
            "50.000000" : 634880,
            "60.000000" : 675840,
            "70.000000" : 700416,
            "80.000000" : 716800,
            "90.000000" : 741376,
            "95.000000" : 774144,
            "99.000000" : 888832,
            "99.500000" : 954368,
            "99.900000" : 1318912,
            "99.950000" : 1695744,
            "99.990000" : 2473984
          }
        },
        "lat_ns" : {
          "min" : 377611,
          "max" : 4029893,
          "mean" : 811981.193711,
          "stddev" : 163532.516876,
          "N" : 49228
        },
        "bw_min" : 4630528,
        "bw_max" : 5689344,
        "bw_agg" : 100.000000,
        "bw_mean" : 5040947.200000,
        "bw_dev" : 261613.273282,
        "bw_samples" : 20,
        "iops_min" : 4522,
        "iops_max" : 5556,
        "iops_mean" : 4922.800000,
        "iops_stddev" : 255.481712,
        "iops_samples" : 20
      },
      "write" : {
        "io_bytes" : 0,
        "io_kbytes" : 0,
        "bw_bytes" : 0,
        "bw" : 0,
        "iops" : 0.000000,
        "runtime" : 0,
        "total_ios" : 0,
        "short_ios" : 0,
        "drop_ios" : 0,
        "slat_ns" : {
          "min" : 0,
          "max" : 0,
          "mean" : 0.000000,
          "stddev" : 0.000000,
          "N" : 0
        },
        "clat_ns" : {
          "min" : 0,
          "max" : 0,
          "mean" : 0.000000,
          "stddev" : 0.000000,
          "N" : 0
        },
        "lat_ns" : {
          "min" : 0,
          "max" : 0,
          "mean" : 0.000000,
          "stddev" : 0.000000,
          "N" : 0
        },
        "bw_min" : 0,
        "bw_max" : 0,
        "bw_agg" : 0.000000,
        "bw_mean" : 0.000000,
        "bw_dev" : 0.000000,
        "bw_samples" : 0,
        "iops_min" : 0,
        "iops_max" : 0,
        "iops_mean" : 0.000000,
        "iops_stddev" : 0.000000,
        "iops_samples" : 0
      },
      "trim" : {
        "io_bytes" : 0,
        "io_kbytes" : 0,
        "bw_bytes" : 0,
        "bw" : 0,
        "iops" : 0.000000,
        "runtime" : 0,
        "total_ios" : 0,
        "short_ios" : 0,
        "drop_ios" : 0,
        "slat_ns" : {
          "min" : 0,
          "max" : 0,
          "mean" : 0.000000,
          "stddev" : 0.000000,
          "N" : 0
        },
        "clat_ns" : {
          "min" : 0,
          "max" : 0,
          "mean" : 0.000000,
          "stddev" : 0.000000,
          "N" : 0
        },
        "lat_ns" : {
          "min" : 0,
          "max" : 0,
          "mean" : 0.000000,
          "stddev" : 0.000000,
          "N" : 0
        },
        "bw_min" : 0,
        "bw_max" : 0,
        "bw_agg" : 0.000000,
        "bw_mean" : 0.000000,
        "bw_dev" : 0.000000,
        "bw_samples" : 0,
        "iops_min" : 0,
        "iops_max" : 0,
        "iops_mean" : 0.000000,
        "iops_stddev" : 0.000000,
        "iops_samples" : 0
      },
      "sync" : {
        "total_ios" : 0,
        "lat_ns" : {
          "min" : 0,
          "max" : 0,
          "mean" : 0.000000,
          "stddev" : 0.000000,
          "N" : 0
        }
      },
      "job_runtime" : 10000,
      "usr_cpu" : 0.580000,
      "sys_cpu" : 95.820000,
      "ctx" : 5904,
      "majf" : 0,
      "minf" : 1033,
      "iodepth_level" : {
        "1" : 0.100000,
        "2" : 0.100000,
        "4" : 99.993906,
        "8" : 0.000000,
        "16" : 0.000000,
        "32" : 0.000000,
        ">=64" : 0.000000
      },
      "iodepth_submit" : {
        "0" : 0.000000,
        "4" : 100.000000,
        "8" : 0.000000,
        "16" : 0.000000,
        "32" : 0.000000,
        "64" : 0.000000,
        ">=64" : 0.000000
      },
      "iodepth_complete" : {
        "0" : 0.000000,
        "4" : 100.000000,
        "8" : 0.000000,
        "16" : 0.000000,
        "32" : 0.000000,
        "64" : 0.000000,
        ">=64" : 0.000000
      },
      "latency_ns" : {
        "2" : 0.000000,
        "4" : 0.000000,
        "10" : 0.000000,
        "20" : 0.000000,
        "50" : 0.000000,
        "100" : 0.000000,
        "250" : 0.000000,
        "500" : 0.000000,
        "750" : 0.000000,
        "1000" : 0.000000
      },
      "latency_us" : {
        "2" : 0.000000,
        "4" : 0.000000,
        "10" : 0.000000,
        "20" : 0.000000,
        "50" : 0.000000,
        "100" : 0.000000,
        "250" : 0.010000,
        "500" : 20.376615,
        "750" : 70.449744,
        "1000" : 8.834403
      },
      "latency_ms" : {
        "2" : 0.308767,
        "4" : 0.028439,
        "10" : 0.000000,
        "20" : 0.000000,
        "50" : 0.000000,
        "100" : 0.000000,
        "250" : 0.000000,
        "500" : 0.000000,
        "750" : 0.000000,
        "1000" : 0.000000,
        "2000" : 0.000000,
        ">=2000" : 0.000000
      },
      "latency_depth" : 4,
      "latency_target" : 0,
      "latency_percentile" : 100.000000,
      "latency_window" : 0
    }
  ],
  "disk_util" : [
    {
      "name" : "dm-1",
      "read_ios" : 48869,
      "write_ios" : 1084,
      "read_sectors" : 99787928,
      "write_sectors" : 16144,
      "read_merges" : 0,
      "write_merges" : 0,
      "read_ticks" : 23002,
      "write_ticks" : 251,
      "in_queue" : 23253,
      "util" : 99.018921,
      "aggr_read_ios" : 393985,
      "aggr_write_ios" : 1185,
      "aggr_read_sectors" : 100852888,
      "aggr_write_sectors" : 16416,
      "aggr_read_merges" : 0,
      "aggr_write_merge" : 0,
      "aggr_read_ticks" : 126630,
      "aggr_write_ticks" : 259,
      "aggr_in_queue" : 126889,
      "aggr_util" : 98.657851
    },
    {
      "name" : "dm-0",
      "read_ios" : 393985,
      "write_ios" : 1185,
      "read_sectors" : 100852888,
      "write_sectors" : 16416,
      "read_merges" : 0,
      "write_merges" : 0,
      "read_ticks" : 126630,
      "write_ticks" : 259,
      "in_queue" : 126889,
      "util" : 98.657851,
      "aggr_read_ios" : 393985,
      "aggr_write_ios" : 761,
      "aggr_read_sectors" : 100852888,
      "aggr_write_sectors" : 16416,
      "aggr_read_merges" : 0,
      "aggr_write_merge" : 424,
      "aggr_read_ticks" : 108303,
      "aggr_write_ticks" : 166,
      "aggr_in_queue" : 108496,
      "aggr_util" : 66.130465
    },
    {
      "name" : "nvme0n1",
      "read_ios" : 393985,
      "write_ios" : 761,
      "read_sectors" : 100852888,
      "write_sectors" : 16416,
      "read_merges" : 0,
      "write_merges" : 424,
      "read_ticks" : 108303,
      "write_ticks" : 166,
      "in_queue" : 108496,