{
  "fio version" : "fio-3.36",
  "timestamp" : 1783086633,
  "timestamp_ms" : 1783086633395,
  "time" : "Fri Jul  3 15:50:33 2026",
  "jobs" : [
    {
      "jobname" : "sweep",
      "groupid" : 0,
      "job_start" : 1783086623272,
      "error" : 0,
      "eta" : 0,
      "elapsed" : 11,
      "job options" : {
        "name" : "sweep",
        "filename" : "./fio-testfile",
        "rw" : "read",
        "ioengine" : "libaio",
        "iodepth" : "64",
        "bs" : "4M",
        "direct" : "1",
        "runtime" : "10s",
        "loops" : "1000"
      },
      "read" : {
        "io_bytes" : 44950355968,
        "io_kbytes" : 43896832,
        "bw_bytes" : 4460245680,
        "bw" : 4355708,
        "iops" : 1063.405438,
        "runtime" : 10078,
        "total_ios" : 10717,
        "short_ios" : 0,
        "drop_ios" : 0,
        "slat_ns" : {
          "min" : 146498,
          "max" : 11965040,
          "mean" : 316065.947840,
          "stddev" : 490368.498709,
          "N" : 10717
        },
        "clat_ns" : {
          "min" : 2787193,
          "max" : 203451947,
          "mean" : 59589386.439209,
          "stddev" : 40976159.101064,
          "N" : 10717,
          "percentile" : {
            "1.000000" : 4620288,
            "5.000000" : 9633792,
            "10.000000" : 14483456,
            "20.000000" : 21889024,
            "30.000000" : 29491200,
            "40.000000" : 39059456,
            "50.000000" : 49545216,
            "60.000000" : 62652416,
            "70.000000" : 78118912,
            "80.000000" : 96993280,
            "90.000000" : 121110528,
            "95.000000" : 139460608,
            "99.000000" : 166723584,
            "99.500000" : 175112192,
            "99.900000" : 187695104,
            "99.950000" : 191889408,
            "99.990000" : 202375168
          }
        },
        "lat_ns" : {
          "min" : 3021880,
          "max" : 208007836,
          "mean" : 59905452.387049,
          "stddev" : 41063425.251407,
          "N" : 10717
        },
        "bw_min" : 4177920,
        "bw_max" : 4489216,
        "bw_agg" : 100.000000,
        "bw_mean" : 4363878.400000,
        "bw_dev" : 77811.518113,
        "bw_samples" : 20,
        "iops_min" : 1020,
        "iops_max" : 1096,
        "iops_mean" : 1065.400000,
        "iops_stddev" : 18.996953,
        "iops_samples" : 20
      },
      "write" : {
        "io_bytes" : 0,
        "io_kbytes" : 0,
        "bw_bytes" : 0,
        "bw" : 0,
        "iops" : 0.000000,
        "runtime" : 0,
        "total_ios" : 0,
        "short_ios" : 0,
        "drop_ios" : 0,
        "slat_ns" : {
          "min" : 0,
          "max" : 0,
          "mean" : 0.000000,
          "stddev" : 0.000000,
          "N" : 0
        },
        "clat_ns" : {
          "min" : 0,
          "max" : 0,
          "mean" : 0.000000,
          "stddev" : 0.000000,
          "N" : 0
        },
        "lat_ns" : {
          "min" : 0,
          "max" : 0,
          "mean" : 0.000000,
          "stddev" : 0.000000,
          "N" : 0
        },
        "bw_min" : 0,
        "bw_max" : 0,
        "bw_agg" : 0.000000,
        "bw_mean" : 0.000000,
        "bw_dev" : 0.000000,
        "bw_samples" : 0,
        "iops_min" : 0,
        "iops_max" : 0,
        "iops_mean" : 0.000000,
        "iops_stddev" : 0.000000,
        "iops_samples" : 0
      },
      "trim" : {
        "io_bytes" : 0,
        "io_kbytes" : 0,
        "bw_bytes" : 0,
        "bw" : 0,
        "iops" : 0.000000,
        "runtime" : 0,
        "total_ios" : 0,
        "short_ios" : 0,
        "drop_ios" : 0,
        "slat_ns" : {
          "min" : 0,
          "max" : 0,
          "mean" : 0.000000,
          "stddev" : 0.000000,
          "N" : 0
        },
        "clat_ns" : {
          "min" : 0,
          "max" : 0,
          "mean" : 0.000000,
          "stddev" : 0.000000,
          "N" : 0
        },
        "lat_ns" : {
          "min" : 0,
          "max" : 0,
          "mean" : 0.000000,
          "stddev" : 0.000000,
          "N" : 0
        },
        "bw_min" : 0,
        "bw_max" : 0,
        "bw_agg" : 0.000000,
        "bw_mean" : 0.000000,
        "bw_dev" : 0.000000,
        "bw_samples" : 0,
        "iops_min" : 0,
        "iops_max" : 0,
        "iops_mean" : 0.000000,
        "iops_stddev" : 0.000000,
        "iops_samples" : 0
      },
      "sync" : {
        "total_ios" : 0,
        "lat_ns" : {
          "min" : 0,
          "max" : 0,
          "mean" : 0.000000,
          "stddev" : 0.000000,
          "N" : 0
        }
      },
      "job_runtime" : 10077,
      "usr_cpu" : 0.277860,
      "sys_cpu" : 28.331845,
      "ctx" : 10751,
      "majf" : 0,
      "minf" : 65549,
      "iodepth_level" : {
        "1" : 0.100000,
        "2" : 0.100000,
        "4" : 0.100000,
        "8" : 0.100000,
        "16" : 0.149296,
        "32" : 0.298591,
        ">=64" : 99.412149
      },
      "iodepth_submit" : {
        "0" : 0.000000,
        "4" : 100.000000,
        "8" : 0.000000,
        "16" : 0.000000,
        "32" : 0.000000,
        "64" : 0.000000,
        ">=64" : 0.000000
      },
      "iodepth_complete" : {
        "0" : 0.000000,
        "4" : 99.990615,
        "8" : 0.000000,
        "16" : 0.000000,
        "32" : 0.000000,
        "64" : 0.100000,
        ">=64" : 0.000000
      },
      "latency_ns" : {
        "2" : 0.000000,
        "4" : 0.000000,
        "10" : 0.000000,
        "20" : 0.000000,
        "50" : 0.000000,
        "100" : 0.000000,
        "250" : 0.000000,
        "500" : 0.000000,
        "750" : 0.000000,
        "1000" : 0.000000
      },
      "latency_us" : {
        "2" : 0.000000,
        "4" : 0.000000,
        "10" : 0.000000,
        "20" : 0.000000,
        "50" : 0.000000,
        "100" : 0.000000,
        "250" : 0.000000,
        "500" : 0.000000,
        "750" : 0.000000,
        "1000" : 0.000000
      },
      "latency_ms" : {
        "2" : 0.000000,
        "4" : 0.643837,
        "10" : 4.646823,
        "20" : 12.354204,
        "50" : 32.565084,
        "100" : 31.109452,
        "250" : 18.680601,
        "500" : 0.000000,
        "750" : 0.000000,
        "1000" : 0.000000,
        "2000" : 0.000000,
        ">=2000" : 0.000000
      },
      "latency_depth" : 64,
      "latency_target" : 0,
      "latency_percentile" : 100.000000,
      "latency_window" : 0
    }
  ],
  "disk_util" : [
    {
      "name" : "dm-1",
      "read_ios" : 99090,
      "write_ios" : 1824,
      "read_sectors" : 86410904,
      "write_sectors" : 26056,
      "read_merges" : 0,
      "write_merges" : 0,
      "read_ticks" : 5484481,
      "write_ticks" : 107889,
      "in_queue" : 5592370,
      "util" : 99.039424,
      "aggr_read_ios" : 369911,
      "aggr_write_ios" : 2183,
      "aggr_read_sectors" : 87796520,
      "aggr_write_sectors" : 30152,
      "aggr_read_merges" : 0,
      "aggr_write_merge" : 0,
      "aggr_read_ticks" : 20280563,
      "aggr_write_ticks" : 115774,
      "aggr_in_queue" : 20396337,
      "aggr_util" : 98.962513
    },
    {
      "name" : "dm-0",
      "read_ios" : 369911,
      "write_ios" : 2183,
      "read_sectors" : 87796520,
      "write_sectors" : 30152,
      "read_merges" : 0,
      "write_merges" : 0,
      "read_ticks" : 20280563,
      "write_ticks" : 115774,
      "in_queue" : 20396337,
      "util" : 98.962513,
      "aggr_read_ios" : 369657,
      "aggr_write_ios" : 993,
      "aggr_read_sectors" : 87796520,
      "aggr_write_sectors" : 30152,
      "aggr_read_merges" : 254,
      "aggr_write_merge" : 1190,
      "aggr_read_ticks" : 20276801,
      "aggr_write_ticks" : 26724,
      "aggr_in_queue" : 20306849,
      "aggr_util" : 85.367525
    },
    {
      "name" : "nvme0n1",
      "read_ios" : 369657,
      "write_ios" : 993,
      "read_sectors" : 87796520,
      "write_sectors" : 30152,
      "read_merges" : 254,
      "write_merges" : 1190,
      "read_ticks" : 20276801,