{
  "fio version" : "fio-3.41",
  "timestamp" : 1783091668,
  "timestamp_ms" : 1783091668217,
  "time" : "Fri Jul  3 17:14:28 2026",
  "jobs" : [
    {
      "jobname" : "sweep",
      "groupid" : 0,
      "job_start" : 1783091658072,
      "error" : 0,
      "eta" : 0,
      "elapsed" : 11,
      "job options" : {
        "name" : "sweep",
        "filename" : "./fio-testfile",
        "rw" : "read",
        "ioengine" : "libaio",
        "iodepth" : "1",
        "bs" : "4M",
        "direct" : "1",
        "time_based" : "",
        "runtime" : "10s",
        "loops" : "1000",
        "group_reporting" : ""
      },
      "read" : {
        "io_bytes" : 34925969408,
        "io_kbytes" : 34107392,
        "bw_bytes" : 3492247716,
        "bw" : 3410398,
        "iops" : 832.616738,
        "runtime" : 10001,
        "total_ios" : 8327,
        "short_ios" : 0,
        "drop_ios" : 0,
        "slat_ns" : {
          "min" : 342436,
          "max" : 3048082,
          "mean" : 915595.756215,
          "stddev" : 156047.278320,
          "N" : 8327
        },
        "clat_ns" : {
          "min" : 56250,
          "max" : 2262701,
          "mean" : 284257.455626,
          "stddev" : 125165.344866,
          "N" : 8327,
          "percentile" : {
            "1.000000" : 146432,
            "5.000000" : 164864,
            "10.000000" : 177152,
            "20.000000" : 191488,
            "30.000000" : 205824,
            "40.000000" : 226304,
            "50.000000" : 250880,
            "60.000000" : 276480,
            "70.000000" : 309248,
            "80.000000" : 354304,
            "90.000000" : 448512,
            "95.000000" : 528384,
            "99.000000" : 675840,
            "99.500000" : 749568,
            "99.900000" : 1318912,
            "99.950000" : 1679360,
            "99.990000" : 2277376
          }
        },
        "lat_ns" : {
          "min" : 779852,
          "max" : 3751644,
          "mean" : 1199853.211841,
          "stddev" : 139389.477311,
          "N" : 8327
        },
        "bw_min" : 3121152,
        "bw_max" : 3743744,
        "bw_agg" : 100.000000,
        "bw_mean" : 3410739.200000,
        "bw_dev" : 161457.233411,
        "bw_samples" : 20,
        "iops_min" : 762,
        "iops_max" : 914,
        "iops_mean" : 832.700000,
        "iops_stddev" : 39.418270,
        "iops_samples" : 20
      },
      "write" : {
        "io_bytes" : 0,
        "io_kbytes" : 0,
        "bw_bytes" : 0,
        "bw" : 0,
        "iops" : 0.000000,
        "runtime" : 0,
        "total_ios" : 0,
        "short_ios" : 0,
        "drop_ios" : 0,
        "slat_ns" : {
          "min" : 0,
          "max" : 0,
          "mean" : 0.000000,
          "stddev" : 0.000000,
          "N" : 0
        },
        "clat_ns" : {
          "min" : 0,
          "max" : 0,
          "mean" : 0.000000,
          "stddev" : 0.000000,
          "N" : 0
        },
        "lat_ns" : {
          "min" : 0,
          "max" : 0,
          "mean" : 0.000000,
          "stddev" : 0.000000,
          "N" : 0
        },
        "bw_min" : 0,
        "bw_max" : 0,
        "bw_agg" : 0.000000,
        "bw_mean" : 0.000000,
        "bw_dev" : 0.000000,
        "bw_samples" : 0,
        "iops_min" : 0,
        "iops_max" : 0,
        "iops_mean" : 0.000000,
        "iops_stddev" : 0.000000,
        "iops_samples" : 0
      },
      "trim" : {
        "io_bytes" : 0,
        "io_kbytes" : 0,
        "bw_bytes" : 0,
        "bw" : 0,
        "iops" : 0.000000,
        "runtime" : 0,
        "total_ios" : 0,
        "short_ios" : 0,
        "drop_ios" : 0,
        "slat_ns" : {
          "min" : 0,
          "max" : 0,
          "mean" : 0.000000,
          "stddev" : 0.000000,
          "N" : 0
        },
        "clat_ns" : {
          "min" : 0,
          "max" : 0,
          "mean" : 0.000000,
          "stddev" : 0.000000,
          "N" : 0
        },
        "lat_ns" : {
          "min" : 0,
          "max" : 0,
          "mean" : 0.000000,
          "stddev" : 0.000000,
          "N" : 0
        },
        "bw_min" : 0,
        "bw_max" : 0,
        "bw_agg" : 0.000000,
        "bw_mean" : 0.000000,
        "bw_dev" : 0.000000,
        "bw_samples" : 0,
        "iops_min" : 0,
        "iops_max" : 0,
        "iops_mean" : 0.000000,
        "iops_stddev" : 0.000000,
        "iops_samples" : 0
      },
      "sync" : {
        "total_ios" : 0,
        "lat_ns" : {
          "min" : 0,
          "max" : 0,
          "mean" : 0.000000,
          "stddev" : 0.000000,
          "N" : 0
        }
      },
      "job_runtime" : 10000,
      "usr_cpu" : 0.230000,
      "sys_cpu" : 76.640000,
      "ctx" : 8414,
      "majf" : 0,
      "minf" : 1033,
      "iodepth_level" : {
        "1" : 100.000000,
        "2" : 0.000000,
        "4" : 0.000000,
        "8" : 0.000000,
        "16" : 0.000000,
        "32" : 0.000000,
        ">=64" : 0.000000
      },
      "iodepth_submit" : {
        "0" : 0.000000,
        "4" : 100.000000,
        "8" : 0.000000,
        "16" : 0.000000,
        "32" : 0.000000,
        "64" : 0.000000,
        ">=64" : 0.000000
      },
      "iodepth_complete" : {
        "0" : 0.000000,
        "4" : 100.000000,
        "8" : 0.000000,
        "16" : 0.000000,
        "32" : 0.000000,
        "64" : 0.000000,
        ">=64" : 0.000000
      },
      "latency_ns" : {
        "2" : 0.000000,
        "4" : 0.000000,
        "10" : 0.000000,
        "20" : 0.000000,
        "50" : 0.000000,
        "100" : 0.000000,
        "250" : 0.000000,
        "500" : 0.000000,
        "750" : 0.000000,
        "1000" : 0.000000
      },
      "latency_us" : {
        "2" : 0.000000,
        "4" : 0.000000,
        "10" : 0.000000,
        "20" : 0.000000,
        "50" : 0.000000,
        "100" : 0.012009,
        "250" : 49.969977,
        "500" : 43.388976,
        "750" : 6.124655,
        "1000" : 0.360274
      },
      "latency_ms" : {
        "2" : 0.120091,
        "4" : 0.024018,
        "10" : 0.000000,
        "20" : 0.000000,
        "50" : 0.000000,
        "100" : 0.000000,
        "250" : 0.000000,
        "500" : 0.000000,
        "750" : 0.000000,
        "1000" : 0.000000,
        "2000" : 0.000000,
        ">=2000" : 0.000000
      },
      "latency_depth" : 1,
      "latency_target" : 0,
      "latency_percentile" : 100.000000,
      "latency_window" : 0
    }
  ],
  "disk_util" : [
    {
      "name" : "dm-1",
      "read_ios" : 32964,
      "write_ios" : 815,
      "read_sectors" : 67510272,
      "write_sectors" : 7720,
      "read_merges" : 0,
      "write_merges" : 0,
      "read_ticks" : 16664,
      "write_ticks" : 100,
      "in_queue" : 16764,
      "util" : 93.832599,
      "aggr_read_ios" : 266464,
      "aggr_write_ios" : 862,
      "aggr_read_sectors" : 68214784,
      "aggr_write_sectors" : 7720,
      "aggr_read_merges" : 0,
      "aggr_write_merge" : 0,
      "aggr_read_ticks" : 82028,
      "aggr_write_ticks" : 96,
      "aggr_in_queue" : 82124,
      "aggr_util" : 93.351090
    },
    {
      "name" : "dm-0",
      "read_ios" : 266464,
      "write_ios" : 862,
      "read_sectors" : 68214784,
      "write_sectors" : 7720,
      "read_merges" : 0,
      "write_merges" : 0,
      "read_ticks" : 82028,
      "write_ticks" : 96,
      "in_queue" : 82124,
      "util" : 93.351090,
      "aggr_read_ios" : 266464,
      "aggr_write_ios" : 494,
      "aggr_read_sectors" : 68214784,
      "aggr_write_sectors" : 7720,
      "aggr_read_merges" : 0,
      "aggr_write_merge" : 368,
      "aggr_read_ticks" : 155704,
      "aggr_write_ticks" : 56,
      "aggr_in_queue" : 155779,
      "aggr_util" : 57.403571
    },
    {
      "name" : "nvme0n1",
      "read_ios" : 266464,
      "write_ios" : 494,
      "read_sectors" : 68214784,
      "write_sectors" : 7720,
      "read_merges" : 0,
      "write_merges" : 368,
      "read_ticks" : 155704,
      "write_ticks" : 56,
      "in_queue" : 155779,