{
  "fio version" : "fio-3.41",
  "timestamp" : 1783610744,
  "timestamp_ms" : 1783610744904,
  "time" : "Thu Jul  9 17:25:44 2026",
  "jobs" : [
    {
      "jobname" : "sweep",
      "groupid" : 0,
      "job_start" : 1783610726889,
      "error" : 0,
      "eta" : 0,
      "elapsed" : 19,
      "job options" : {
        "name" : "sweep",
        "filename" : "./fio-testfile",
        "rw" : "read",
        "ioengine" : "libaio",
        "iodepth" : "64",
        "bs" : "4M",
        "direct" : "1",
        "group_reporting" : ""
      },
      "read" : {
        "io_bytes" : 107374182400,
        "io_kbytes" : 104857600,
        "bw_bytes" : 5998557675,
        "bw" : 5857966,
        "iops" : 1430.167598,
        "runtime" : 17900,
        "total_ios" : 25600,
        "short_ios" : 0,
        "drop_ios" : 0,
        "slat_ns" : {
          "min" : 245200,
          "max" : 26375985,
          "mean" : 689936.534961,
          "stddev" : 302407.585270,
          "N" : 25600
        },
        "clat_ns" : {
          "min" : 9971763,
          "max" : 149640615,
          "mean" : 43845062.515195,
          "stddev" : 13120726.007206,
          "N" : 25600,
          "percentile" : {
            "1.000000" : 18743296,
            "5.000000" : 27131904,
            "10.000000" : 31326208,
            "20.000000" : 32374784,
            "30.000000" : 33816576,
            "40.000000" : 37486592,
            "50.000000" : 41680896,
            "60.000000" : 46923776,
            "70.000000" : 51118080,
            "80.000000" : 55312384,
            "90.000000" : 59506688,
            "95.000000" : 64749568,
            "99.000000" : 80216064,
            "99.500000" : 88604672,
            "99.900000" : 120061952,
            "99.950000" : 131596288,
            "99.990000" : 145752064
          }
        },
        "lat_ns" : {
          "min" : 10367484,
          "max" : 153516261,
          "mean" : 44534999.050156,
          "stddev" : 13242336.179566,
          "N" : 25600
        },
        "bw_min" : 4055040,
        "bw_max" : 6291456,
        "bw_agg" : 100.000000,
        "bw_mean" : 5860556.800000,
        "bw_dev" : 378667.065379,
        "bw_samples" : 35,
        "iops_min" : 990,
        "iops_max" : 1536,
        "iops_mean" : 1430.800000,
        "iops_stddev" : 92.448014,
        "iops_samples" : 35
      },
      "write" : {
        "io_bytes" : 0,
        "io_kbytes" : 0,
        "bw_bytes" : 0,
        "bw" : 0,
        "iops" : 0.000000,
        "runtime" : 0,
        "total_ios" : 0,
        "short_ios" : 0,
        "drop_ios" : 0,
        "slat_ns" : {
          "min" : 0,
          "max" : 0,
          "mean" : 0.000000,
          "stddev" : 0.000000,
          "N" : 0
        },
        "clat_ns" : {
          "min" : 0,
          "max" : 0,
          "mean" : 0.000000,
          "stddev" : 0.000000,
          "N" : 0
        },
        "lat_ns" : {
          "min" : 0,
          "max" : 0,
          "mean" : 0.000000,
          "stddev" : 0.000000,
          "N" : 0
        },
        "bw_min" : 0,
        "bw_max" : 0,
        "bw_agg" : 0.000000,
        "bw_mean" : 0.000000,
        "bw_dev" : 0.000000,
        "bw_samples" : 0,
        "iops_min" : 0,
        "iops_max" : 0,
        "iops_mean" : 0.000000,
        "iops_stddev" : 0.000000,
        "iops_samples" : 0
      },
      "trim" : {
        "io_bytes" : 0,
        "io_kbytes" : 0,
        "bw_bytes" : 0,
        "bw" : 0,
        "iops" : 0.000000,
        "runtime" : 0,
        "total_ios" : 0,
        "short_ios" : 0,
        "drop_ios" : 0,
        "slat_ns" : {
          "min" : 0,
          "max" : 0,
          "mean" : 0.000000,
          "stddev" : 0.000000,
          "N" : 0
        },
        "clat_ns" : {
          "min" : 0,
          "max" : 0,
          "mean" : 0.000000,
          "stddev" : 0.000000,
          "N" : 0
        },
        "lat_ns" : {
          "min" : 0,
          "max" : 0,
          "mean" : 0.000000,
          "stddev" : 0.000000,
          "N" : 0
        },
        "bw_min" : 0,
        "bw_max" : 0,
        "bw_agg" : 0.000000,
        "bw_mean" : 0.000000,
        "bw_dev" : 0.000000,
        "bw_samples" : 0,
        "iops_min" : 0,
        "iops_max" : 0,
        "iops_mean" : 0.000000,
        "iops_stddev" : 0.000000,
        "iops_samples" : 0
      },
      "sync" : {
        "total_ios" : 0,
        "lat_ns" : {
          "min" : 0,
          "max" : 0,
          "mean" : 0.000000,
          "stddev" : 0.000000,
          "N" : 0
        }
      },
      "job_runtime" : 17899,
      "usr_cpu" : 0.245824,
      "sys_cpu" : 96.491424,
      "ctx" : 3846,
      "majf" : 0,
      "minf" : 65545,
      "iodepth_level" : {
        "1" : 0.100000,
        "2" : 0.100000,
        "4" : 0.100000,
        "8" : 0.100000,
        "16" : 0.100000,
        "32" : 0.125000,
        ">=64" : 99.753906
      },
      "iodepth_submit" : {
        "0" : 0.000000,
        "4" : 100.000000,
        "8" : 0.000000,
        "16" : 0.000000,
        "32" : 0.000000,
        "64" : 0.000000,
        ">=64" : 0.000000
      },
      "iodepth_complete" : {
        "0" : 0.000000,
        "4" : 99.996084,
        "8" : 0.000000,
        "16" : 0.000000,
        "32" : 0.000000,
        "64" : 0.100000,
        ">=64" : 0.000000
      },
      "latency_ns" : {
        "2" : 0.000000,
        "4" : 0.000000,
        "10" : 0.000000,
        "20" : 0.000000,
        "50" : 0.000000,
        "100" : 0.000000,
        "250" : 0.000000,
        "500" : 0.000000,
        "750" : 0.000000,
        "1000" : 0.000000
      },
      "latency_us" : {
        "2" : 0.000000,
        "4" : 0.000000,
        "10" : 0.000000,
        "20" : 0.000000,
        "50" : 0.000000,
        "100" : 0.000000,
        "250" : 0.000000,
        "500" : 0.000000,
        "750" : 0.000000,
        "1000" : 0.000000
      },
      "latency_ms" : {
        "2" : 0.000000,
        "4" : 0.000000,
        "10" : 0.010000,
        "20" : 1.210938,
        "50" : 65.777344,
        "100" : 32.746094,
        "250" : 0.261719,
        "500" : 0.000000,
        "750" : 0.000000,
        "1000" : 0.000000,
        "2000" : 0.000000,
        ">=2000" : 0.000000
      },
      "latency_depth" : 64,
      "latency_target" : 0,
      "latency_percentile" : 100.000000,
      "latency_window" : 0
    }
  ],
  "disk_util" : [
    {
      "name" : "dm-1",
      "read_ios" : 109688,
      "write_ios" : 1396,
      "read_sectors" : 209860480,
      "write_sectors" : 13928,
      "read_merges" : 0,
      "write_merges" : 0,
      "read_ticks" : 1898702,
      "write_ticks" : 1331,
      "in_queue" : 1900033,
      "util" : 99.516129,
      "aggr_read_ios" : 826524,
      "aggr_write_ios" : 1484,
      "aggr_read_sectors" : 209934208,
      "aggr_write_sectors" : 13928,
      "aggr_read_merges" : 0,
      "aggr_write_merge" : 0,
      "aggr_read_ticks" : 14745458,
      "aggr_write_ticks" : 1321,
      "aggr_in_queue" : 14746779,
      "aggr_util" : 99.179919
    },
    {
      "name" : "dm-0",
      "read_ios" : 826524,
      "write_ios" : 1484,
      "read_sectors" : 209934208,
      "write_sectors" : 13928,
      "read_merges" : 0,
      "write_merges" : 0,
      "read_ticks" : 14745458,
      "write_ticks" : 1321,
      "in_queue" : 14746779,
      "util" : 99.179919,
      "aggr_read_ios" : 822615,
      "aggr_write_ios" : 831,
      "aggr_read_sectors" : 209934208,
      "aggr_write_sectors" : 13928,
      "aggr_read_merges" : 3909,
      "aggr_write_merge" : 653,
      "aggr_read_ticks" : 14838280,
      "aggr_write_ticks" : 777,
      "aggr_in_queue" : 14839167,
      "aggr_util" : 58.447387
    },
    {
      "name" : "nvme0n1",
      "read_ios" : 822615,
      "write_ios" : 831,
      "read_sectors" : 209934208,
      "write_sectors" : 13928,
      "read_merges" : 3909,
      "write_merges" : 653,
      "read_ticks" : 14838280,
      "write_ticks" : 777,