{
  "fio version" : "fio-3.41",
  "timestamp" : 1783091480,
  "timestamp_ms" : 1783091480053,
  "time" : "Fri Jul  3 17:11:20 2026",
  "jobs" : [
    {
      "jobname" : "sweep",
      "groupid" : 0,
      "job_start" : 1783091469908,
      "error" : 0,
      "eta" : 0,
      "elapsed" : 11,
      "job options" : {
        "name" : "sweep",
        "filename" : "./fio-testfile",
        "rw" : "read",
        "ioengine" : "libaio",
        "iodepth" : "1",
        "bs" : "64k",
        "direct" : "1",
        "time_based" : "",
        "runtime" : "10s",
        "loops" : "1000",
        "group_reporting" : ""
      },
      "read" : {
        "io_bytes" : 5895225344,
        "io_kbytes" : 5757056,
        "bw_bytes" : 589463588,
        "bw" : 575648,
        "iops" : 8994.500550,
        "runtime" : 10001,
        "total_ios" : 89954,
        "short_ios" : 0,
        "drop_ios" : 0,
        "slat_ns" : {
          "min" : 8040,
          "max" : 914793,
          "mean" : 19923.771461,
          "stddev" : 6743.741609,
          "N" : 89954
        },
        "clat_ns" : {
          "min" : 42512,
          "max" : 2316080,
          "mean" : 90611.531861,
          "stddev" : 22616.883664,
          "N" : 89954,
          "percentile" : {
            "1.000000" : 49920,
            "5.000000" : 72192,
            "10.000000" : 78336,
            "20.000000" : 81408,
            "30.000000" : 84480,
            "40.000000" : 86528,
            "50.000000" : 88576,
            "60.000000" : 90624,
            "70.000000" : 94720,
            "80.000000" : 97792,
            "90.000000" : 103936,
            "95.000000" : 112128,
            "99.000000" : 142336,
            "99.500000" : 162816,
            "99.900000" : 264192,
            "99.950000" : 350208,
            "99.990000" : 995328
          }
        },
        "lat_ns" : {
          "min" : 51357,
          "max" : 2371637,
          "mean" : 110535.303322,
          "stddev" : 25411.696600,
          "N" : 89954
        },
        "bw_min" : 534912,
        "bw_max" : 628224,
        "bw_agg" : 100.000000,
        "bw_mean" : 575705.600000,
        "bw_dev" : 24726.873730,
        "bw_samples" : 20,
        "iops_min" : 8358,
        "iops_max" : 9816,
        "iops_mean" : 8995.400000,
        "iops_stddev" : 386.357402,
        "iops_samples" : 20
      },
      "write" : {
        "io_bytes" : 0,
        "io_kbytes" : 0,
        "bw_bytes" : 0,
        "bw" : 0,
        "iops" : 0.000000,
        "runtime" : 0,
        "total_ios" : 0,
        "short_ios" : 0,
        "drop_ios" : 0,
        "slat_ns" : {
          "min" : 0,
          "max" : 0,
          "mean" : 0.000000,
          "stddev" : 0.000000,
          "N" : 0
        },
        "clat_ns" : {
          "min" : 0,
          "max" : 0,
          "mean" : 0.000000,
          "stddev" : 0.000000,
          "N" : 0
        },
        "lat_ns" : {
          "min" : 0,
          "max" : 0,
          "mean" : 0.000000,
          "stddev" : 0.000000,
          "N" : 0
        },
        "bw_min" : 0,
        "bw_max" : 0,
        "bw_agg" : 0.000000,
        "bw_mean" : 0.000000,
        "bw_dev" : 0.000000,
        "bw_samples" : 0,
        "iops_min" : 0,
        "iops_max" : 0,
        "iops_mean" : 0.000000,
        "iops_stddev" : 0.000000,
        "iops_samples" : 0
      },
      "trim" : {
        "io_bytes" : 0,
        "io_kbytes" : 0,
        "bw_bytes" : 0,
        "bw" : 0,
        "iops" : 0.000000,
        "runtime" : 0,
        "total_ios" : 0,
        "short_ios" : 0,
        "drop_ios" : 0,
        "slat_ns" : {
          "min" : 0,
          "max" : 0,
          "mean" : 0.000000,
          "stddev" : 0.000000,
          "N" : 0
        },
        "clat_ns" : {
          "min" : 0,
          "max" : 0,
          "mean" : 0.000000,
          "stddev" : 0.000000,
          "N" : 0
        },
        "lat_ns" : {
          "min" : 0,
          "max" : 0,
          "mean" : 0.000000,
          "stddev" : 0.000000,
          "N" : 0
        },
        "bw_min" : 0,
        "bw_max" : 0,
        "bw_agg" : 0.000000,
        "bw_mean" : 0.000000,
        "bw_dev" : 0.000000,
        "bw_samples" : 0,
        "iops_min" : 0,
        "iops_max" : 0,
        "iops_mean" : 0.000000,
        "iops_stddev" : 0.000000,
        "iops_samples" : 0
      },
      "sync" : {
        "total_ios" : 0,
        "lat_ns" : {
          "min" : 0,
          "max" : 0,
          "mean" : 0.000000,
          "stddev" : 0.000000,
          "N" : 0
        }
      },
      "job_runtime" : 10000,
      "usr_cpu" : 1.680000,
      "sys_cpu" : 20.950000,
      "ctx" : 89975,
      "majf" : 0,
      "minf" : 25,
      "iodepth_level" : {
        "1" : 100.000000,
        "2" : 0.000000,
        "4" : 0.000000,
        "8" : 0.000000,
        "16" : 0.000000,
        "32" : 0.000000,
        ">=64" : 0.000000
      },
      "iodepth_submit" : {
        "0" : 0.000000,
        "4" : 100.000000,
        "8" : 0.000000,
        "16" : 0.000000,
        "32" : 0.000000,
        "64" : 0.000000,
        ">=64" : 0.000000
      },
      "iodepth_complete" : {
        "0" : 0.000000,
        "4" : 100.000000,
        "8" : 0.000000,
        "16" : 0.000000,
        "32" : 0.000000,
        "64" : 0.000000,
        ">=64" : 0.000000
      },
      "latency_ns" : {
        "2" : 0.000000,
        "4" : 0.000000,
        "10" : 0.000000,
        "20" : 0.000000,
        "50" : 0.000000,
        "100" : 0.000000,
        "250" : 0.000000,
        "500" : 0.000000,
        "750" : 0.000000,
        "1000" : 0.000000
      },
      "latency_us" : {
        "2" : 0.000000,
        "4" : 0.000000,
        "10" : 0.000000,
        "20" : 0.000000,
        "50" : 0.987171,
        "100" : 83.519354,
        "250" : 15.373413,
        "500" : 0.091158,
        "750" : 0.014452,
        "1000" : 0.010000
      },
      "latency_ms" : {
        "2" : 0.010000,
        "4" : 0.010000,
        "10" : 0.000000,
        "20" : 0.000000,
        "50" : 0.000000,
        "100" : 0.000000,
        "250" : 0.000000,
        "500" : 0.000000,
        "750" : 0.000000,
        "1000" : 0.000000,
        "2000" : 0.000000,
        ">=2000" : 0.000000
      },
      "latency_depth" : 1,
      "latency_target" : 0,
      "latency_percentile" : 100.000000,
      "latency_window" : 0
    }
  ],
  "disk_util" : [
    {
      "name" : "dm-1",
      "read_ios" : 99095,
      "write_ios" : 1291,
      "read_sectors" : 11484040,
      "write_sectors" : 14416,
      "read_merges" : 0,
      "write_merges" : 0,
      "read_ticks" : 11365,
      "write_ticks" : 257,
      "in_queue" : 11622,
      "util" : 89.122596,
      "aggr_read_ios" : 99967,
      "aggr_write_ios" : 1424,
      "aggr_read_sectors" : 11594216,
      "aggr_write_sectors" : 15080,
      "aggr_read_merges" : 0,
      "aggr_write_merge" : 0,
      "aggr_read_ticks" : 11365,
      "aggr_write_ticks" : 295,
      "aggr_in_queue" : 11660,
      "aggr_util" : 87.960130
    },
    {
      "name" : "dm-0",
      "read_ios" : 99967,
      "write_ios" : 1424,
      "read_sectors" : 11594216,
      "write_sectors" : 15080,
      "read_merges" : 0,
      "write_merges" : 0,
      "read_ticks" : 11365,
      "write_ticks" : 295,
      "in_queue" : 11660,
      "util" : 87.960130,
      "aggr_read_ios" : 94330,
      "aggr_write_ios" : 774,
      "aggr_read_sectors" : 11594216,
      "aggr_write_sectors" : 15080,
      "aggr_read_merges" : 5637,
      "aggr_write_merge" : 650,
      "aggr_read_ticks" : 3588,
      "aggr_write_ticks" : 68,
      "aggr_in_queue" : 3670,
      "aggr_util" : 32.290536
    },
    {
      "name" : "nvme0n1",
      "read_ios" : 94330,
      "write_ios" : 774,
      "read_sectors" : 11594216,
      "write_sectors" : 15080,
      "read_merges" : 5637,
      "write_merges" : 650,
      "read_ticks" : 3588,
      "write_ticks" : 68,
      "in_queue" : 3670,
      "util" : 32.290536
    }
  ]
}
