{
  "fio version" : "fio-3.41",
  "timestamp" : 1783610724,
  "timestamp_ms" : 1783610724837,
  "time" : "Thu Jul  9 17:25:24 2026",
  "jobs" : [
    {
      "jobname" : "sweep",
      "groupid" : 0,
      "job_start" : 1783610705942,
      "error" : 0,
      "eta" : 0,
      "elapsed" : 19,
      "job options" : {
        "name" : "sweep",
        "filename" : "./fio-testfile",
        "rw" : "read",
        "ioengine" : "libaio",
        "iodepth" : "32",
        "bs" : "4M",
        "direct" : "1",
        "group_reporting" : ""
      },
      "read" : {
        "io_bytes" : 107374182400,
        "io_kbytes" : 104857600,
        "bw_bytes" : 5756402852,
        "bw" : 5621487,
        "iops" : 1372.433389,
        "runtime" : 18653,
        "total_ios" : 25600,
        "short_ios" : 0,
        "drop_ios" : 0,
        "slat_ns" : {
          "min" : 306455,
          "max" : 9489218,
          "mean" : 699372.907500,
          "stddev" : 220468.880660,
          "N" : 25600
        },
        "clat_ns" : {
          "min" : 8845701,
          "max" : 85475856,
          "mean" : 22560367.864297,
          "stddev" : 6611904.395408,
          "N" : 25600,
          "percentile" : {
            "1.000000" : 10420224,
            "5.000000" : 14745600,
            "10.000000" : 16908288,
            "20.000000" : 17170432,
            "30.000000" : 17432576,
            "40.000000" : 18219008,
            "50.000000" : 20578304,
            "60.000000" : 23986176,
            "70.000000" : 26869760,
            "80.000000" : 29229056,
            "90.000000" : 31064064,
            "95.000000" : 32374784,
            "99.000000" : 40632320,
            "99.500000" : 44302336,
            "99.900000" : 53215232,
            "99.950000" : 63700992,
            "99.990000" : 82313216
          }
        },
        "lat_ns" : {
          "min" : 9419998,
          "max" : 88959406,
          "mean" : 23259740.771797,
          "stddev" : 6744373.952644,
          "N" : 25600
        },
        "bw_min" : 4513792,
        "bw_max" : 6119424,
        "bw_agg" : 100.000000,
        "bw_mean" : 5622590.270270,
        "bw_dev" : 290730.838269,
        "bw_samples" : 37,
        "iops_min" : 1102,
        "iops_max" : 1494,
        "iops_mean" : 1372.702703,
        "iops_stddev" : 70.979209,
        "iops_samples" : 37
      },
      "write" : {
        "io_bytes" : 0,
        "io_kbytes" : 0,
        "bw_bytes" : 0,
        "bw" : 0,
        "iops" : 0.000000,
        "runtime" : 0,
        "total_ios" : 0,
        "short_ios" : 0,
        "drop_ios" : 0,
        "slat_ns" : {
          "min" : 0,
          "max" : 0,
          "mean" : 0.000000,
          "stddev" : 0.000000,
          "N" : 0
        },
        "clat_ns" : {
          "min" : 0,
          "max" : 0,
          "mean" : 0.000000,
          "stddev" : 0.000000,
          "N" : 0
        },
        "lat_ns" : {
          "min" : 0,
          "max" : 0,
          "mean" : 0.000000,
          "stddev" : 0.000000,
          "N" : 0
        },
        "bw_min" : 0,
        "bw_max" : 0,
        "bw_agg" : 0.000000,
        "bw_mean" : 0.000000,
        "bw_dev" : 0.000000,
        "bw_samples" : 0,
        "iops_min" : 0,
        "iops_max" : 0,
        "iops_mean" : 0.000000,
        "iops_stddev" : 0.000000,
        "iops_samples" : 0
      },
      "trim" : {
        "io_bytes" : 0,
        "io_kbytes" : 0,
        "bw_bytes" : 0,
        "bw" : 0,
        "iops" : 0.000000,
        "runtime" : 0,
        "total_ios" : 0,
        "short_ios" : 0,
        "drop_ios" : 0,
        "slat_ns" : {
          "min" : 0,
          "max" : 0,
          "mean" : 0.000000,
          "stddev" : 0.000000,
          "N" : 0
        },
        "clat_ns" : {
          "min" : 0,
          "max" : 0,
          "mean" : 0.000000,
          "stddev" : 0.000000,
          "N" : 0
        },
        "lat_ns" : {
          "min" : 0,
          "max" : 0,
          "mean" : 0.000000,
          "stddev" : 0.000000,
          "N" : 0
        },
        "bw_min" : 0,
        "bw_max" : 0,
        "bw_agg" : 0.000000,
        "bw_mean" : 0.000000,
        "bw_dev" : 0.000000,
        "bw_samples" : 0,
        "iops_min" : 0,
        "iops_max" : 0,
        "iops_mean" : 0.000000,
        "iops_stddev" : 0.000000,
        "iops_samples" : 0
      },
      "sync" : {
        "total_ios" : 0,
        "lat_ns" : {
          "min" : 0,
          "max" : 0,
          "mean" : 0.000000,
          "stddev" : 0.000000,
          "N" : 0
        }
      },
      "job_runtime" : 18652,
      "usr_cpu" : 0.198370,
      "sys_cpu" : 95.651941,
      "ctx" : 5206,
      "majf" : 0,
      "minf" : 32776,
      "iodepth_level" : {
        "1" : 0.100000,
        "2" : 0.100000,
        "4" : 0.100000,
        "8" : 0.100000,
        "16" : 0.100000,
        "32" : 99.878906,
        ">=64" : 0.000000
      },
      "iodepth_submit" : {
        "0" : 0.000000,
        "4" : 100.000000,
        "8" : 0.000000,
        "16" : 0.000000,
        "32" : 0.000000,
        "64" : 0.000000,
        ">=64" : 0.000000
      },
      "iodepth_complete" : {
        "0" : 0.000000,
        "4" : 99.996089,
        "8" : 0.000000,
        "16" : 0.000000,
        "32" : 0.100000,
        "64" : 0.000000,
        ">=64" : 0.000000
      },
      "latency_ns" : {
        "2" : 0.000000,
        "4" : 0.000000,
        "10" : 0.000000,
        "20" : 0.000000,
        "50" : 0.000000,
        "100" : 0.000000,
        "250" : 0.000000,
        "500" : 0.000000,
        "750" : 0.000000,
        "1000" : 0.000000
      },
      "latency_us" : {
        "2" : 0.000000,
        "4" : 0.000000,
        "10" : 0.000000,
        "20" : 0.000000,
        "50" : 0.000000,
        "100" : 0.000000,
        "250" : 0.000000,
        "500" : 0.000000,
        "750" : 0.000000,
        "1000" : 0.000000
      },
      "latency_ms" : {
        "2" : 0.000000,
        "4" : 0.000000,
        "10" : 0.578125,
        "20" : 47.187500,
        "50" : 52.062500,
        "100" : 0.171875,
        "250" : 0.000000,
        "500" : 0.000000,
        "750" : 0.000000,
        "1000" : 0.000000,
        "2000" : 0.000000,
        ">=2000" : 0.000000
      },
      "latency_depth" : 32,
      "latency_target" : 0,
      "latency_percentile" : 100.000000,
      "latency_window" : 0
    }
  ],
  "disk_util" : [
    {
      "name" : "dm-1",
      "read_ios" : 108503,
      "write_ios" : 1704,
      "read_sectors" : 209810144,
      "write_sectors" : 18880,
      "read_merges" : 0,
      "write_merges" : 0,
      "read_ticks" : 1054758,
      "write_ticks" : 859,
      "in_queue" : 1055617,
      "util" : 99.647662,
      "aggr_read_ios" : 825349,
      "aggr_write_ios" : 1811,
      "aggr_read_sectors" : 209904352,
      "aggr_write_sectors" : 18880,
      "aggr_read_merges" : 0,
      "aggr_write_merge" : 0,
      "aggr_read_ticks" : 8185987,
      "aggr_write_ticks" : 852,
      "aggr_in_queue" : 8186839,
      "aggr_util" : 99.398520
    },
    {
      "name" : "dm-0",
      "read_ios" : 825349,
      "write_ios" : 1811,
      "read_sectors" : 209904352,
      "write_sectors" : 18880,
      "read_merges" : 0,
      "write_merges" : 0,
      "read_ticks" : 8185987,
      "write_ticks" : 852,
      "in_queue" : 8186839,
      "util" : 99.398520,
      "aggr_read_ios" : 822272,
      "aggr_write_ios" : 1082,
      "aggr_read_sectors" : 209904352,
      "aggr_write_sectors" : 18880,
      "aggr_read_merges" : 3077,
      "aggr_write_merge" : 729,
      "aggr_read_ticks" : 8320405,
      "aggr_write_ticks" : 538,
      "aggr_in_queue" : 8321106,
      "aggr_util" : 59.043969
    },
    {
      "name" : "nvme0n1",
      "read_ios" : 822272,
      "write_ios" : 1082,
      "read_sectors" : 209904352,
      "write_sectors" : 18880,
      "read_merges" : 3077,
      "write_merges" : 729,
      "read_ticks" : 8320405,
      "write_ticks" : 538,
      "in_queue" : 8321106,