{
  "fio version" : "fio-3.41",
  "timestamp" : 1783091500,
  "timestamp_ms" : 1783091500963,
  "time" : "Fri Jul  3 17:11:40 2026",
  "jobs" : [
    {
      "jobname" : "sweep",
      "groupid" : 0,
      "job_start" : 1783091490817,
      "error" : 0,
      "eta" : 0,
      "elapsed" : 11,
      "job options" : {
        "name" : "sweep",
        "filename" : "./fio-testfile",
        "rw" : "read",
        "ioengine" : "libaio",
        "iodepth" : "8",
        "bs" : "64k",
        "direct" : "1",
        "time_based" : "",
        "runtime" : "10s",
        "loops" : "1000",
        "group_reporting" : ""
      },
      "read" : {
        "io_bytes" : 33934475264,
        "io_kbytes" : 33139136,
        "bw_bytes" : 3393108215,
        "bw" : 3313582,
        "iops" : 51774.722528,
        "runtime" : 10001,
        "total_ios" : 517799,
        "short_ios" : 0,
        "drop_ios" : 0,
        "slat_ns" : {
          "min" : 7596,
          "max" : 722844,
          "mean" : 16940.025782,
          "stddev" : 6939.344726,
          "N" : 517799
        },
        "clat_ns" : {
          "min" : 51748,
          "max" : 1839659,
          "mean" : 137212.327239,
          "stddev" : 42347.565512,
          "N" : 517799,
          "percentile" : {
            "1.000000" : 74240,
            "5.000000" : 83456,
            "10.000000" : 89600,
            "20.000000" : 98816,
            "30.000000" : 108032,
            "40.000000" : 120320,
            "50.000000" : 140288,
            "60.000000" : 154624,
            "70.000000" : 164864,
            "80.000000" : 171008,
            "90.000000" : 179200,
            "95.000000" : 185344,
            "99.000000" : 214016,
            "99.500000" : 248832,
            "99.900000" : 497664,
            "99.950000" : 659456,
            "99.990000" : 1028096
          }
        },
        "lat_ns" : {
          "min" : 63888,
          "max" : 1914691,
          "mean" : 154152.353021,
          "stddev" : 46694.242847,
          "N" : 517799
        },
        "bw_min" : 2693376,
        "bw_max" : 4125312,
        "bw_agg" : 100.000000,
        "bw_mean" : 3313629.400000,
        "bw_dev" : 378224.075629,
        "bw_samples" : 20,
        "iops_min" : 42084,
        "iops_max" : 64458,
        "iops_mean" : 51775.450000,
        "iops_stddev" : 5909.763496,
        "iops_samples" : 20
      },
      "write" : {
        "io_bytes" : 0,
        "io_kbytes" : 0,
        "bw_bytes" : 0,
        "bw" : 0,
        "iops" : 0.000000,
        "runtime" : 0,
        "total_ios" : 0,
        "short_ios" : 0,
        "drop_ios" : 0,
        "slat_ns" : {
          "min" : 0,
          "max" : 0,
          "mean" : 0.000000,
          "stddev" : 0.000000,
          "N" : 0
        },
        "clat_ns" : {
          "min" : 0,
          "max" : 0,
          "mean" : 0.000000,
          "stddev" : 0.000000,
          "N" : 0
        },
        "lat_ns" : {
          "min" : 0,
          "max" : 0,
          "mean" : 0.000000,
          "stddev" : 0.000000,
          "N" : 0
        },
        "bw_min" : 0,
        "bw_max" : 0,
        "bw_agg" : 0.000000,
        "bw_mean" : 0.000000,
        "bw_dev" : 0.000000,
        "bw_samples" : 0,
        "iops_min" : 0,
        "iops_max" : 0,
        "iops_mean" : 0.000000,
        "iops_stddev" : 0.000000,
        "iops_samples" : 0
      },
      "trim" : {
        "io_bytes" : 0,
        "io_kbytes" : 0,
        "bw_bytes" : 0,
        "bw" : 0,
        "iops" : 0.000000,
        "runtime" : 0,
        "total_ios" : 0,
        "short_ios" : 0,
        "drop_ios" : 0,
        "slat_ns" : {
          "min" : 0,
          "max" : 0,
          "mean" : 0.000000,
          "stddev" : 0.000000,
          "N" : 0
        },
        "clat_ns" : {
          "min" : 0,
          "max" : 0,
          "mean" : 0.000000,
          "stddev" : 0.000000,
          "N" : 0
        },
        "lat_ns" : {
          "min" : 0,
          "max" : 0,
          "mean" : 0.000000,
          "stddev" : 0.000000,
          "N" : 0
        },
        "bw_min" : 0,
        "bw_max" : 0,
        "bw_agg" : 0.000000,
        "bw_mean" : 0.000000,
        "bw_dev" : 0.000000,
        "bw_samples" : 0,
        "iops_min" : 0,
        "iops_max" : 0,
        "iops_mean" : 0.000000,
        "iops_stddev" : 0.000000,
        "iops_samples" : 0
      },
      "sync" : {
        "total_ios" : 0,
        "lat_ns" : {
          "min" : 0,
          "max" : 0,
          "mean" : 0.000000,
          "stddev" : 0.000000,
          "N" : 0
        }
      },
      "job_runtime" : 10000,
      "usr_cpu" : 4.630000,
      "sys_cpu" : 90.200000,
      "ctx" : 35336,
      "majf" : 0,
      "minf" : 140,
      "iodepth_level" : {
        "1" : 0.100000,
        "2" : 0.100000,
        "4" : 0.100000,
        "8" : 99.998648,
        "16" : 0.000000,
        "32" : 0.000000,
        ">=64" : 0.000000
      },
      "iodepth_submit" : {
        "0" : 0.000000,
        "4" : 100.000000,
        "8" : 0.000000,
        "16" : 0.000000,
        "32" : 0.000000,
        "64" : 0.000000,
        ">=64" : 0.000000
      },
      "iodepth_complete" : {
        "0" : 0.000000,
        "4" : 99.999807,
        "8" : 0.100000,
        "16" : 0.000000,
        "32" : 0.000000,
        "64" : 0.000000,
        ">=64" : 0.000000
      },
      "latency_ns" : {
        "2" : 0.000000,
        "4" : 0.000000,
        "10" : 0.000000,
        "20" : 0.000000,
        "50" : 0.000000,
        "100" : 0.000000,
        "250" : 0.000000,
        "500" : 0.000000,
        "750" : 0.000000,
        "1000" : 0.000000
      },
      "latency_us" : {
        "2" : 0.000000,
        "4" : 0.000000,
        "10" : 0.000000,
        "20" : 0.000000,
        "50" : 0.000000,
        "100" : 20.934764,
        "250" : 78.581264,
        "500" : 0.385092,
        "750" : 0.064504,
        "1000" : 0.022016
      },
      "latency_ms" : {
        "2" : 0.012360,
        "4" : 0.000000,
        "10" : 0.000000,
        "20" : 0.000000,
        "50" : 0.000000,
        "100" : 0.000000,
        "250" : 0.000000,
        "500" : 0.000000,
        "750" : 0.000000,
        "1000" : 0.000000,
        "2000" : 0.000000,
        ">=2000" : 0.000000
      },
      "latency_depth" : 8,
      "latency_target" : 0,
      "latency_percentile" : 100.000000,
      "latency_window" : 0
    }
  ],
  "disk_util" : [
    {
      "name" : "dm-1",
      "read_ios" : 512998,
      "write_ios" : 1145,
      "read_sectors" : 65663624,
      "write_sectors" : 16696,
      "read_merges" : 0,
      "write_merges" : 0,
      "read_ticks" : 48520,
      "write_ticks" : 187,
      "in_queue" : 48707,
      "util" : 99.028835,
      "aggr_read_ios" : 517800,
      "aggr_write_ios" : 1279,
      "aggr_read_sectors" : 66278280,
      "aggr_write_sectors" : 17184,
      "aggr_read_merges" : 0,
      "aggr_write_merge" : 0,
      "aggr_read_ticks" : 48589,
      "aggr_write_ticks" : 190,
      "aggr_in_queue" : 48779,
      "aggr_util" : 98.541153
    },
    {
      "name" : "dm-0",
      "read_ios" : 517800,
      "write_ios" : 1279,
      "read_sectors" : 66278280,
      "write_sectors" : 17184,
      "read_merges" : 0,
      "write_merges" : 0,
      "read_ticks" : 48589,
      "write_ticks" : 190,
      "in_queue" : 48779,
      "util" : 98.541153,
      "aggr_read_ios" : 517800,
      "aggr_write_ios" : 853,
      "aggr_read_sectors" : 66278280,
      "aggr_write_sectors" : 17184,
      "aggr_read_merges" : 0,
      "aggr_write_merge" : 426,
      "aggr_read_ticks" : 23888,
      "aggr_write_ticks" : 114,
      "aggr_in_queue" : 24022,
      "aggr_util" : 57.521688
    },
    {
      "name" : "nvme0n1",
      "read_ios" : 517800,
      "write_ios" : 853,
      "read_sectors" : 66278280,
      "write_sectors" : 17184,
      "read_merges" : 0,
      "write_merges" : 426,
      "read_ticks" : 23888,
      "write_ticks" : 114,
      "in_queue" : 24022,