{
  "fio version" : "fio-3.41",
  "timestamp" : 1783610703,
  "timestamp_ms" : 1783610703432,
  "time" : "Thu Jul  9 17:25:03 2026",
  "jobs" : [
    {
      "jobname" : "sweep",
      "groupid" : 0,
      "job_start" : 1783610683536,
      "error" : 0,
      "eta" : 0,
      "elapsed" : 20,
      "job options" : {
        "name" : "sweep",
        "filename" : "./fio-testfile",
        "rw" : "read",
        "ioengine" : "libaio",
        "iodepth" : "16",
        "bs" : "4M",
        "direct" : "1",
        "group_reporting" : ""
      },
      "read" : {
        "io_bytes" : 107374182400,
        "io_kbytes" : 104857600,
        "bw_bytes" : 5448806576,
        "bw" : 5321100,
        "iops" : 1299.096722,
        "runtime" : 19706,
        "total_ios" : 25600,
        "short_ios" : 0,
        "drop_ios" : 0,
        "slat_ns" : {
          "min" : 304227,
          "max" : 6255335,
          "mean" : 738661.712305,
          "stddev" : 213608.165800,
          "N" : 25600
        },
        "clat_ns" : {
          "min" : 6057301,
          "max" : 39702298,
          "mean" : 11563361.354297,
          "stddev" : 2552645.264021,
          "N" : 25600,
          "percentile" : {
            "1.000000" : 7700480,
            "5.000000" : 8028160,
            "10.000000" : 8159232,
            "20.000000" : 8585216,
            "30.000000" : 9633792,
            "40.000000" : 10551296,
            "50.000000" : 11468800,
            "60.000000" : 12648448,
            "70.000000" : 13565952,
            "80.000000" : 14221312,
            "90.000000" : 14745600,
            "95.000000" : 15138816,
            "99.000000" : 15925248,
            "99.500000" : 16187392,
            "99.900000" : 18743296,
            "99.950000" : 21626880,
            "99.990000" : 36438016
          }
        },
        "lat_ns" : {
          "min" : 6474033,
          "max" : 42638887,
          "mean" : 12302023.066602,
          "stddev" : 2718644.373744,
          "N" : 25600
        },
        "bw_min" : 4448256,
        "bw_max" : 5570560,
        "bw_agg" : 100.000000,
        "bw_mean" : 5325640.205128,
        "bw_dev" : 196624.121696,
        "bw_samples" : 39,
        "iops_min" : 1086,
        "iops_max" : 1360,
        "iops_mean" : 1300.205128,
        "iops_stddev" : 48.003936,
        "iops_samples" : 39
      },
      "write" : {
        "io_bytes" : 0,
        "io_kbytes" : 0,
        "bw_bytes" : 0,
        "bw" : 0,
        "iops" : 0.000000,
        "runtime" : 0,
        "total_ios" : 0,
        "short_ios" : 0,
        "drop_ios" : 0,
        "slat_ns" : {
          "min" : 0,
          "max" : 0,
          "mean" : 0.000000,
          "stddev" : 0.000000,
          "N" : 0
        },
        "clat_ns" : {
          "min" : 0,
          "max" : 0,
          "mean" : 0.000000,
          "stddev" : 0.000000,
          "N" : 0
        },
        "lat_ns" : {
          "min" : 0,
          "max" : 0,
          "mean" : 0.000000,
          "stddev" : 0.000000,
          "N" : 0
        },
        "bw_min" : 0,
        "bw_max" : 0,
        "bw_agg" : 0.000000,
        "bw_mean" : 0.000000,
        "bw_dev" : 0.000000,
        "bw_samples" : 0,
        "iops_min" : 0,
        "iops_max" : 0,
        "iops_mean" : 0.000000,
        "iops_stddev" : 0.000000,
        "iops_samples" : 0
      },
      "trim" : {
        "io_bytes" : 0,
        "io_kbytes" : 0,
        "bw_bytes" : 0,
        "bw" : 0,
        "iops" : 0.000000,
        "runtime" : 0,
        "total_ios" : 0,
        "short_ios" : 0,
        "drop_ios" : 0,
        "slat_ns" : {
          "min" : 0,
          "max" : 0,
          "mean" : 0.000000,
          "stddev" : 0.000000,
          "N" : 0
        },
        "clat_ns" : {
          "min" : 0,
          "max" : 0,
          "mean" : 0.000000,
          "stddev" : 0.000000,
          "N" : 0
        },
        "lat_ns" : {
          "min" : 0,
          "max" : 0,
          "mean" : 0.000000,
          "stddev" : 0.000000,
          "N" : 0
        },
        "bw_min" : 0,
        "bw_max" : 0,
        "bw_agg" : 0.000000,
        "bw_mean" : 0.000000,
        "bw_dev" : 0.000000,
        "bw_samples" : 0,
        "iops_min" : 0,
        "iops_max" : 0,
        "iops_mean" : 0.000000,
        "iops_stddev" : 0.000000,
        "iops_samples" : 0
      },
      "sync" : {
        "total_ios" : 0,
        "lat_ns" : {
          "min" : 0,
          "max" : 0,
          "mean" : 0.000000,
          "stddev" : 0.000000,
          "N" : 0
        }
      },
      "job_runtime" : 19705,
      "usr_cpu" : 0.208069,
      "sys_cpu" : 95.711748,
      "ctx" : 5477,
      "majf" : 0,
      "minf" : 16395,
      "iodepth_level" : {
        "1" : 0.100000,
        "2" : 0.100000,
        "4" : 0.100000,
        "8" : 0.100000,
        "16" : 99.941406,
        "32" : 0.000000,
        ">=64" : 0.000000
      },
      "iodepth_submit" : {
        "0" : 0.000000,
        "4" : 100.000000,
        "8" : 0.000000,
        "16" : 0.000000,
        "32" : 0.000000,
        "64" : 0.000000,
        ">=64" : 0.000000
      },
      "iodepth_complete" : {
        "0" : 0.000000,
        "4" : 99.996092,
        "8" : 0.000000,
        "16" : 0.100000,
        "32" : 0.000000,
        "64" : 0.000000,
        ">=64" : 0.000000
      },
      "latency_ns" : {
        "2" : 0.000000,
        "4" : 0.000000,
        "10" : 0.000000,
        "20" : 0.000000,
        "50" : 0.000000,
        "100" : 0.000000,
        "250" : 0.000000,
        "500" : 0.000000,
        "750" : 0.000000,
        "1000" : 0.000000
      },
      "latency_us" : {
        "2" : 0.000000,
        "4" : 0.000000,
        "10" : 0.000000,
        "20" : 0.000000,
        "50" : 0.000000,
        "100" : 0.000000,
        "250" : 0.000000,
        "500" : 0.000000,
        "750" : 0.000000,
        "1000" : 0.000000
      },
      "latency_ms" : {
        "2" : 0.000000,
        "4" : 0.000000,
        "10" : 32.960938,
        "20" : 66.980469,
        "50" : 0.058594,
        "100" : 0.000000,
        "250" : 0.000000,
        "500" : 0.000000,
        "750" : 0.000000,
        "1000" : 0.000000,
        "2000" : 0.000000,
        ">=2000" : 0.000000
      },
      "latency_depth" : 16,
      "latency_target" : 0,
      "latency_percentile" : 100.000000,
      "latency_window" : 0
    }
  ],
  "disk_util" : [
    {
      "name" : "dm-1",
      "read_ios" : 107449,
      "write_ios" : 1606,
      "read_sectors" : 209184184,
      "write_sectors" : 15584,
      "read_merges" : 0,
      "write_merges" : 0,
      "read_ticks" : 452737,
      "write_ticks" : 470,
      "in_queue" : 453207,
      "util" : 99.574296,
      "aggr_read_ios" : 824593,
      "aggr_write_ios" : 1711,
      "aggr_read_sectors" : 209888696,
      "aggr_write_sectors" : 15584,
      "aggr_read_merges" : 0,
      "aggr_write_merge" : 0,
      "aggr_read_ticks" : 3459911,
      "aggr_write_ticks" : 465,
      "aggr_in_queue" : 3460376,
      "aggr_util" : 99.349700
    },
    {
      "name" : "dm-0",
      "read_ios" : 824593,
      "write_ios" : 1711,
      "read_sectors" : 209888696,
      "write_sectors" : 15584,
      "read_merges" : 0,
      "write_merges" : 0,
      "read_ticks" : 3459911,
      "write_ticks" : 465,
      "in_queue" : 3460376,
      "util" : 99.349700,
      "aggr_read_ios" : 822496,
      "aggr_write_ios" : 920,
      "aggr_read_sectors" : 209888696,
      "aggr_write_sectors" : 15584,
      "aggr_read_merges" : 2097,
      "aggr_write_merge" : 791,
      "aggr_read_ticks" : 3615230,
      "aggr_write_ticks" : 288,
      "aggr_in_queue" : 3615582,
      "aggr_util" : 59.429349
    },
    {
      "name" : "nvme0n1",
      "read_ios" : 822496,
      "write_ios" : 920,
      "read_sectors" : 209888696,
      "write_sectors" : 15584,
      "read_merges" : 2097,
      "write_merges" : 791,
      "read_ticks" : 3615230,
      "write_ticks" : 288,
      "in_queue" : 3615582,