{
  "fio version" : "fio-3.36",
  "timestamp" : 1783086571,
  "timestamp_ms" : 1783086571494,
  "time" : "Fri Jul  3 15:49:31 2026",
  "jobs" : [
    {
      "jobname" : "sweep",
      "groupid" : 0,
      "job_start" : 1783086561432,
      "error" : 0,
      "eta" : 0,
      "elapsed" : 11,
      "job options" : {
        "name" : "sweep",
        "filename" : "./fio-testfile",
        "rw" : "read",
        "ioengine" : "libaio",
        "iodepth" : "64",
        "bs" : "1M",
        "direct" : "1",
        "runtime" : "10s",
        "loops" : "1000"
      },
      "read" : {
        "io_bytes" : 45373980672,
        "io_kbytes" : 44310528,
        "bw_bytes" : 4528793359,
        "bw" : 4422649,
        "iops" : 4318.993912,
        "runtime" : 10019,
        "total_ios" : 43272,
        "short_ios" : 0,
        "drop_ios" : 0,
        "slat_ns" : {
          "min" : 54049,
          "max" : 1581669,
          "mean" : 74267.644967,
          "stddev" : 20498.198641,
          "N" : 43272
        },
        "clat_ns" : {
          "min" : 2104042,
          "max" : 53546278,
          "mean" : 14724302.338510,
          "stddev" : 8826942.057368,
          "N" : 43272,
          "percentile" : {
            "1.000000" : 2965504,
            "5.000000" : 3981312,
            "10.000000" : 4882432,
            "20.000000" : 6717440,
            "30.000000" : 8585216,
            "40.000000" : 10551296,
            "50.000000" : 12779520,
            "60.000000" : 15400960,
            "70.000000" : 18481152,
            "80.000000" : 22151168,
            "90.000000" : 27394048,
            "95.000000" : 31588352,
            "99.000000" : 39583744,
            "99.500000" : 42729472,
            "99.900000" : 47448064,
            "99.950000" : 49545216,
            "99.990000" : 50593792
          }
        },
        "lat_ns" : {
          "min" : 2190551,
          "max" : 53623967,
          "mean" : 14798569.983476,
          "stddev" : 8825777.805528,
          "N" : 43272
        },
        "bw_min" : 4325376,
        "bw_max" : 4466688,
        "bw_agg" : 100.000000,
        "bw_mean" : 4424601.600000,
        "bw_dev" : 33099.627154,
        "bw_samples" : 20,
        "iops_min" : 4224,
        "iops_max" : 4362,
        "iops_mean" : 4320.900000,
        "iops_stddev" : 32.323855,
        "iops_samples" : 20
      },
      "write" : {
        "io_bytes" : 0,
        "io_kbytes" : 0,
        "bw_bytes" : 0,
        "bw" : 0,
        "iops" : 0.000000,
        "runtime" : 0,
        "total_ios" : 0,
        "short_ios" : 0,
        "drop_ios" : 0,
        "slat_ns" : {
          "min" : 0,
          "max" : 0,
          "mean" : 0.000000,
          "stddev" : 0.000000,
          "N" : 0
        },
        "clat_ns" : {
          "min" : 0,
          "max" : 0,
          "mean" : 0.000000,
          "stddev" : 0.000000,
          "N" : 0
        },
        "lat_ns" : {
          "min" : 0,
          "max" : 0,
          "mean" : 0.000000,
          "stddev" : 0.000000,
          "N" : 0
        },
        "bw_min" : 0,
        "bw_max" : 0,
        "bw_agg" : 0.000000,
        "bw_mean" : 0.000000,
        "bw_dev" : 0.000000,
        "bw_samples" : 0,
        "iops_min" : 0,
        "iops_max" : 0,
        "iops_mean" : 0.000000,
        "iops_stddev" : 0.000000,
        "iops_samples" : 0
      },
      "trim" : {
        "io_bytes" : 0,
        "io_kbytes" : 0,
        "bw_bytes" : 0,
        "bw" : 0,
        "iops" : 0.000000,
        "runtime" : 0,
        "total_ios" : 0,
        "short_ios" : 0,
        "drop_ios" : 0,
        "slat_ns" : {
          "min" : 0,
          "max" : 0,
          "mean" : 0.000000,
          "stddev" : 0.000000,
          "N" : 0
        },
        "clat_ns" : {
          "min" : 0,
          "max" : 0,
          "mean" : 0.000000,
          "stddev" : 0.000000,
          "N" : 0
        },
        "lat_ns" : {
          "min" : 0,
          "max" : 0,
          "mean" : 0.000000,
          "stddev" : 0.000000,
          "N" : 0
        },
        "bw_min" : 0,
        "bw_max" : 0,
        "bw_agg" : 0.000000,
        "bw_mean" : 0.000000,
        "bw_dev" : 0.000000,
        "bw_samples" : 0,
        "iops_min" : 0,
        "iops_max" : 0,
        "iops_mean" : 0.000000,
        "iops_stddev" : 0.000000,
        "iops_samples" : 0
      },
      "sync" : {
        "total_ios" : 0,
        "lat_ns" : {
          "min" : 0,
          "max" : 0,
          "mean" : 0.000000,
          "stddev" : 0.000000,
          "N" : 0
        }
      },
      "job_runtime" : 10018,
      "usr_cpu" : 0.678778,
      "sys_cpu" : 32.930725,
      "ctx" : 37726,
      "majf" : 0,
      "minf" : 16398,
      "iodepth_level" : {
        "1" : 0.100000,
        "2" : 0.100000,
        "4" : 0.100000,
        "8" : 0.100000,
        "16" : 0.100000,
        "32" : 0.100000,
        ">=64" : 99.854409
      },
      "iodepth_submit" : {
        "0" : 0.000000,
        "4" : 100.000000,
        "8" : 0.000000,
        "16" : 0.000000,
        "32" : 0.000000,
        "64" : 0.000000,
        ">=64" : 0.000000
      },
      "iodepth_complete" : {
        "0" : 0.000000,
        "4" : 99.997686,
        "8" : 0.000000,
        "16" : 0.000000,
        "32" : 0.000000,
        "64" : 0.100000,
        ">=64" : 0.000000
      },
      "latency_ns" : {
        "2" : 0.000000,
        "4" : 0.000000,
        "10" : 0.000000,
        "20" : 0.000000,
        "50" : 0.000000,
        "100" : 0.000000,
        "250" : 0.000000,
        "500" : 0.000000,
        "750" : 0.000000,
        "1000" : 0.000000
      },
      "latency_us" : {
        "2" : 0.000000,
        "4" : 0.000000,
        "10" : 0.000000,
        "20" : 0.000000,
        "50" : 0.000000,
        "100" : 0.000000,
        "250" : 0.000000,
        "500" : 0.000000,
        "750" : 0.000000,
        "1000" : 0.000000
      },
      "latency_ms" : {
        "2" : 0.000000,
        "4" : 5.081808,
        "10" : 32.274912,
        "20" : 37.430671,
        "50" : 25.175633,
        "100" : 0.036975,
        "250" : 0.000000,
        "500" : 0.000000,
        "750" : 0.000000,
        "1000" : 0.000000,
        "2000" : 0.000000,
        ">=2000" : 0.000000
      },
      "latency_depth" : 64,
      "latency_target" : 0,
      "latency_percentile" : 100.000000,
      "latency_window" : 0
    }
  ],
  "disk_util" : [
    {
      "name" : "dm-1",
      "read_ios" : 127332,
      "write_ios" : 1098,
      "read_sectors" : 87601472,
      "write_sectors" : 17776,
      "read_merges" : 0,
      "write_merges" : 0,
      "read_ticks" : 1825772,
      "write_ticks" : 21761,
      "in_queue" : 1847533,
      "util" : 99.269416,
      "aggr_read_ios" : 387942,
      "aggr_write_ios" : 1306,
      "aggr_read_sectors" : 88621552,
      "aggr_write_sectors" : 19872,
      "aggr_read_merges" : 0,
      "aggr_write_merge" : 0,
      "aggr_read_ticks" : 5513112,
      "aggr_write_ticks" : 23257,
      "aggr_in_queue" : 5536369,
      "aggr_util" : 99.153293
    },
    {
      "name" : "dm-0",
      "read_ios" : 387942,
      "write_ios" : 1306,
      "read_sectors" : 88621552,
      "write_sectors" : 19872,
      "read_merges" : 0,
      "write_merges" : 0,
      "read_ticks" : 5513112,
      "write_ticks" : 23257,
      "in_queue" : 5536369,
      "util" : 99.153293,
      "aggr_read_ios" : 387942,
      "aggr_write_ios" : 753,
      "aggr_read_sectors" : 88621552,
      "aggr_write_sectors" : 19872,
      "aggr_read_merges" : 0,
      "aggr_write_merge" : 553,
      "aggr_read_ticks" : 5501574,
      "aggr_write_ticks" : 17117,
      "aggr_in_queue" : 5519074,
      "aggr_util" : 79.066562
    },
    {
      "name" : "nvme0n1",
      "read_ios" : 387942,
      "write_ios" : 753,
      "read_sectors" : 88621552,
      "write_sectors" : 19872,
      "read_merges" : 0,
      "write_merges" : 553,
      "read_ticks" : 5501574,
      "write_ticks" : 17117,
      "in_queue" : 5519074,