{
  "fio version" : "fio-3.36",
  "timestamp" : 1783509052,
  "timestamp_ms" : 1783509052658,
  "time" : "Wed Jul  8 13:10:52 2026",
  "jobs" : [
    {
      "jobname" : "sweep",
      "groupid" : 0,
      "job_start" : 1783509049991,
      "error" : 0,
      "eta" : 0,
      "elapsed" : 3,
      "job options" : {
        "name" : "sweep",
        "filename" : "./fio-testfile",
        "rw" : "read",
        "ioengine" : "libaio",
        "iodepth" : "16",
        "bs" : "256k",
        "direct" : "1"
      },
      "read" : {
        "io_bytes" : 8589934592,
        "io_kbytes" : 8388608,
        "bw_bytes" : 3264893421,
        "bw" : 3188372,
        "iops" : 12454.580008,
        "runtime" : 2631,
        "total_ios" : 32768,
        "short_ios" : 0,
        "drop_ios" : 0,
        "slat_ns" : {
          "min" : 14210,
          "max" : 9264688,
          "mean" : 24122.076447,
          "stddev" : 99415.844651,
          "N" : 32768
        },
        "clat_ns" : {
          "min" : 248071,
          "max" : 10360457,
          "mean" : 1259279.102600,
          "stddev" : 459899.973625,
          "N" : 32768,
          "percentile" : {
            "1.000000" : 473088,
            "5.000000" : 856064,
            "10.000000" : 937984,
            "20.000000" : 1019904,
            "30.000000" : 1089536,
            "40.000000" : 1138688,
            "50.000000" : 1204224,
            "60.000000" : 1253376,
            "70.000000" : 1318912,
            "80.000000" : 1400832,
            "90.000000" : 1564672,
            "95.000000" : 1810432,
            "99.000000" : 2703360,
            "99.500000" : 3588096,
            "99.900000" : 7503872,
            "99.950000" : 7962624,
            "99.990000" : 10158080
          }
        },
        "lat_ns" : {
          "min" : 293199,
          "max" : 10382096,
          "mean" : 1283401.179047,
          "stddev" : 462555.899183,
          "N" : 32768
        },
        "bw_min" : 3087872,
        "bw_max" : 3294208,
        "bw_agg" : 100.000000,
        "bw_mean" : 3193856.000000,
        "bw_dev" : 90690.506670,
        "bw_samples" : 5,
        "iops_min" : 12062,
        "iops_max" : 12868,
        "iops_mean" : 12476.000000,
        "iops_stddev" : 354.259792,
        "iops_samples" : 5
      },
      "write" : {
        "io_bytes" : 0,
        "io_kbytes" : 0,
        "bw_bytes" : 0,
        "bw" : 0,
        "iops" : 0.000000,
        "runtime" : 0,
        "total_ios" : 0,
        "short_ios" : 0,
        "drop_ios" : 0,
        "slat_ns" : {
          "min" : 0,
          "max" : 0,
          "mean" : 0.000000,
          "stddev" : 0.000000,
          "N" : 0
        },
        "clat_ns" : {
          "min" : 0,
          "max" : 0,
          "mean" : 0.000000,
          "stddev" : 0.000000,
          "N" : 0
        },
        "lat_ns" : {
          "min" : 0,
          "max" : 0,
          "mean" : 0.000000,
          "stddev" : 0.000000,
          "N" : 0
        },
        "bw_min" : 0,
        "bw_max" : 0,
        "bw_agg" : 0.000000,
        "bw_mean" : 0.000000,
        "bw_dev" : 0.000000,
        "bw_samples" : 0,
        "iops_min" : 0,
        "iops_max" : 0,
        "iops_mean" : 0.000000,
        "iops_stddev" : 0.000000,
        "iops_samples" : 0
      },
      "trim" : {
        "io_bytes" : 0,
        "io_kbytes" : 0,
        "bw_bytes" : 0,
        "bw" : 0,
        "iops" : 0.000000,
        "runtime" : 0,
        "total_ios" : 0,
        "short_ios" : 0,
        "drop_ios" : 0,
        "slat_ns" : {
          "min" : 0,
          "max" : 0,
          "mean" : 0.000000,
          "stddev" : 0.000000,
          "N" : 0
        },
        "clat_ns" : {
          "min" : 0,
          "max" : 0,
          "mean" : 0.000000,
          "stddev" : 0.000000,
          "N" : 0
        },
        "lat_ns" : {
          "min" : 0,
          "max" : 0,
          "mean" : 0.000000,
          "stddev" : 0.000000,
          "N" : 0
        },
        "bw_min" : 0,
        "bw_max" : 0,
        "bw_agg" : 0.000000,
        "bw_mean" : 0.000000,
        "bw_dev" : 0.000000,
        "bw_samples" : 0,
        "iops_min" : 0,
        "iops_max" : 0,
        "iops_mean" : 0.000000,
        "iops_stddev" : 0.000000,
        "iops_samples" : 0
      },
      "sync" : {
        "total_ios" : 0,
        "lat_ns" : {
          "min" : 0,
          "max" : 0,
          "mean" : 0.000000,
          "stddev" : 0.000000,
          "N" : 0
        }
      },
      "job_runtime" : 2630,
      "usr_cpu" : 0.950570,
      "sys_cpu" : 27.832700,
      "ctx" : 25221,
      "majf" : 0,
      "minf" : 1038,
      "iodepth_level" : {
        "1" : 0.100000,
        "2" : 0.100000,
        "4" : 0.100000,
        "8" : 0.100000,
        "16" : 99.954224,
        "32" : 0.000000,
        ">=64" : 0.000000
      },
      "iodepth_submit" : {
        "0" : 0.000000,
        "4" : 100.000000,
        "8" : 0.000000,
        "16" : 0.000000,
        "32" : 0.000000,
        "64" : 0.000000,
        ">=64" : 0.000000
      },
      "iodepth_complete" : {
        "0" : 0.000000,
        "4" : 99.996947,
        "8" : 0.000000,
        "16" : 0.100000,
        "32" : 0.000000,
        "64" : 0.000000,
        ">=64" : 0.000000
      },
      "latency_ns" : {
        "2" : 0.000000,
        "4" : 0.000000,
        "10" : 0.000000,
        "20" : 0.000000,
        "50" : 0.000000,
        "100" : 0.000000,
        "250" : 0.000000,
        "500" : 0.000000,
        "750" : 0.000000,
        "1000" : 0.000000
      },
      "latency_us" : {
        "2" : 0.000000,
        "4" : 0.000000,
        "10" : 0.000000,
        "20" : 0.000000,
        "50" : 0.000000,
        "100" : 0.000000,
        "250" : 0.010000,
        "500" : 1.101685,
        "750" : 1.504517,
        "1000" : 14.382935
      },
      "latency_ms" : {
        "2" : 79.339600,
        "4" : 3.326416,
        "10" : 0.323486,
        "20" : 0.018311,
        "50" : 0.000000,
        "100" : 0.000000,
        "250" : 0.000000,
        "500" : 0.000000,
        "750" : 0.000000,
        "1000" : 0.000000,
        "2000" : 0.000000,
        ">=2000" : 0.000000
      },
      "latency_depth" : 16,
      "latency_target" : 0,
      "latency_percentile" : 100.000000,
      "latency_window" : 0
    }
  ],
  "disk_util" : [
    {
      "name" : "dm-1",
      "read_ios" : 50048,
      "write_ios" : 423,
      "read_sectors" : 15373072,
      "write_sectors" : 41448,
      "read_merges" : 0,
      "write_merges" : 0,
      "read_ticks" : 59443,
      "write_ticks" : 213,
      "in_queue" : 59656,
      "util" : 97.153168,
      "aggr_read_ios" : 84014,
      "aggr_write_ios" : 567,
      "aggr_read_sectors" : 16853856,
      "aggr_write_sectors" : 41688,
      "aggr_read_merges" : 0,
      "aggr_write_merge" : 0,
      "aggr_read_ticks" : 98483,
      "aggr_write_ticks" : 395,
      "aggr_in_queue" : 98878,
      "aggr_util" : 96.131598
    },
    {
      "name" : "dm-0",
      "read_ios" : 84014,
      "write_ios" : 567,
      "read_sectors" : 16853856,
      "write_sectors" : 41688,
      "read_merges" : 0,
      "write_merges" : 0,
      "read_ticks" : 98483,
      "write_ticks" : 395,
      "in_queue" : 98878,
      "util" : 96.131598,
      "aggr_read_ios" : 79798,
      "aggr_write_ios" : 387,
      "aggr_read_sectors" : 16853664,
      "aggr_write_sectors" : 41688,
      "aggr_read_merges" : 4215,
      "aggr_write_merge" : 180,
      "aggr_read_ticks" : 89790,
      "aggr_write_ticks" : 369,
      "aggr_in_queue" : 90208,
      "aggr_util" : 68.185105
    },
    {
      "name" : "nvme0n1",
      "read_ios" : 79798,
      "write_ios" : 387,
      "read_sectors" : 16853664,
      "write_sectors" : 41688,
      "read_merges" : 4215,
      "write_merges" : 180,
      "read_ticks" : 89790,
      "write_ticks" : 369,
      "in_queue" : 90208,
      "util" : 68.185105
    }
  ]
}
