{
  "fio version" : "fio-3.36",
  "timestamp" : 1783086489,
  "timestamp_ms" : 1783086489127,
  "time" : "Fri Jul  3 15:48:09 2026",
  "jobs" : [
    {
      "jobname" : "sweep",
      "groupid" : 0,
      "job_start" : 1783086479083,
      "error" : 0,
      "eta" : 0,
      "elapsed" : 11,
      "job options" : {
        "name" : "sweep",
        "filename" : "./fio-testfile",
        "rw" : "read",
        "ioengine" : "libaio",
        "iodepth" : "16",
        "bs" : "256k",
        "direct" : "1",
        "runtime" : "10s",
        "loops" : "1000"
      },
      "read" : {
        "io_bytes" : 44999114752,
        "io_kbytes" : 43944448,
        "bw_bytes" : 4499461529,
        "bw" : 4394005,
        "iops" : 17164.083592,
        "runtime" : 10001,
        "total_ios" : 171658,
        "short_ios" : 0,
        "drop_ios" : 0,
        "slat_ns" : {
          "min" : 14130,
          "max" : 732141,
          "mean" : 20278.515560,
          "stddev" : 5577.106856,
          "N" : 171658
        },
        "clat_ns" : {
          "min" : 289326,
          "max" : 5321140,
          "mean" : 911523.135432,
          "stddev" : 206201.581460,
          "N" : 171658,
          "percentile" : {
            "1.000000" : 651264,
            "5.000000" : 724992,
            "10.000000" : 757760,
            "20.000000" : 806912,
            "30.000000" : 831488,
            "40.000000" : 856064,
            "50.000000" : 888832,
            "60.000000" : 913408,
            "70.000000" : 946176,
            "80.000000" : 987136,
            "90.000000" : 1056768,
            "95.000000" : 1122304,
            "99.000000" : 1564672,
            "99.500000" : 2342912,
            "99.900000" : 3260416,
            "99.950000" : 3686400,
            "99.990000" : 4489216
          }
        },
        "lat_ns" : {
          "min" : 320215,
          "max" : 5336959,
          "mean" : 931801.650992,
          "stddev" : 205993.097614,
          "N" : 171658
        },
        "bw_min" : 4289536,
        "bw_max" : 4476928,
        "bw_agg" : 100.000000,
        "bw_mean" : 4396705.684211,
        "bw_dev" : 49195.847888,
        "bw_samples" : 19,
        "iops_min" : 16756,
        "iops_max" : 17488,
        "iops_mean" : 17174.631579,
        "iops_stddev" : 192.171281,
        "iops_samples" : 19
      },
      "write" : {
        "io_bytes" : 0,
        "io_kbytes" : 0,
        "bw_bytes" : 0,
        "bw" : 0,
        "iops" : 0.000000,
        "runtime" : 0,
        "total_ios" : 0,
        "short_ios" : 0,
        "drop_ios" : 0,
        "slat_ns" : {
          "min" : 0,
          "max" : 0,
          "mean" : 0.000000,
          "stddev" : 0.000000,
          "N" : 0
        },
        "clat_ns" : {
          "min" : 0,
          "max" : 0,
          "mean" : 0.000000,
          "stddev" : 0.000000,
          "N" : 0
        },
        "lat_ns" : {
          "min" : 0,
          "max" : 0,
          "mean" : 0.000000,
          "stddev" : 0.000000,
          "N" : 0
        },
        "bw_min" : 0,
        "bw_max" : 0,
        "bw_agg" : 0.000000,
        "bw_mean" : 0.000000,
        "bw_dev" : 0.000000,
        "bw_samples" : 0,
        "iops_min" : 0,
        "iops_max" : 0,
        "iops_mean" : 0.000000,
        "iops_stddev" : 0.000000,
        "iops_samples" : 0
      },
      "trim" : {
        "io_bytes" : 0,
        "io_kbytes" : 0,
        "bw_bytes" : 0,
        "bw" : 0,
        "iops" : 0.000000,
        "runtime" : 0,
        "total_ios" : 0,
        "short_ios" : 0,
        "drop_ios" : 0,
        "slat_ns" : {
          "min" : 0,
          "max" : 0,
          "mean" : 0.000000,
          "stddev" : 0.000000,
          "N" : 0
        },
        "clat_ns" : {
          "min" : 0,
          "max" : 0,
          "mean" : 0.000000,
          "stddev" : 0.000000,
          "N" : 0
        },
        "lat_ns" : {
          "min" : 0,
          "max" : 0,
          "mean" : 0.000000,
          "stddev" : 0.000000,
          "N" : 0
        },
        "bw_min" : 0,
        "bw_max" : 0,
        "bw_agg" : 0.000000,
        "bw_mean" : 0.000000,
        "bw_dev" : 0.000000,
        "bw_samples" : 0,
        "iops_min" : 0,
        "iops_max" : 0,
        "iops_mean" : 0.000000,
        "iops_stddev" : 0.000000,
        "iops_samples" : 0
      },
      "sync" : {
        "total_ios" : 0,
        "lat_ns" : {
          "min" : 0,
          "max" : 0,
          "mean" : 0.000000,
          "stddev" : 0.000000,
          "N" : 0
        }
      },
      "job_runtime" : 10000,
      "usr_cpu" : 2.150000,
      "sys_cpu" : 37.480000,
      "ctx" : 116371,
      "majf" : 0,
      "minf" : 1037,
      "iodepth_level" : {
        "1" : 0.100000,
        "2" : 0.100000,
        "4" : 0.100000,
        "8" : 0.100000,
        "16" : 99.991262,
        "32" : 0.000000,
        ">=64" : 0.000000
      },
      "iodepth_submit" : {
        "0" : 0.000000,
        "4" : 100.000000,
        "8" : 0.000000,
        "16" : 0.000000,
        "32" : 0.000000,
        "64" : 0.000000,
        ">=64" : 0.000000
      },
      "iodepth_complete" : {
        "0" : 0.000000,
        "4" : 99.999417,
        "8" : 0.000000,
        "16" : 0.100000,
        "32" : 0.000000,
        "64" : 0.000000,
        ">=64" : 0.000000
      },
      "latency_ns" : {
        "2" : 0.000000,
        "4" : 0.000000,
        "10" : 0.000000,
        "20" : 0.000000,
        "50" : 0.000000,
        "100" : 0.000000,
        "250" : 0.000000,
        "500" : 0.000000,
        "750" : 0.000000,
        "1000" : 0.000000
      },
      "latency_us" : {
        "2" : 0.000000,
        "4" : 0.000000,
        "10" : 0.000000,
        "20" : 0.000000,
        "50" : 0.000000,
        "100" : 0.000000,
        "250" : 0.000000,
        "500" : 0.080392,
        "750" : 8.028172,
        "1000" : 74.794067
      },
      "latency_ms" : {
        "2" : 16.356942,
        "4" : 0.705473,
        "10" : 0.034953,
        "20" : 0.000000,
        "50" : 0.000000,
        "100" : 0.000000,
        "250" : 0.000000,
        "500" : 0.000000,
        "750" : 0.000000,
        "1000" : 0.000000,
        "2000" : 0.000000,
        ">=2000" : 0.000000
      },
      "latency_depth" : 16,
      "latency_target" : 0,
      "latency_percentile" : 100.000000,
      "latency_window" : 0
    }
  ],
  "disk_util" : [
    {
      "name" : "dm-1",
      "read_ios" : 253197,
      "write_ios" : 2038,
      "read_sectors" : 86976696,
      "write_sectors" : 105128,
      "read_merges" : 0,
      "write_merges" : 0,
      "read_ticks" : 219891,
      "write_ticks" : 43972,
      "in_queue" : 263863,
      "util" : 99.079263,
      "aggr_read_ios" : 410719,
      "aggr_write_ios" : 2422,
      "aggr_read_sectors" : 87889592,
      "aggr_write_sectors" : 112552,
      "aggr_read_merges" : 0,
      "aggr_write_merge" : 0,
      "aggr_read_ticks" : 347813,
      "aggr_write_ticks" : 65098,
      "aggr_in_queue" : 412911,
      "aggr_util" : 98.777120
    },
    {
      "name" : "dm-0",
      "read_ios" : 410719,
      "write_ios" : 2422,
      "read_sectors" : 87889592,
      "write_sectors" : 112552,
      "read_merges" : 0,
      "write_merges" : 0,
      "read_ticks" : 347813,
      "write_ticks" : 65098,
      "in_queue" : 412911,
      "util" : 98.777120,
      "aggr_read_ios" : 410685,
      "aggr_write_ios" : 1542,
      "aggr_read_sectors" : 87889592,
      "aggr_write_sectors" : 112552,
      "aggr_read_merges" : 34,
      "aggr_write_merge" : 880,
      "aggr_read_ticks" : 330532,
      "aggr_write_ticks" : 54902,
      "aggr_in_queue" : 385577,
      "aggr_util" : 69.723866
    },
    {
      "name" : "nvme0n1",
      "read_ios" : 410685,
      "write_ios" : 1542,
      "read_sectors" : 87889592,
      "write_sectors" : 112552,
      "read_merges" : 34,
      "write_merges" : 880,
      "read_ticks" : 330532,
      "write_ticks" : 54902,
      "in_queue" : 385577,