{
  "fio version" : "fio-3.41",
  "timestamp" : 1783091689,
  "timestamp_ms" : 1783091689115,
  "time" : "Fri Jul  3 17:14:49 2026",
  "jobs" : [
    {
      "jobname" : "sweep",
      "groupid" : 0,
      "job_start" : 1783091678970,
      "error" : 0,
      "eta" : 0,
      "elapsed" : 11,
      "job options" : {
        "name" : "sweep",
        "filename" : "./fio-testfile",
        "rw" : "read",
        "ioengine" : "libaio",
        "iodepth" : "8",
        "bs" : "4M",
        "direct" : "1",
        "time_based" : "",
        "runtime" : "10s",
        "loops" : "1000",
        "group_reporting" : ""
      },
      "read" : {
        "io_bytes" : 55557750784,
        "io_kbytes" : 54255616,
        "bw_bytes" : 5554664145,
        "bw" : 5424476,
        "iops" : 1324.335133,
        "runtime" : 10002,
        "total_ios" : 13246,
        "short_ios" : 0,
        "drop_ios" : 0,
        "slat_ns" : {
          "min" : 396202,
          "max" : 3466076,
          "mean" : 723806.540616,
          "stddev" : 196119.607407,
          "N" : 13246
        },
        "clat_ns" : {
          "min" : 456947,
          "max" : 19960076,
          "mean" : 5309160.462932,
          "stddev" : 1100679.923125,
          "N" : 13246,
          "percentile" : {
            "1.000000" : 3424256,
            "5.000000" : 3555328,
            "10.000000" : 3686400,
            "20.000000" : 4358144,
            "30.000000" : 4554752,
            "40.000000" : 4882432,
            "50.000000" : 5210112,
            "60.000000" : 5799936,
            "70.000000" : 6127616,
            "80.000000" : 6389760,
            "90.000000" : 6717440,
            "95.000000" : 6914048,
            "99.000000" : 7110656,
            "99.500000" : 7241728,
            "99.900000" : 8093696,
            "99.950000" : 9109504,
            "99.990000" : 17694720
          }
        },
        "lat_ns" : {
          "min" : 1336071,
          "max" : 23426152,
          "mean" : 6032967.003548,
          "stddev" : 1273127.183346,
          "N" : 13246
        },
        "bw_min" : 5013504,
        "bw_max" : 5742592,
        "bw_agg" : 100.000000,
        "bw_mean" : 5425561.600000,
        "bw_dev" : 221241.480250,
        "bw_samples" : 20,
        "iops_min" : 1224,
        "iops_max" : 1402,
        "iops_mean" : 1324.600000,
        "iops_stddev" : 54.014033,
        "iops_samples" : 20
      },
      "write" : {
        "io_bytes" : 0,
        "io_kbytes" : 0,
        "bw_bytes" : 0,
        "bw" : 0,
        "iops" : 0.000000,
        "runtime" : 0,
        "total_ios" : 0,
        "short_ios" : 0,
        "drop_ios" : 0,
        "slat_ns" : {
          "min" : 0,
          "max" : 0,
          "mean" : 0.000000,
          "stddev" : 0.000000,
          "N" : 0
        },
        "clat_ns" : {
          "min" : 0,
          "max" : 0,
          "mean" : 0.000000,
          "stddev" : 0.000000,
          "N" : 0
        },
        "lat_ns" : {
          "min" : 0,
          "max" : 0,
          "mean" : 0.000000,
          "stddev" : 0.000000,
          "N" : 0
        },
        "bw_min" : 0,
        "bw_max" : 0,
        "bw_agg" : 0.000000,
        "bw_mean" : 0.000000,
        "bw_dev" : 0.000000,
        "bw_samples" : 0,
        "iops_min" : 0,
        "iops_max" : 0,
        "iops_mean" : 0.000000,
        "iops_stddev" : 0.000000,
        "iops_samples" : 0
      },
      "trim" : {
        "io_bytes" : 0,
        "io_kbytes" : 0,
        "bw_bytes" : 0,
        "bw" : 0,
        "iops" : 0.000000,
        "runtime" : 0,
        "total_ios" : 0,
        "short_ios" : 0,
        "drop_ios" : 0,
        "slat_ns" : {
          "min" : 0,
          "max" : 0,
          "mean" : 0.000000,
          "stddev" : 0.000000,
          "N" : 0
        },
        "clat_ns" : {
          "min" : 0,
          "max" : 0,
          "mean" : 0.000000,
          "stddev" : 0.000000,
          "N" : 0
        },
        "lat_ns" : {
          "min" : 0,
          "max" : 0,
          "mean" : 0.000000,
          "stddev" : 0.000000,
          "N" : 0
        },
        "bw_min" : 0,
        "bw_max" : 0,
        "bw_agg" : 0.000000,
        "bw_mean" : 0.000000,
        "bw_dev" : 0.000000,
        "bw_samples" : 0,
        "iops_min" : 0,
        "iops_max" : 0,
        "iops_mean" : 0.000000,
        "iops_stddev" : 0.000000,
        "iops_samples" : 0
      },
      "sync" : {
        "total_ios" : 0,
        "lat_ns" : {
          "min" : 0,
          "max" : 0,
          "mean" : 0.000000,
          "stddev" : 0.000000,
          "N" : 0
        }
      },
      "job_runtime" : 10001,
      "usr_cpu" : 0.229977,
      "sys_cpu" : 95.970403,
      "ctx" : 2663,
      "majf" : 0,
      "minf" : 8203,
      "iodepth_level" : {
        "1" : 0.100000,
        "2" : 0.100000,
        "4" : 0.100000,
        "8" : 99.947154,
        "16" : 0.000000,
        "32" : 0.000000,
        ">=64" : 0.000000
      },
      "iodepth_submit" : {
        "0" : 0.000000,
        "4" : 100.000000,
        "8" : 0.000000,
        "16" : 0.000000,
        "32" : 0.000000,
        "64" : 0.000000,
        ">=64" : 0.000000
      },
      "iodepth_complete" : {
        "0" : 0.000000,
        "4" : 99.992447,
        "8" : 0.100000,
        "16" : 0.000000,
        "32" : 0.000000,
        "64" : 0.000000,
        ">=64" : 0.000000
      },
      "latency_ns" : {
        "2" : 0.000000,
        "4" : 0.000000,
        "10" : 0.000000,
        "20" : 0.000000,
        "50" : 0.000000,
        "100" : 0.000000,
        "250" : 0.000000,
        "500" : 0.000000,
        "750" : 0.000000,
        "1000" : 0.000000
      },
      "latency_us" : {
        "2" : 0.000000,
        "4" : 0.000000,
        "10" : 0.000000,
        "20" : 0.000000,
        "50" : 0.000000,
        "100" : 0.000000,
        "250" : 0.000000,
        "500" : 0.010000,
        "750" : 0.000000,
        "1000" : 0.000000
      },
      "latency_ms" : {
        "2" : 0.010000,
        "4" : 14.804469,
        "10" : 85.135135,
        "20" : 0.045297,
        "50" : 0.000000,
        "100" : 0.000000,
        "250" : 0.000000,
        "500" : 0.000000,
        "750" : 0.000000,
        "1000" : 0.000000,
        "2000" : 0.000000,
        ">=2000" : 0.000000
      },
      "latency_depth" : 8,
      "latency_target" : 0,
      "latency_percentile" : 100.000000,
      "latency_window" : 0
    }
  ],
  "disk_util" : [
    {
      "name" : "dm-1",
      "read_ios" : 52415,
      "write_ios" : 1116,
      "read_sectors" : 107345920,
      "write_sectors" : 13968,
      "read_merges" : 0,
      "write_merges" : 0,
      "read_ticks" : 105272,
      "write_ticks" : 178,
      "in_queue" : 105450,
      "util" : 99.009009,
      "aggr_read_ios" : 423872,
      "aggr_write_ios" : 1372,
      "aggr_read_sectors" : 108511232,
      "aggr_write_sectors" : 15464,
      "aggr_read_merges" : 0,
      "aggr_write_merge" : 0,
      "aggr_read_ticks" : 782665,
      "aggr_write_ticks" : 320,
      "aggr_in_queue" : 782985,
      "aggr_util" : 98.647982
    },
    {
      "name" : "dm-0",
      "read_ios" : 423872,
      "write_ios" : 1372,
      "read_sectors" : 108511232,
      "write_sectors" : 15464,
      "read_merges" : 0,
      "write_merges" : 0,
      "read_ticks" : 782665,
      "write_ticks" : 320,
      "in_queue" : 782985,
      "util" : 98.647982,
      "aggr_read_ios" : 423872,
      "aggr_write_ios" : 936,
      "aggr_read_sectors" : 108511232,
      "aggr_write_sectors" : 15464,
      "aggr_read_merges" : 0,
      "aggr_write_merge" : 436,
      "aggr_read_ticks" : 874372,
      "aggr_write_ticks" : 249,
      "aggr_in_queue" : 874654,
      "aggr_util" : 61.807954
    },
    {
      "name" : "nvme0n1",
      "read_ios" : 423872,
      "write_ios" : 936,
      "read_sectors" : 108511232,
      "write_sectors" : 15464,
      "read_merges" : 0,
      "write_merges" : 436,
      "read_ticks" : 874372,
      "write_ticks" : 249,