{
  "fio version" : "fio-3.36",
  "timestamp" : 1783086550,
  "timestamp_ms" : 1783086550875,
  "time" : "Fri Jul  3 15:49:10 2026",
  "jobs" : [
    {
      "jobname" : "sweep",
      "groupid" : 0,
      "job_start" : 1783086540842,
      "error" : 0,
      "eta" : 0,
      "elapsed" : 11,
      "job options" : {
        "name" : "sweep",
        "filename" : "./fio-testfile",
        "rw" : "read",
        "ioengine" : "libaio",
        "iodepth" : "16",
        "bs" : "1M",
        "direct" : "1",
        "runtime" : "10s",
        "loops" : "1000"
      },
      "read" : {
        "io_bytes" : 45272268800,
        "io_kbytes" : 44211200,
        "bw_bytes" : 4525416713,
        "bw" : 4419352,
        "iops" : 4315.773691,
        "runtime" : 10004,
        "total_ios" : 43175,
        "short_ios" : 0,
        "drop_ios" : 0,
        "slat_ns" : {
          "min" : 53259,
          "max" : 4114866,
          "mean" : 73596.633723,
          "stddev" : 33093.801319,
          "N" : 43175
        },
        "clat_ns" : {
          "min" : 984967,
          "max" : 11778143,
          "mean" : 3631782.197707,
          "stddev" : 602028.215570,
          "N" : 43175,
          "percentile" : {
            "1.000000" : 2408448,
            "5.000000" : 2801664,
            "10.000000" : 3031040,
            "20.000000" : 3325952,
            "30.000000" : 3424256,
            "40.000000" : 3489792,
            "50.000000" : 3555328,
            "60.000000" : 3620864,
            "70.000000" : 3719168,
            "80.000000" : 3850240,
            "90.000000" : 4292608,
            "95.000000" : 4685824,
            "99.000000" : 5799936,
            "99.500000" : 6389760,
            "99.900000" : 7831552,
            "99.950000" : 8290304,
            "99.990000" : 10551296
          }
        },
        "lat_ns" : {
          "min" : 1047276,
          "max" : 12168308,
          "mean" : 3705378.831430,
          "stddev" : 602131.195281,
          "N" : 43175
        },
        "bw_min" : 4331520,
        "bw_max" : 4476928,
        "bw_agg" : 100.000000,
        "bw_mean" : 4420554.105263,
        "bw_dev" : 43150.627329,
        "bw_samples" : 19,
        "iops_min" : 4230,
        "iops_max" : 4372,
        "iops_mean" : 4316.947368,
        "iops_stddev" : 42.139285,
        "iops_samples" : 19
      },
      "write" : {
        "io_bytes" : 0,
        "io_kbytes" : 0,
        "bw_bytes" : 0,
        "bw" : 0,
        "iops" : 0.000000,
        "runtime" : 0,
        "total_ios" : 0,
        "short_ios" : 0,
        "drop_ios" : 0,
        "slat_ns" : {
          "min" : 0,
          "max" : 0,
          "mean" : 0.000000,
          "stddev" : 0.000000,
          "N" : 0
        },
        "clat_ns" : {
          "min" : 0,
          "max" : 0,
          "mean" : 0.000000,
          "stddev" : 0.000000,
          "N" : 0
        },
        "lat_ns" : {
          "min" : 0,
          "max" : 0,
          "mean" : 0.000000,
          "stddev" : 0.000000,
          "N" : 0
        },
        "bw_min" : 0,
        "bw_max" : 0,
        "bw_agg" : 0.000000,
        "bw_mean" : 0.000000,
        "bw_dev" : 0.000000,
        "bw_samples" : 0,
        "iops_min" : 0,
        "iops_max" : 0,
        "iops_mean" : 0.000000,
        "iops_stddev" : 0.000000,
        "iops_samples" : 0
      },
      "trim" : {
        "io_bytes" : 0,
        "io_kbytes" : 0,
        "bw_bytes" : 0,
        "bw" : 0,
        "iops" : 0.000000,
        "runtime" : 0,
        "total_ios" : 0,
        "short_ios" : 0,
        "drop_ios" : 0,
        "slat_ns" : {
          "min" : 0,
          "max" : 0,
          "mean" : 0.000000,
          "stddev" : 0.000000,
          "N" : 0
        },
        "clat_ns" : {
          "min" : 0,
          "max" : 0,
          "mean" : 0.000000,
          "stddev" : 0.000000,
          "N" : 0
        },
        "lat_ns" : {
          "min" : 0,
          "max" : 0,
          "mean" : 0.000000,
          "stddev" : 0.000000,
          "N" : 0
        },
        "bw_min" : 0,
        "bw_max" : 0,
        "bw_agg" : 0.000000,
        "bw_mean" : 0.000000,
        "bw_dev" : 0.000000,
        "bw_samples" : 0,
        "iops_min" : 0,
        "iops_max" : 0,
        "iops_mean" : 0.000000,
        "iops_stddev" : 0.000000,
        "iops_samples" : 0
      },
      "sync" : {
        "total_ios" : 0,
        "lat_ns" : {
          "min" : 0,
          "max" : 0,
          "mean" : 0.000000,
          "stddev" : 0.000000,
          "N" : 0
        }
      },
      "job_runtime" : 10003,
      "usr_cpu" : 0.679796,
      "sys_cpu" : 32.460262,
      "ctx" : 39305,
      "majf" : 0,
      "minf" : 4109,
      "iodepth_level" : {
        "1" : 0.100000,
        "2" : 0.100000,
        "4" : 0.100000,
        "8" : 0.100000,
        "16" : 99.965258,
        "32" : 0.000000,
        ">=64" : 0.000000
      },
      "iodepth_submit" : {
        "0" : 0.000000,
        "4" : 100.000000,
        "8" : 0.000000,
        "16" : 0.000000,
        "32" : 0.000000,
        "64" : 0.000000,
        ">=64" : 0.000000
      },
      "iodepth_complete" : {
        "0" : 0.000000,
        "4" : 99.997683,
        "8" : 0.000000,
        "16" : 0.100000,
        "32" : 0.000000,
        "64" : 0.000000,
        ">=64" : 0.000000
      },
      "latency_ns" : {
        "2" : 0.000000,
        "4" : 0.000000,
        "10" : 0.000000,
        "20" : 0.000000,
        "50" : 0.000000,
        "100" : 0.000000,
        "250" : 0.000000,
        "500" : 0.000000,
        "750" : 0.000000,
        "1000" : 0.000000
      },
      "latency_us" : {
        "2" : 0.000000,
        "4" : 0.000000,
        "10" : 0.000000,
        "20" : 0.000000,
        "50" : 0.000000,
        "100" : 0.000000,
        "250" : 0.000000,
        "500" : 0.000000,
        "750" : 0.000000,
        "1000" : 0.010000
      },
      "latency_ms" : {
        "2" : 0.127389,
        "4" : 84.690214,
        "10" : 15.163868,
        "20" : 0.011581,
        "50" : 0.000000,
        "100" : 0.000000,
        "250" : 0.000000,
        "500" : 0.000000,
        "750" : 0.000000,
        "1000" : 0.000000,
        "2000" : 0.000000,
        ">=2000" : 0.000000
      },
      "latency_depth" : 16,
      "latency_target" : 0,
      "latency_percentile" : 100.000000,
      "latency_window" : 0
    }
  ],
  "disk_util" : [
    {
      "name" : "dm-1",
      "read_ios" : 127084,
      "write_ios" : 1002,
      "read_sectors" : 87457960,
      "write_sectors" : 13856,
      "read_merges" : 0,
      "write_merges" : 0,
      "read_ticks" : 447348,
      "write_ticks" : 18043,
      "in_queue" : 465391,
      "util" : 99.039135,
      "aggr_read_ios" : 387068,
      "aggr_write_ios" : 1026,
      "aggr_read_sectors" : 88422968,
      "aggr_write_sectors" : 14072,
      "aggr_read_merges" : 0,
      "aggr_write_merge" : 0,
      "aggr_read_ticks" : 1333960,
      "aggr_write_ticks" : 18527,
      "aggr_in_queue" : 1352487,
      "aggr_util" : 98.834913
    },
    {
      "name" : "dm-0",
      "read_ios" : 387068,
      "write_ios" : 1026,
      "read_sectors" : 88422968,
      "write_sectors" : 14072,
      "read_merges" : 0,
      "write_merges" : 0,
      "read_ticks" : 1333960,
      "write_ticks" : 18527,
      "in_queue" : 1352487,
      "util" : 98.834913,
      "aggr_read_ios" : 387068,
      "aggr_write_ios" : 580,
      "aggr_read_sectors" : 88422968,
      "aggr_write_sectors" : 14072,
      "aggr_read_merges" : 0,
      "aggr_write_merge" : 446,
      "aggr_read_ticks" : 1320165,
      "aggr_write_ticks" : 14784,
      "aggr_in_queue" : 1335132,
      "aggr_util" : 78.830964
    },
    {
      "name" : "nvme0n1",
      "read_ios" : 387068,
      "write_ios" : 580,
      "read_sectors" : 88422968,
      "write_sectors" : 14072,
      "read_merges" : 0,
      "write_merges" : 446,
      "read_ticks" : 1320165,
      "write_ticks" : 14784,
      "in_queue" : 1335132,