{
  "fio version" : "fio-3.36",
  "timestamp" : 1783086581,
  "timestamp_ms" : 1783086581789,
  "time" : "Fri Jul  3 15:49:41 2026",
  "jobs" : [
    {
      "jobname" : "sweep",
      "groupid" : 0,
      "job_start" : 1783086571753,
      "error" : 0,
      "eta" : 0,
      "elapsed" : 11,
      "job options" : {
        "name" : "sweep",
        "filename" : "./fio-testfile",
        "rw" : "read",
        "ioengine" : "libaio",
        "iodepth" : "1",
        "bs" : "4M",
        "direct" : "1",
        "runtime" : "10s",
        "loops" : "1000"
      },
      "read" : {
        "io_bytes" : 28982640640,
        "io_kbytes" : 28303360,
        "bw_bytes" : 2897684527,
        "bw" : 2829770,
        "iops" : 690.861828,
        "runtime" : 10002,
        "total_ios" : 6910,
        "short_ios" : 0,
        "drop_ios" : 0,
        "slat_ns" : {
          "min" : 206167,
          "max" : 1347542,
          "mean" : 250229.266715,
          "stddev" : 38317.321705,
          "N" : 6910
        },
        "clat_ns" : {
          "min" : 113169,
          "max" : 3096569,
          "mean" : 1196209.035166,
          "stddev" : 234312.288621,
          "N" : 6910,
          "percentile" : {
            "1.000000" : 970752,
            "5.000000" : 1011712,
            "10.000000" : 1036288,
            "20.000000" : 1056768,
            "30.000000" : 1089536,
            "40.000000" : 1122304,
            "50.000000" : 1155072,
            "60.000000" : 1187840,
            "70.000000" : 1236992,
            "80.000000" : 1269760,
            "90.000000" : 1335296,
            "95.000000" : 1400832,
            "99.000000" : 2506752,
            "99.500000" : 2605056,
            "99.900000" : 2932736,
            "99.950000" : 2932736,
            "99.990000" : 3096576
          }
        },
        "lat_ns" : {
          "min" : 1173694,
          "max" : 3339976,
          "mean" : 1446438.301881,
          "stddev" : 236590.234198,
          "N" : 6910
        },
        "bw_min" : 2686976,
        "bw_max" : 2908160,
        "bw_agg" : 100.000000,
        "bw_mean" : 2836156.631579,
        "bw_dev" : 58411.950212,
        "bw_samples" : 19,
        "iops_min" : 656,
        "iops_max" : 710,
        "iops_mean" : 692.421053,
        "iops_stddev" : 14.260730,
        "iops_samples" : 19
      },
      "write" : {
        "io_bytes" : 0,
        "io_kbytes" : 0,
        "bw_bytes" : 0,
        "bw" : 0,
        "iops" : 0.000000,
        "runtime" : 0,
        "total_ios" : 0,
        "short_ios" : 0,
        "drop_ios" : 0,
        "slat_ns" : {
          "min" : 0,
          "max" : 0,
          "mean" : 0.000000,
          "stddev" : 0.000000,
          "N" : 0
        },
        "clat_ns" : {
          "min" : 0,
          "max" : 0,
          "mean" : 0.000000,
          "stddev" : 0.000000,
          "N" : 0
        },
        "lat_ns" : {
          "min" : 0,
          "max" : 0,
          "mean" : 0.000000,
          "stddev" : 0.000000,
          "N" : 0
        },
        "bw_min" : 0,
        "bw_max" : 0,
        "bw_agg" : 0.000000,
        "bw_mean" : 0.000000,
        "bw_dev" : 0.000000,
        "bw_samples" : 0,
        "iops_min" : 0,
        "iops_max" : 0,
        "iops_mean" : 0.000000,
        "iops_stddev" : 0.000000,
        "iops_samples" : 0
      },
      "trim" : {
        "io_bytes" : 0,
        "io_kbytes" : 0,
        "bw_bytes" : 0,
        "bw" : 0,
        "iops" : 0.000000,
        "runtime" : 0,
        "total_ios" : 0,
        "short_ios" : 0,
        "drop_ios" : 0,
        "slat_ns" : {
          "min" : 0,
          "max" : 0,
          "mean" : 0.000000,
          "stddev" : 0.000000,
          "N" : 0
        },
        "clat_ns" : {
          "min" : 0,
          "max" : 0,
          "mean" : 0.000000,
          "stddev" : 0.000000,
          "N" : 0
        },
        "lat_ns" : {
          "min" : 0,
          "max" : 0,
          "mean" : 0.000000,
          "stddev" : 0.000000,
          "N" : 0
        },
        "bw_min" : 0,
        "bw_max" : 0,
        "bw_agg" : 0.000000,
        "bw_mean" : 0.000000,
        "bw_dev" : 0.000000,
        "bw_samples" : 0,
        "iops_min" : 0,
        "iops_max" : 0,
        "iops_mean" : 0.000000,
        "iops_stddev" : 0.000000,
        "iops_samples" : 0
      },
      "sync" : {
        "total_ios" : 0,
        "lat_ns" : {
          "min" : 0,
          "max" : 0,
          "mean" : 0.000000,
          "stddev" : 0.000000,
          "N" : 0
        }
      },
      "job_runtime" : 10001,
      "usr_cpu" : 0.139986,
      "sys_cpu" : 17.438256,
      "ctx" : 7400,
      "majf" : 0,
      "minf" : 1036,
      "iodepth_level" : {
        "1" : 100.000000,
        "2" : 0.000000,
        "4" : 0.000000,
        "8" : 0.000000,
        "16" : 0.000000,
        "32" : 0.000000,
        ">=64" : 0.000000
      },
      "iodepth_submit" : {
        "0" : 0.000000,
        "4" : 100.000000,
        "8" : 0.000000,
        "16" : 0.000000,
        "32" : 0.000000,
        "64" : 0.000000,
        ">=64" : 0.000000
      },
      "iodepth_complete" : {
        "0" : 0.000000,
        "4" : 100.000000,
        "8" : 0.000000,
        "16" : 0.000000,
        "32" : 0.000000,
        "64" : 0.000000,
        ">=64" : 0.000000
      },
      "latency_ns" : {
        "2" : 0.000000,
        "4" : 0.000000,
        "10" : 0.000000,
        "20" : 0.000000,
        "50" : 0.000000,
        "100" : 0.000000,
        "250" : 0.000000,
        "500" : 0.000000,
        "750" : 0.000000,
        "1000" : 0.000000
      },
      "latency_us" : {
        "2" : 0.000000,
        "4" : 0.000000,
        "10" : 0.000000,
        "20" : 0.000000,
        "50" : 0.000000,
        "100" : 0.000000,
        "250" : 0.014472,
        "500" : 0.000000,
        "750" : 0.014472,
        "1000" : 3.314038
      },
      "latency_ms" : {
        "2" : 94.182344,
        "4" : 2.474674,
        "10" : 0.000000,
        "20" : 0.000000,
        "50" : 0.000000,
        "100" : 0.000000,
        "250" : 0.000000,
        "500" : 0.000000,
        "750" : 0.000000,
        "1000" : 0.000000,
        "2000" : 0.000000,
        ">=2000" : 0.000000
      },
      "latency_depth" : 1,
      "latency_target" : 0,
      "latency_percentile" : 100.000000,
      "latency_window" : 0
    }
  ],
  "disk_util" : [
    {
      "name" : "dm-1",
      "read_ios" : 68096,
      "write_ios" : 1410,
      "read_sectors" : 55993024,
      "write_sectors" : 18840,
      "read_merges" : 0,
      "write_merges" : 0,
      "read_ticks" : 67616,
      "write_ticks" : 579,
      "in_queue" : 68195,
      "util" : 97.187750,
      "aggr_read_ios" : 240032,
      "aggr_write_ios" : 1417,
      "aggr_read_sectors" : 56607016,
      "aggr_write_sectors" : 18840,
      "aggr_read_merges" : 0,
      "aggr_write_merge" : 0,
      "aggr_read_ticks" : 197858,
      "aggr_write_ticks" : 580,
      "aggr_in_queue" : 198438,
      "aggr_util" : 96.812081
    },
    {
      "name" : "dm-0",
      "read_ios" : 240032,
      "write_ios" : 1417,
      "read_sectors" : 56607016,
      "write_sectors" : 18840,
      "read_merges" : 0,
      "write_merges" : 0,
      "read_ticks" : 197858,
      "write_ticks" : 580,
      "in_queue" : 198438,
      "util" : 96.812081,
      "aggr_read_ios" : 239395,
      "aggr_write_ios" : 815,
      "aggr_read_sectors" : 56607016,
      "aggr_write_sectors" : 18840,
      "aggr_read_merges" : 637,
      "aggr_write_merge" : 602,
      "aggr_read_ticks" : 204585,
      "aggr_write_ticks" : 564,
      "aggr_in_queue" : 205359,
      "aggr_util" : 83.083300
    },
    {
      "name" : "nvme0n1",
      "read_ios" : 239395,
      "write_ios" : 815,
      "read_sectors" : 56607016,
      "write_sectors" : 18840,
      "read_merges" : 637,
      "write_merges" : 602,
      "read_ticks" : 204585,
      "write_ticks" : 564,
      "in_queue" : 205359,
      "util" : 83.083300
    }
  ]
}
