{
  "fio version" : "fio-3.36",
  "timestamp" : 1783509114,
  "timestamp_ms" : 1783509114684,
  "time" : "Wed Jul  8 13:11:54 2026",
  "jobs" : [
    {
      "jobname" : "sweep",
      "groupid" : 0,
      "job_start" : 1783509111986,
      "error" : 0,
      "eta" : 0,
      "elapsed" : 3,
      "job options" : {
        "name" : "sweep",
        "filename" : "./fio-testfile",
        "rw" : "read",
        "ioengine" : "libaio",
        "iodepth" : "8",
        "bs" : "4M",
        "direct" : "1"
      },
      "read" : {
        "io_bytes" : 8589934592,
        "io_kbytes" : 8388608,
        "bw_bytes" : 3232944897,
        "bw" : 3157172,
        "iops" : 770.794129,
        "runtime" : 2657,
        "total_ios" : 2048,
        "short_ios" : 0,
        "drop_ios" : 0,
        "slat_ns" : {
          "min" : 173753,
          "max" : 13201862,
          "mean" : 633899.554199,
          "stddev" : 1736215.144494,
          "N" : 2048
        },
        "clat_ns" : {
          "min" : 1538095,
          "max" : 30979920,
          "mean" : 9716965.245117,
          "stddev" : 4949297.628877,
          "N" : 2048,
          "percentile" : {
            "1.000000" : 1679360,
            "5.000000" : 2179072,
            "10.000000" : 3325952,
            "20.000000" : 5013504,
            "30.000000" : 6586368,
            "40.000000" : 8093696,
            "50.000000" : 9371648,
            "60.000000" : 10682368,
            "70.000000" : 12255232,
            "80.000000" : 13959168,
            "90.000000" : 16449536,
            "95.000000" : 18481152,
            "99.000000" : 21889024,
            "99.500000" : 23724032,
            "99.900000" : 26345472,
            "99.950000" : 27131904,
            "99.990000" : 31064064
          }
        },
        "lat_ns" : {
          "min" : 1841194,
          "max" : 31261570,
          "mean" : 10350864.799316,
          "stddev" : 4682650.113733,
          "N" : 2048
        },
        "bw_min" : 3129344,
        "bw_max" : 3219456,
        "bw_agg" : 100.000000,
        "bw_mean" : 3165388.800000,
        "bw_dev" : 37361.268330,
        "bw_samples" : 5,
        "iops_min" : 764,
        "iops_max" : 786,
        "iops_mean" : 772.800000,
        "iops_stddev" : 9.121403,
        "iops_samples" : 5
      },
      "write" : {
        "io_bytes" : 0,
        "io_kbytes" : 0,
        "bw_bytes" : 0,
        "bw" : 0,
        "iops" : 0.000000,
        "runtime" : 0,
        "total_ios" : 0,
        "short_ios" : 0,
        "drop_ios" : 0,
        "slat_ns" : {
          "min" : 0,
          "max" : 0,
          "mean" : 0.000000,
          "stddev" : 0.000000,
          "N" : 0
        },
        "clat_ns" : {
          "min" : 0,
          "max" : 0,
          "mean" : 0.000000,
          "stddev" : 0.000000,
          "N" : 0
        },
        "lat_ns" : {
          "min" : 0,
          "max" : 0,
          "mean" : 0.000000,
          "stddev" : 0.000000,
          "N" : 0
        },
        "bw_min" : 0,
        "bw_max" : 0,
        "bw_agg" : 0.000000,
        "bw_mean" : 0.000000,
        "bw_dev" : 0.000000,
        "bw_samples" : 0,
        "iops_min" : 0,
        "iops_max" : 0,
        "iops_mean" : 0.000000,
        "iops_stddev" : 0.000000,
        "iops_samples" : 0
      },
      "trim" : {
        "io_bytes" : 0,
        "io_kbytes" : 0,
        "bw_bytes" : 0,
        "bw" : 0,
        "iops" : 0.000000,
        "runtime" : 0,
        "total_ios" : 0,
        "short_ios" : 0,
        "drop_ios" : 0,
        "slat_ns" : {
          "min" : 0,
          "max" : 0,
          "mean" : 0.000000,
          "stddev" : 0.000000,
          "N" : 0
        },
        "clat_ns" : {
          "min" : 0,
          "max" : 0,
          "mean" : 0.000000,
          "stddev" : 0.000000,
          "N" : 0
        },
        "lat_ns" : {
          "min" : 0,
          "max" : 0,
          "mean" : 0.000000,
          "stddev" : 0.000000,
          "N" : 0
        },
        "bw_min" : 0,
        "bw_max" : 0,
        "bw_agg" : 0.000000,
        "bw_mean" : 0.000000,
        "bw_dev" : 0.000000,
        "bw_samples" : 0,
        "iops_min" : 0,
        "iops_max" : 0,
        "iops_mean" : 0.000000,
        "iops_stddev" : 0.000000,
        "iops_samples" : 0
      },
      "sync" : {
        "total_ios" : 0,
        "lat_ns" : {
          "min" : 0,
          "max" : 0,
          "mean" : 0.000000,
          "stddev" : 0.000000,
          "N" : 0
        }
      },
      "job_runtime" : 2656,
      "usr_cpu" : 0.150602,
      "sys_cpu" : 20.519578,
      "ctx" : 1547,
      "majf" : 0,
      "minf" : 8204,
      "iodepth_level" : {
        "1" : 0.100000,
        "2" : 0.100000,
        "4" : 0.195312,
        "8" : 99.658203,
        "16" : 0.000000,
        "32" : 0.000000,
        ">=64" : 0.000000
      },
      "iodepth_submit" : {
        "0" : 0.000000,
        "4" : 100.000000,
        "8" : 0.000000,
        "16" : 0.000000,
        "32" : 0.000000,
        "64" : 0.000000,
        ">=64" : 0.000000
      },
      "iodepth_complete" : {
        "0" : 0.000000,
        "4" : 99.951028,
        "8" : 0.100000,
        "16" : 0.000000,
        "32" : 0.000000,
        "64" : 0.000000,
        ">=64" : 0.000000
      },
      "latency_ns" : {
        "2" : 0.000000,
        "4" : 0.000000,
        "10" : 0.000000,
        "20" : 0.000000,
        "50" : 0.000000,
        "100" : 0.000000,
        "250" : 0.000000,
        "500" : 0.000000,
        "750" : 0.000000,
        "1000" : 0.000000
      },
      "latency_us" : {
        "2" : 0.000000,
        "4" : 0.000000,
        "10" : 0.000000,
        "20" : 0.000000,
        "50" : 0.000000,
        "100" : 0.000000,
        "250" : 0.000000,
        "500" : 0.000000,
        "750" : 0.000000,
        "1000" : 0.000000
      },
      "latency_ms" : {
        "2" : 3.808594,
        "4" : 9.716797,
        "10" : 41.552734,
        "20" : 42.382812,
        "50" : 2.539062,
        "100" : 0.000000,
        "250" : 0.000000,
        "500" : 0.000000,
        "750" : 0.000000,
        "1000" : 0.000000,
        "2000" : 0.000000,
        ">=2000" : 0.000000
      },
      "latency_depth" : 8,
      "latency_target" : 0,
      "latency_percentile" : 100.000000,
      "latency_window" : 0
    }
  ],
  "disk_util" : [
    {
      "name" : "dm-1",
      "read_ios" : 25852,
      "write_ios" : 640,
      "read_sectors" : 16792760,
      "write_sectors" : 67144,
      "read_merges" : 0,
      "write_merges" : 0,
      "read_ticks" : 180243,
      "write_ticks" : 1795,
      "in_queue" : 182038,
      "util" : 96.901203,
      "aggr_read_ios" : 77423,
      "aggr_write_ios" : 836,
      "aggr_read_sectors" : 16889592,
      "aggr_write_sectors" : 67144,
      "aggr_read_merges" : 0,
      "aggr_write_merge" : 0,
      "aggr_read_ticks" : 566860,
      "aggr_write_ticks" : 2771,
      "aggr_in_queue" : 569631,
      "aggr_util" : 96.424741
    },
    {
      "name" : "dm-0",
      "read_ios" : 77423,
      "write_ios" : 836,
      "read_sectors" : 16889592,
      "write_sectors" : 67144,
      "read_merges" : 0,
      "write_merges" : 0,
      "read_ticks" : 566860,
      "write_ticks" : 2771,
      "in_queue" : 569631,
      "util" : 96.424741,
      "aggr_read_ios" : 72659,
      "aggr_write_ios" : 605,
      "aggr_read_sectors" : 16889592,
      "aggr_write_sectors" : 67144,
      "aggr_read_merges" : 4764,
      "aggr_write_merge" : 231,
      "aggr_read_ticks" : 549005,
      "aggr_write_ticks" : 2165,
      "aggr_in_queue" : 551343,
      "aggr_util" : 84.519128
    },
    {
      "name" : "nvme0n1",
      "read_ios" : 72659,
      "write_ios" : 605,
      "read_sectors" : 16889592,
      "write_sectors" : 67144,
      "read_merges" : 4764,
      "write_merges" : 231,
      "read_ticks" : 549005,
      "write_ticks" : 2165,
      "in_queue" : 551343,
      "util" : 84.519128
    }
  ]
}
