{
  "fio version" : "fio-3.36",
  "timestamp" : 1783509097,
  "timestamp_ms" : 1783509097407,
  "time" : "Wed Jul  8 13:11:37 2026",
  "jobs" : [
    {
      "jobname" : "sweep",
      "groupid" : 0,
      "job_start" : 1783509095193,
      "error" : 0,
      "eta" : 0,
      "elapsed" : 3,
      "job options" : {
        "name" : "sweep",
        "filename" : "./fio-testfile",
        "rw" : "read",
        "ioengine" : "libaio",
        "iodepth" : "64",
        "bs" : "1M",
        "direct" : "1"
      },
      "read" : {
        "io_bytes" : 8589934592,
        "io_kbytes" : 8388608,
        "bw_bytes" : 3945766923,
        "bw" : 3853288,
        "iops" : 3762.976573,
        "runtime" : 2177,
        "total_ios" : 8192,
        "short_ios" : 0,
        "drop_ios" : 0,
        "slat_ns" : {
          "min" : 54168,
          "max" : 22100950,
          "mean" : 221711.889526,
          "stddev" : 1412458.506125,
          "N" : 8192
        },
        "clat_ns" : {
          "min" : 2326536,
          "max" : 60624560,
          "mean" : 16679032.072998,
          "stddev" : 8797365.550128,
          "N" : 8192,
          "percentile" : {
            "1.000000" : 3588096,
            "5.000000" : 4554752,
            "10.000000" : 4751360,
            "20.000000" : 6520832,
            "30.000000" : 11862016,
            "40.000000" : 16187392,
            "50.000000" : 17694720,
            "60.000000" : 18743296,
            "70.000000" : 20316160,
            "80.000000" : 22675456,
            "90.000000" : 26869760,
            "95.000000" : 31326208,
            "99.000000" : 42729472,
            "99.500000" : 48496640,
            "99.900000" : 60030976,
            "99.950000" : 60030976,
            "99.990000" : 60555264
          }
        },
        "lat_ns" : {
          "min" : 2405433,
          "max" : 60685868,
          "mean" : 16900743.962524,
          "stddev" : 8734521.355757,
          "N" : 8192
        },
        "bw_min" : 3422208,
        "bw_max" : 4081664,
        "bw_agg" : 98.964209,
        "bw_mean" : 3813376.000000,
        "bw_dev" : 291675.275149,
        "bw_samples" : 4,
        "iops_min" : 3342,
        "iops_max" : 3986,
        "iops_mean" : 3724.000000,
        "iops_stddev" : 284.839136,
        "iops_samples" : 4
      },
      "write" : {
        "io_bytes" : 0,
        "io_kbytes" : 0,
        "bw_bytes" : 0,
        "bw" : 0,
        "iops" : 0.000000,
        "runtime" : 0,
        "total_ios" : 0,
        "short_ios" : 0,
        "drop_ios" : 0,
        "slat_ns" : {
          "min" : 0,
          "max" : 0,
          "mean" : 0.000000,
          "stddev" : 0.000000,
          "N" : 0
        },
        "clat_ns" : {
          "min" : 0,
          "max" : 0,
          "mean" : 0.000000,
          "stddev" : 0.000000,
          "N" : 0
        },
        "lat_ns" : {
          "min" : 0,
          "max" : 0,
          "mean" : 0.000000,
          "stddev" : 0.000000,
          "N" : 0
        },
        "bw_min" : 0,
        "bw_max" : 0,
        "bw_agg" : 0.000000,
        "bw_mean" : 0.000000,
        "bw_dev" : 0.000000,
        "bw_samples" : 0,
        "iops_min" : 0,
        "iops_max" : 0,
        "iops_mean" : 0.000000,
        "iops_stddev" : 0.000000,
        "iops_samples" : 0
      },
      "trim" : {
        "io_bytes" : 0,
        "io_kbytes" : 0,
        "bw_bytes" : 0,
        "bw" : 0,
        "iops" : 0.000000,
        "runtime" : 0,
        "total_ios" : 0,
        "short_ios" : 0,
        "drop_ios" : 0,
        "slat_ns" : {
          "min" : 0,
          "max" : 0,
          "mean" : 0.000000,
          "stddev" : 0.000000,
          "N" : 0
        },
        "clat_ns" : {
          "min" : 0,
          "max" : 0,
          "mean" : 0.000000,
          "stddev" : 0.000000,
          "N" : 0
        },
        "lat_ns" : {
          "min" : 0,
          "max" : 0,
          "mean" : 0.000000,
          "stddev" : 0.000000,
          "N" : 0
        },
        "bw_min" : 0,
        "bw_max" : 0,
        "bw_agg" : 0.000000,
        "bw_mean" : 0.000000,
        "bw_dev" : 0.000000,
        "bw_samples" : 0,
        "iops_min" : 0,
        "iops_max" : 0,
        "iops_mean" : 0.000000,
        "iops_stddev" : 0.000000,
        "iops_samples" : 0
      },
      "sync" : {
        "total_ios" : 0,
        "lat_ns" : {
          "min" : 0,
          "max" : 0,
          "mean" : 0.000000,
          "stddev" : 0.000000,
          "N" : 0
        }
      },
      "job_runtime" : 2176,
      "usr_cpu" : 0.459559,
      "sys_cpu" : 29.136029,
      "ctx" : 1914,
      "majf" : 0,
      "minf" : 16396,
      "iodepth_level" : {
        "1" : 0.100000,
        "2" : 0.100000,
        "4" : 0.100000,
        "8" : 0.100000,
        "16" : 0.195312,
        "32" : 0.390625,
        ">=64" : 99.230957
      },
      "iodepth_submit" : {
        "0" : 0.000000,
        "4" : 100.000000,
        "8" : 0.000000,
        "16" : 0.000000,
        "32" : 0.000000,
        "64" : 0.000000,
        ">=64" : 0.000000
      },
      "iodepth_complete" : {
        "0" : 0.000000,
        "4" : 99.987700,
        "8" : 0.000000,
        "16" : 0.000000,
        "32" : 0.000000,
        "64" : 0.100000,
        ">=64" : 0.000000
      },
      "latency_ns" : {
        "2" : 0.000000,
        "4" : 0.000000,
        "10" : 0.000000,
        "20" : 0.000000,
        "50" : 0.000000,
        "100" : 0.000000,
        "250" : 0.000000,
        "500" : 0.000000,
        "750" : 0.000000,
        "1000" : 0.000000
      },
      "latency_us" : {
        "2" : 0.000000,
        "4" : 0.000000,
        "10" : 0.000000,
        "20" : 0.000000,
        "50" : 0.000000,
        "100" : 0.000000,
        "250" : 0.000000,
        "500" : 0.000000,
        "750" : 0.000000,
        "1000" : 0.000000
      },
      "latency_ms" : {
        "2" : 0.000000,
        "4" : 1.806641,
        "10" : 25.109863,
        "20" : 42.163086,
        "50" : 30.505371,
        "100" : 0.415039,
        "250" : 0.000000,
        "500" : 0.000000,
        "750" : 0.000000,
        "1000" : 0.000000,
        "2000" : 0.000000,
        ">=2000" : 0.000000
      },
      "latency_depth" : 64,
      "latency_target" : 0,
      "latency_percentile" : 100.000000,
      "latency_window" : 0
    }
  ],
  "disk_util" : [
    {
      "name" : "dm-1",
      "read_ios" : 25907,
      "write_ios" : 262,
      "read_sectors" : 16568984,
      "write_sectors" : 2568,
      "read_merges" : 0,
      "write_merges" : 0,
      "read_ticks" : 244597,
      "write_ticks" : 487,
      "in_queue" : 245084,
      "util" : 96.033868,
      "aggr_read_ios" : 75914,
      "aggr_write_ios" : 382,
      "aggr_read_sectors" : 16845376,
      "aggr_write_sectors" : 11432,
      "aggr_read_merges" : 0,
      "aggr_write_merge" : 0,
      "aggr_read_ticks" : 728299,
      "aggr_write_ticks" : 500,
      "aggr_in_queue" : 728799,
      "aggr_util" : 95.936014
    },
    {
      "name" : "dm-0",
      "read_ios" : 75914,
      "write_ios" : 382,
      "read_sectors" : 16845376,
      "write_sectors" : 11432,
      "read_merges" : 0,
      "write_merges" : 0,
      "read_ticks" : 728299,
      "write_ticks" : 500,
      "in_queue" : 728799,
      "util" : 95.936014,
      "aggr_read_ios" : 74997,
      "aggr_write_ios" : 233,
      "aggr_read_sectors" : 16845376,
      "aggr_write_sectors" : 11432,
      "aggr_read_merges" : 917,
      "aggr_write_merge" : 149,
      "aggr_read_ticks" : 723573,
      "aggr_write_ticks" : 410,
      "aggr_in_queue" : 724077,
      "aggr_util" : 79.118029
    },
    {
      "name" : "nvme0n1",
      "read_ios" : 74997,
      "write_ios" : 233,
      "read_sectors" : 16845376,
      "write_sectors" : 11432,
      "read_merges" : 917,
      "write_merges" : 149,
      "read_ticks" : 723573,
      "write_ticks" : 410,
      "in_queue" : 724077,
      "util" : 79.118029
    }
  ]
}
