{
  "fio version" : "fio-3.36",
  "timestamp" : 1783509010,
  "timestamp_ms" : 1783509010860,
  "time" : "Wed Jul  8 13:10:10 2026",
  "jobs" : [
    {
      "jobname" : "sweep",
      "groupid" : 0,
      "job_start" : 1783509007690,
      "error" : 0,
      "eta" : 0,
      "elapsed" : 4,
      "job options" : {
        "name" : "sweep",
        "filename" : "./fio-testfile",
        "rw" : "read",
        "ioengine" : "libaio",
        "iodepth" : "16",
        "bs" : "64k",
        "direct" : "1"
      },
      "read" : {
        "io_bytes" : 8589934592,
        "io_kbytes" : 8388608,
        "bw_bytes" : 2747020976,
        "bw" : 2682637,
        "iops" : 41916.213623,
        "runtime" : 3127,
        "total_ios" : 131072,
        "short_ios" : 0,
        "drop_ios" : 0,
        "slat_ns" : {
          "min" : 5349,
          "max" : 8284001,
          "mean" : 8118.362221,
          "stddev" : 35080.427790,
          "N" : 131072
        },
        "clat_ns" : {
          "min" : 88376,
          "max" : 8707964,
          "mean" : 373067.385216,
          "stddev" : 233283.864462,
          "N" : 131072,
          "percentile" : {
            "1.000000" : 177152,
            "5.000000" : 209920,
            "10.000000" : 234496,
            "20.000000" : 264192,
            "30.000000" : 288768,
            "40.000000" : 313344,
            "50.000000" : 333824,
            "60.000000" : 362496,
            "70.000000" : 399360,
            "80.000000" : 444416,
            "90.000000" : 505856,
            "95.000000" : 569344,
            "99.000000" : 1597440,
            "99.500000" : 1908736,
            "99.900000" : 2408448,
            "99.950000" : 3489792,
            "99.990000" : 8585216
          }
        },
        "lat_ns" : {
          "min" : 144734,
          "max" : 8717354,
          "mean" : 381185.747437,
          "stddev" : 235595.864366,
          "N" : 131072
        },
        "bw_min" : 2554496,
        "bw_max" : 2874752,
        "bw_agg" : 100.000000,
        "bw_mean" : 2702528.000000,
        "bw_dev" : 128186.226131,
        "bw_samples" : 6,
        "iops_min" : 39914,
        "iops_max" : 44918,
        "iops_mean" : 42227.000000,
        "iops_stddev" : 2002.909783,
        "iops_samples" : 6
      },
      "write" : {
        "io_bytes" : 0,
        "io_kbytes" : 0,
        "bw_bytes" : 0,
        "bw" : 0,
        "iops" : 0.000000,
        "runtime" : 0,
        "total_ios" : 0,
        "short_ios" : 0,
        "drop_ios" : 0,
        "slat_ns" : {
          "min" : 0,
          "max" : 0,
          "mean" : 0.000000,
          "stddev" : 0.000000,
          "N" : 0
        },
        "clat_ns" : {
          "min" : 0,
          "max" : 0,
          "mean" : 0.000000,
          "stddev" : 0.000000,
          "N" : 0
        },
        "lat_ns" : {
          "min" : 0,
          "max" : 0,
          "mean" : 0.000000,
          "stddev" : 0.000000,
          "N" : 0
        },
        "bw_min" : 0,
        "bw_max" : 0,
        "bw_agg" : 0.000000,
        "bw_mean" : 0.000000,
        "bw_dev" : 0.000000,
        "bw_samples" : 0,
        "iops_min" : 0,
        "iops_max" : 0,
        "iops_mean" : 0.000000,
        "iops_stddev" : 0.000000,
        "iops_samples" : 0
      },
      "trim" : {
        "io_bytes" : 0,
        "io_kbytes" : 0,
        "bw_bytes" : 0,
        "bw" : 0,
        "iops" : 0.000000,
        "runtime" : 0,
        "total_ios" : 0,
        "short_ios" : 0,
        "drop_ios" : 0,
        "slat_ns" : {
          "min" : 0,
          "max" : 0,
          "mean" : 0.000000,
          "stddev" : 0.000000,
          "N" : 0
        },
        "clat_ns" : {
          "min" : 0,
          "max" : 0,
          "mean" : 0.000000,
          "stddev" : 0.000000,
          "N" : 0
        },
        "lat_ns" : {
          "min" : 0,
          "max" : 0,
          "mean" : 0.000000,
          "stddev" : 0.000000,
          "N" : 0
        },
        "bw_min" : 0,
        "bw_max" : 0,
        "bw_agg" : 0.000000,
        "bw_mean" : 0.000000,
        "bw_dev" : 0.000000,
        "bw_samples" : 0,
        "iops_min" : 0,
        "iops_max" : 0,
        "iops_mean" : 0.000000,
        "iops_stddev" : 0.000000,
        "iops_samples" : 0
      },
      "sync" : {
        "total_ios" : 0,
        "lat_ns" : {
          "min" : 0,
          "max" : 0,
          "mean" : 0.000000,
          "stddev" : 0.000000,
          "N" : 0
        }
      },
      "job_runtime" : 3126,
      "usr_cpu" : 4.350608,
      "sys_cpu" : 38.099808,
      "ctx" : 76849,
      "majf" : 0,
      "minf" : 271,
      "iodepth_level" : {
        "1" : 0.100000,
        "2" : 0.100000,
        "4" : 0.100000,
        "8" : 0.100000,
        "16" : 99.988556,
        "32" : 0.000000,
        ">=64" : 0.000000
      },
      "iodepth_submit" : {
        "0" : 0.000000,
        "4" : 100.000000,
        "8" : 0.000000,
        "16" : 0.000000,
        "32" : 0.000000,
        "64" : 0.000000,
        ">=64" : 0.000000
      },
      "iodepth_complete" : {
        "0" : 0.000000,
        "4" : 99.999237,
        "8" : 0.000000,
        "16" : 0.100000,
        "32" : 0.000000,
        "64" : 0.000000,
        ">=64" : 0.000000
      },
      "latency_ns" : {
        "2" : 0.000000,
        "4" : 0.000000,
        "10" : 0.000000,
        "20" : 0.000000,
        "50" : 0.000000,
        "100" : 0.000000,
        "250" : 0.000000,
        "500" : 0.000000,
        "750" : 0.000000,
        "1000" : 0.000000
      },
      "latency_us" : {
        "2" : 0.000000,
        "4" : 0.000000,
        "10" : 0.000000,
        "20" : 0.000000,
        "50" : 0.000000,
        "100" : 0.010000,
        "250" : 14.688110,
        "500" : 74.684906,
        "750" : 9.101868,
        "1000" : 0.279236
      },
      "latency_ms" : {
        "2" : 0.804138,
        "4" : 0.418091,
        "10" : 0.022888,
        "20" : 0.000000,
        "50" : 0.000000,
        "100" : 0.000000,
        "250" : 0.000000,
        "500" : 0.000000,
        "750" : 0.000000,
        "1000" : 0.000000,
        "2000" : 0.000000,
        ">=2000" : 0.000000
      },
      "latency_depth" : 16,
      "latency_target" : 0,
      "latency_percentile" : 100.000000,
      "latency_window" : 0
    }
  ],
  "disk_util" : [
    {
      "name" : "dm-1",
      "read_ios" : 140040,
      "write_ios" : 402,
      "read_sectors" : 15909856,
      "write_sectors" : 6960,
      "read_merges" : 0,
      "write_merges" : 0,
      "read_ticks" : 49328,
      "write_ticks" : 139,
      "in_queue" : 49467,
      "util" : 96.524064,
      "aggr_read_ios" : 148610,
      "aggr_write_ios" : 609,
      "aggr_read_sectors" : 16878872,
      "aggr_write_sectors" : 9504,
      "aggr_read_merges" : 0,
      "aggr_write_merge" : 0,
      "aggr_read_ticks" : 53305,
      "aggr_write_ticks" : 240,
      "aggr_in_queue" : 53545,
      "aggr_util" : 95.532436
    },
    {
      "name" : "dm-0",
      "read_ios" : 148610,
      "write_ios" : 609,
      "read_sectors" : 16878872,
      "write_sectors" : 9504,
      "read_merges" : 0,
      "write_merges" : 0,
      "read_ticks" : 53305,
      "write_ticks" : 240,
      "in_queue" : 53545,
      "util" : 95.532436,
      "aggr_read_ios" : 147940,
      "aggr_write_ios" : 389,
      "aggr_read_sectors" : 16878872,
      "aggr_write_sectors" : 9504,
      "aggr_read_merges" : 670,
      "aggr_write_merge" : 220,
      "aggr_read_ticks" : 49539,
      "aggr_write_ticks" : 202,
      "aggr_in_queue" : 49824,
      "aggr_util" : 59.394125
    },
    {
      "name" : "nvme0n1",
      "read_ios" : 147940,
      "write_ios" : 389,
      "read_sectors" : 16878872,
      "write_sectors" : 9504,
      "read_merges" : 670,
      "write_merges" : 220,
      "read_ticks" : 49539,
      "write_ticks" : 202,
      "in_queue" : 49824,
      "util" : 59.394125
    }
  ]
}
