{
  "fio version" : "fio-3.36",
  "timestamp" : 1783509021,
  "timestamp_ms" : 1783509021106,
  "time" : "Wed Jul  8 13:10:21 2026",
  "jobs" : [
    {
      "jobname" : "sweep",
      "groupid" : 0,
      "job_start" : 1783509018389,
      "error" : 0,
      "eta" : 0,
      "elapsed" : 3,
      "job options" : {
        "name" : "sweep",
        "filename" : "./fio-testfile",
        "rw" : "read",
        "ioengine" : "libaio",
        "iodepth" : "64",
        "bs" : "64k",
        "direct" : "1"
      },
      "read" : {
        "io_bytes" : 8589934592,
        "io_kbytes" : 8388608,
        "bw_bytes" : 3200422724,
        "bw" : 3125412,
        "iops" : 48834.575261,
        "runtime" : 2684,
        "total_ios" : 131072,
        "short_ios" : 0,
        "drop_ios" : 0,
        "slat_ns" : {
          "min" : 5440,
          "max" : 7329513,
          "mean" : 8979.828079,
          "stddev" : 46962.684679,
          "N" : 131072
        },
        "clat_ns" : {
          "min" : 391824,
          "max" : 8504307,
          "mean" : 1300108.581940,
          "stddev" : 500554.847782,
          "N" : 131072,
          "percentile" : {
            "1.000000" : 544768,
            "5.000000" : 831488,
            "10.000000" : 929792,
            "20.000000" : 1028096,
            "30.000000" : 1089536,
            "40.000000" : 1155072,
            "50.000000" : 1220608,
            "60.000000" : 1269760,
            "70.000000" : 1351680,
            "80.000000" : 1449984,
            "90.000000" : 1646592,
            "95.000000" : 2179072,
            "99.000000" : 3457024,
            "99.500000" : 4177920,
            "99.900000" : 5275648,
            "99.950000" : 5603328,
            "99.990000" : 8290304
          }
        },
        "lat_ns" : {
          "min" : 397364,
          "max" : 8831934,
          "mean" : 1309088.410019,
          "stddev" : 501410.509003,
          "N" : 131072
        },
        "bw_min" : 3022336,
        "bw_max" : 3330816,
        "bw_agg" : 100.000000,
        "bw_mean" : 3141401.600000,
        "bw_dev" : 127100.725839,
        "bw_samples" : 5,
        "iops_min" : 47224,
        "iops_max" : 52044,
        "iops_mean" : 49084.400000,
        "iops_stddev" : 1985.948841,
        "iops_samples" : 5
      },
      "write" : {
        "io_bytes" : 0,
        "io_kbytes" : 0,
        "bw_bytes" : 0,
        "bw" : 0,
        "iops" : 0.000000,
        "runtime" : 0,
        "total_ios" : 0,
        "short_ios" : 0,
        "drop_ios" : 0,
        "slat_ns" : {
          "min" : 0,
          "max" : 0,
          "mean" : 0.000000,
          "stddev" : 0.000000,
          "N" : 0
        },
        "clat_ns" : {
          "min" : 0,
          "max" : 0,
          "mean" : 0.000000,
          "stddev" : 0.000000,
          "N" : 0
        },
        "lat_ns" : {
          "min" : 0,
          "max" : 0,
          "mean" : 0.000000,
          "stddev" : 0.000000,
          "N" : 0
        },
        "bw_min" : 0,
        "bw_max" : 0,
        "bw_agg" : 0.000000,
        "bw_mean" : 0.000000,
        "bw_dev" : 0.000000,
        "bw_samples" : 0,
        "iops_min" : 0,
        "iops_max" : 0,
        "iops_mean" : 0.000000,
        "iops_stddev" : 0.000000,
        "iops_samples" : 0
      },
      "trim" : {
        "io_bytes" : 0,
        "io_kbytes" : 0,
        "bw_bytes" : 0,
        "bw" : 0,
        "iops" : 0.000000,
        "runtime" : 0,
        "total_ios" : 0,
        "short_ios" : 0,
        "drop_ios" : 0,
        "slat_ns" : {
          "min" : 0,
          "max" : 0,
          "mean" : 0.000000,
          "stddev" : 0.000000,
          "N" : 0
        },
        "clat_ns" : {
          "min" : 0,
          "max" : 0,
          "mean" : 0.000000,
          "stddev" : 0.000000,
          "N" : 0
        },
        "lat_ns" : {
          "min" : 0,
          "max" : 0,
          "mean" : 0.000000,
          "stddev" : 0.000000,
          "N" : 0
        },
        "bw_min" : 0,
        "bw_max" : 0,
        "bw_agg" : 0.000000,
        "bw_mean" : 0.000000,
        "bw_dev" : 0.000000,
        "bw_samples" : 0,
        "iops_min" : 0,
        "iops_max" : 0,
        "iops_mean" : 0.000000,
        "iops_stddev" : 0.000000,
        "iops_samples" : 0
      },
      "sync" : {
        "total_ios" : 0,
        "lat_ns" : {
          "min" : 0,
          "max" : 0,
          "mean" : 0.000000,
          "stddev" : 0.000000,
          "N" : 0
        }
      },
      "job_runtime" : 2683,
      "usr_cpu" : 5.478941,
      "sys_cpu" : 43.272456,
      "ctx" : 61802,
      "majf" : 0,
      "minf" : 1037,
      "iodepth_level" : {
        "1" : 0.100000,
        "2" : 0.100000,
        "4" : 0.100000,
        "8" : 0.100000,
        "16" : 0.100000,
        "32" : 0.100000,
        ">=64" : 99.951935
      },
      "iodepth_submit" : {
        "0" : 0.000000,
        "4" : 100.000000,
        "8" : 0.000000,
        "16" : 0.000000,
        "32" : 0.000000,
        "64" : 0.000000,
        ">=64" : 0.000000
      },
      "iodepth_complete" : {
        "0" : 0.000000,
        "4" : 99.999237,
        "8" : 0.000000,
        "16" : 0.000000,
        "32" : 0.000000,
        "64" : 0.100000,
        ">=64" : 0.000000
      },
      "latency_ns" : {
        "2" : 0.000000,
        "4" : 0.000000,
        "10" : 0.000000,
        "20" : 0.000000,
        "50" : 0.000000,
        "100" : 0.000000,
        "250" : 0.000000,
        "500" : 0.000000,
        "750" : 0.000000,
        "1000" : 0.000000
      },
      "latency_us" : {
        "2" : 0.000000,
        "4" : 0.000000,
        "10" : 0.000000,
        "20" : 0.000000,
        "50" : 0.000000,
        "100" : 0.000000,
        "250" : 0.000000,
        "500" : 0.546265,
        "750" : 3.095245,
        "1000" : 13.188171
      },
      "latency_ms" : {
        "2" : 77.067566,
        "4" : 5.493164,
        "10" : 0.609589,
        "20" : 0.000000,
        "50" : 0.000000,
        "100" : 0.000000,
        "250" : 0.000000,
        "500" : 0.000000,
        "750" : 0.000000,
        "1000" : 0.000000,
        "2000" : 0.000000,
        ">=2000" : 0.000000
      },
      "latency_depth" : 64,
      "latency_target" : 0,
      "latency_percentile" : 100.000000,
      "latency_window" : 0
    }
  ],
  "disk_util" : [
    {
      "name" : "dm-1",
      "read_ios" : 146938,
      "write_ios" : 478,
      "read_sectors" : 16632336,
      "write_sectors" : 8640,
      "read_merges" : 0,
      "write_merges" : 0,
      "read_ticks" : 180001,
      "write_ticks" : 231,
      "in_queue" : 180232,
      "util" : 96.353027,
      "aggr_read_ios" : 151414,
      "aggr_write_ios" : 485,
      "aggr_read_sectors" : 16897248,
      "aggr_write_sectors" : 8640,
      "aggr_read_merges" : 0,
      "aggr_write_merge" : 0,
      "aggr_read_ticks" : 183804,
      "aggr_write_ticks" : 233,
      "aggr_in_queue" : 184037,
      "aggr_util" : 96.164773
    },
    {
      "name" : "dm-0",
      "read_ios" : 151414,
      "write_ios" : 485,
      "read_sectors" : 16897248,
      "write_sectors" : 8640,
      "read_merges" : 0,
      "write_merges" : 0,
      "read_ticks" : 183804,
      "write_ticks" : 233,
      "in_queue" : 184037,
      "util" : 96.164773,
      "aggr_read_ios" : 148276,
      "aggr_write_ios" : 302,
      "aggr_read_sectors" : 16897248,
      "aggr_write_sectors" : 8640,
      "aggr_read_merges" : 3138,
      "aggr_write_merge" : 183,
      "aggr_read_ticks" : 177052,
      "aggr_write_ticks" : 202,
      "aggr_in_queue" : 177350,
      "aggr_util" : 60.014205
    },
    {
      "name" : "nvme0n1",
      "read_ios" : 148276,
      "write_ios" : 302,
      "read_sectors" : 16897248,
      "write_sectors" : 8640,
      "read_merges" : 3138,
      "write_merges" : 183,
      "read_ticks" : 177052,
      "write_ticks" : 202,
      "in_queue" : 177350,
      "util" : 60.014205
    }
  ]
}
