{
  "fio version" : "fio-3.36",
  "timestamp" : 1783508945,
  "timestamp_ms" : 1783508945076,
  "time" : "Wed Jul  8 13:09:05 2026",
  "jobs" : [
    {
      "jobname" : "sweep",
      "groupid" : 0,
      "job_start" : 1783508922125,
      "error" : 0,
      "eta" : 0,
      "elapsed" : 24,
      "job options" : {
        "name" : "sweep",
        "filename" : "./fio-testfile",
        "rw" : "read",
        "ioengine" : "libaio",
        "iodepth" : "32",
        "bs" : "4k",
        "direct" : "1"
      },
      "read" : {
        "io_bytes" : 8589934592,
        "io_kbytes" : 8388608,
        "bw_bytes" : 374811702,
        "bw" : 366027,
        "iops" : 91506.763243,
        "runtime" : 22918,
        "total_ios" : 2097152,
        "short_ios" : 0,
        "drop_ios" : 0,
        "slat_ns" : {
          "min" : 2760,
          "max" : 3467770,
          "mean" : 3990.795254,
          "stddev" : 5318.798330,
          "N" : 2097152
        },
        "clat_ns" : {
          "min" : 37868,
          "max" : 9162969,
          "mean" : 345483.183281,
          "stddev" : 241907.043579,
          "N" : 2097152,
          "percentile" : {
            "1.000000" : 74240,
            "5.000000" : 152576,
            "10.000000" : 199680,
            "20.000000" : 242688,
            "30.000000" : 268288,
            "40.000000" : 288768,
            "50.000000" : 317440,
            "60.000000" : 342016,
            "70.000000" : 374784,
            "80.000000" : 411648,
            "90.000000" : 473088,
            "95.000000" : 522240,
            "99.000000" : 1499136,
            "99.500000" : 1810432,
            "99.900000" : 3489792,
            "99.950000" : 4423680,
            "99.990000" : 5734400
          }
        },
        "lat_ns" : {
          "min" : 64517,
          "max" : 9166809,
          "mean" : 349473.978535,
          "stddev" : 241967.801826,
          "N" : 2097152
        },
        "bw_min" : 289456,
        "bw_max" : 390896,
        "bw_agg" : 99.926221,
        "bw_mean" : 365757.688889,
        "bw_dev" : 21095.380252,
        "bw_samples" : 45,
        "iops_min" : 72364,
        "iops_max" : 97724,
        "iops_mean" : 91439.422222,
        "iops_stddev" : 5273.845063,
        "iops_samples" : 45
      },
      "write" : {
        "io_bytes" : 0,
        "io_kbytes" : 0,
        "bw_bytes" : 0,
        "bw" : 0,
        "iops" : 0.000000,
        "runtime" : 0,
        "total_ios" : 0,
        "short_ios" : 0,
        "drop_ios" : 0,
        "slat_ns" : {
          "min" : 0,
          "max" : 0,
          "mean" : 0.000000,
          "stddev" : 0.000000,
          "N" : 0
        },
        "clat_ns" : {
          "min" : 0,
          "max" : 0,
          "mean" : 0.000000,
          "stddev" : 0.000000,
          "N" : 0
        },
        "lat_ns" : {
          "min" : 0,
          "max" : 0,
          "mean" : 0.000000,
          "stddev" : 0.000000,
          "N" : 0
        },
        "bw_min" : 0,
        "bw_max" : 0,
        "bw_agg" : 0.000000,
        "bw_mean" : 0.000000,
        "bw_dev" : 0.000000,
        "bw_samples" : 0,
        "iops_min" : 0,
        "iops_max" : 0,
        "iops_mean" : 0.000000,
        "iops_stddev" : 0.000000,
        "iops_samples" : 0
      },
      "trim" : {
        "io_bytes" : 0,
        "io_kbytes" : 0,
        "bw_bytes" : 0,
        "bw" : 0,
        "iops" : 0.000000,
        "runtime" : 0,
        "total_ios" : 0,
        "short_ios" : 0,
        "drop_ios" : 0,
        "slat_ns" : {
          "min" : 0,
          "max" : 0,
          "mean" : 0.000000,
          "stddev" : 0.000000,
          "N" : 0
        },
        "clat_ns" : {
          "min" : 0,
          "max" : 0,
          "mean" : 0.000000,
          "stddev" : 0.000000,
          "N" : 0
        },
        "lat_ns" : {
          "min" : 0,
          "max" : 0,
          "mean" : 0.000000,
          "stddev" : 0.000000,
          "N" : 0
        },
        "bw_min" : 0,
        "bw_max" : 0,
        "bw_agg" : 0.000000,
        "bw_mean" : 0.000000,
        "bw_dev" : 0.000000,
        "bw_samples" : 0,
        "iops_min" : 0,
        "iops_max" : 0,
        "iops_mean" : 0.000000,
        "iops_stddev" : 0.000000,
        "iops_samples" : 0
      },
      "sync" : {
        "total_ios" : 0,
        "lat_ns" : {
          "min" : 0,
          "max" : 0,
          "mean" : 0.000000,
          "stddev" : 0.000000,
          "N" : 0
        }
      },
      "job_runtime" : 22917,
      "usr_cpu" : 9.634769,
      "sys_cpu" : 40.799407,
      "ctx" : 535815,
      "majf" : 0,
      "minf" : 46,
      "iodepth_level" : {
        "1" : 0.100000,
        "2" : 0.100000,
        "4" : 0.100000,
        "8" : 0.100000,
        "16" : 0.100000,
        "32" : 99.998522,
        ">=64" : 0.000000
      },
      "iodepth_submit" : {
        "0" : 0.000000,
        "4" : 100.000000,
        "8" : 0.000000,
        "16" : 0.000000,
        "32" : 0.000000,
        "64" : 0.000000,
        ">=64" : 0.000000
      },
      "iodepth_complete" : {
        "0" : 0.000000,
        "4" : 99.999952,
        "8" : 0.000000,
        "16" : 0.000000,
        "32" : 0.100000,
        "64" : 0.000000,
        ">=64" : 0.000000
      },
      "latency_ns" : {
        "2" : 0.000000,
        "4" : 0.000000,
        "10" : 0.000000,
        "20" : 0.000000,
        "50" : 0.000000,
        "100" : 0.000000,
        "250" : 0.000000,
        "500" : 0.000000,
        "750" : 0.000000,
        "1000" : 0.000000
      },
      "latency_us" : {
        "2" : 0.000000,
        "4" : 0.000000,
        "10" : 0.000000,
        "20" : 0.000000,
        "50" : 0.010000,
        "100" : 1.852846,
        "250" : 21.473551,
        "500" : 69.714928,
        "750" : 5.285788,
        "1000" : 0.279570
      },
      "latency_ms" : {
        "2" : 1.051617,
        "4" : 0.264215,
        "10" : 0.077438,
        "20" : 0.000000,
        "50" : 0.000000,
        "100" : 0.000000,
        "250" : 0.000000,
        "500" : 0.000000,
        "750" : 0.000000,
        "1000" : 0.000000,
        "2000" : 0.000000,
        ">=2000" : 0.000000
      },
      "latency_depth" : 32,
      "latency_target" : 0,
      "latency_percentile" : 100.000000,
      "latency_window" : 0
    }
  ],
  "disk_util" : [
    {
      "name" : "dm-1",
      "read_ios" : 2110197,
      "write_ios" : 6248,
      "read_sectors" : 17110544,
      "write_sectors" : 385248,
      "read_merges" : 0,
      "write_merges" : 0,
      "read_ticks" : 713064,
      "write_ticks" : 14376,
      "in_queue" : 727440,
      "util" : 99.743289,
      "aggr_read_ios" : 2112978,
      "aggr_write_ios" : 7305,
      "aggr_read_sectors" : 17132792,
      "aggr_write_sectors" : 385248,
      "aggr_read_merges" : 0,
      "aggr_write_merge" : 0,
      "aggr_read_ticks" : 712722,
      "aggr_write_ticks" : 19111,
      "aggr_in_queue" : 731833,
      "aggr_util" : 99.596424
    },
    {
      "name" : "dm-0",
      "read_ios" : 2112978,
      "write_ios" : 7305,
      "read_sectors" : 17132792,
      "write_sectors" : 385248,
      "read_merges" : 0,
      "write_merges" : 0,
      "read_ticks" : 712722,
      "write_ticks" : 19111,
      "in_queue" : 731833,
      "util" : 99.596424,
      "aggr_read_ios" : 2104119,
      "aggr_write_ios" : 4968,
      "aggr_read_sectors" : 17132792,
      "aggr_write_sectors" : 385248,
      "aggr_read_merges" : 8859,
      "aggr_write_merge" : 2337,
      "aggr_read_ticks" : 696226,
      "aggr_write_ticks" : 12869,
      "aggr_in_queue" : 709810,
      "aggr_util" : 62.723486
    },
    {
      "name" : "nvme0n1",
      "read_ios" : 2104119,
      "write_ios" : 4968,
      "read_sectors" : 17132792,
      "write_sectors" : 385248,
      "read_merges" : 8859,
      "write_merges" : 2337,
      "read_ticks" : 696226,
      "write_ticks" : 12869,
      "in_queue" : 709810,
      "util" : 62.723486
    }
  ]
}
