{
  "fio version" : "fio-3.36",
  "timestamp" : 1783086509,
  "timestamp_ms" : 1783086509706,
  "time" : "Fri Jul  3 15:48:29 2026",
  "jobs" : [
    {
      "jobname" : "sweep",
      "groupid" : 0,
      "job_start" : 1783086499671,
      "error" : 0,
      "eta" : 0,
      "elapsed" : 11,
      "job options" : {
        "name" : "sweep",
        "filename" : "./fio-testfile",
        "rw" : "read",
        "ioengine" : "libaio",
        "iodepth" : "64",
        "bs" : "256k",
        "direct" : "1",
        "runtime" : "10s",
        "loops" : "1000"
      },
      "read" : {
        "io_bytes" : 45132283904,
        "io_kbytes" : 44074496,
        "bw_bytes" : 4511423820,
        "bw" : 4405687,
        "iops" : 17209.716114,
        "runtime" : 10004,
        "total_ios" : 172166,
        "short_ios" : 0,
        "drop_ios" : 0,
        "slat_ns" : {
          "min" : 14310,
          "max" : 2753073,
          "mean" : 20286.254237,
          "stddev" : 11352.304536,
          "N" : 172166
        },
        "clat_ns" : {
          "min" : 1303683,
          "max" : 13714329,
          "mean" : 3696974.695219,
          "stddev" : 717847.153433,
          "N" : 172166,
          "percentile" : {
            "1.000000" : 2244608,
            "5.000000" : 2670592,
            "10.000000" : 2932736,
            "20.000000" : 3325952,
            "30.000000" : 3489792,
            "40.000000" : 3555328,
            "50.000000" : 3620864,
            "60.000000" : 3686400,
            "70.000000" : 3751936,
            "80.000000" : 3948544,
            "90.000000" : 4554752,
            "95.000000" : 5013504,
            "99.000000" : 6258688,
            "99.500000" : 6914048,
            "99.900000" : 8585216,
            "99.950000" : 9371648,
            "99.990000" : 11075584
          }
        },
        "lat_ns" : {
          "min" : 1319072,
          "max" : 13729058,
          "mean" : 3717260.949456,
          "stddev" : 717601.189163,
          "N" : 172166
        },
        "bw_min" : 4207104,
        "bw_max" : 4473344,
        "bw_agg" : 100.000000,
        "bw_mean" : 4407888.842105,
        "bw_dev" : 57733.600486,
        "bw_samples" : 19,
        "iops_min" : 16434,
        "iops_max" : 17474,
        "iops_mean" : 17218.315789,
        "iops_stddev" : 225.521877,
        "iops_samples" : 19
      },
      "write" : {
        "io_bytes" : 0,
        "io_kbytes" : 0,
        "bw_bytes" : 0,
        "bw" : 0,
        "iops" : 0.000000,
        "runtime" : 0,
        "total_ios" : 0,
        "short_ios" : 0,
        "drop_ios" : 0,
        "slat_ns" : {
          "min" : 0,
          "max" : 0,
          "mean" : 0.000000,
          "stddev" : 0.000000,
          "N" : 0
        },
        "clat_ns" : {
          "min" : 0,
          "max" : 0,
          "mean" : 0.000000,
          "stddev" : 0.000000,
          "N" : 0
        },
        "lat_ns" : {
          "min" : 0,
          "max" : 0,
          "mean" : 0.000000,
          "stddev" : 0.000000,
          "N" : 0
        },
        "bw_min" : 0,
        "bw_max" : 0,
        "bw_agg" : 0.000000,
        "bw_mean" : 0.000000,
        "bw_dev" : 0.000000,
        "bw_samples" : 0,
        "iops_min" : 0,
        "iops_max" : 0,
        "iops_mean" : 0.000000,
        "iops_stddev" : 0.000000,
        "iops_samples" : 0
      },
      "trim" : {
        "io_bytes" : 0,
        "io_kbytes" : 0,
        "bw_bytes" : 0,
        "bw" : 0,
        "iops" : 0.000000,
        "runtime" : 0,
        "total_ios" : 0,
        "short_ios" : 0,
        "drop_ios" : 0,
        "slat_ns" : {
          "min" : 0,
          "max" : 0,
          "mean" : 0.000000,
          "stddev" : 0.000000,
          "N" : 0
        },
        "clat_ns" : {
          "min" : 0,
          "max" : 0,
          "mean" : 0.000000,
          "stddev" : 0.000000,
          "N" : 0
        },
        "lat_ns" : {
          "min" : 0,
          "max" : 0,
          "mean" : 0.000000,
          "stddev" : 0.000000,
          "N" : 0
        },
        "bw_min" : 0,
        "bw_max" : 0,
        "bw_agg" : 0.000000,
        "bw_mean" : 0.000000,
        "bw_dev" : 0.000000,
        "bw_samples" : 0,
        "iops_min" : 0,
        "iops_max" : 0,
        "iops_mean" : 0.000000,
        "iops_stddev" : 0.000000,
        "iops_samples" : 0
      },
      "sync" : {
        "total_ios" : 0,
        "lat_ns" : {
          "min" : 0,
          "max" : 0,
          "mean" : 0.000000,
          "stddev" : 0.000000,
          "N" : 0
        }
      },
      "job_runtime" : 10003,
      "usr_cpu" : 2.159352,
      "sys_cpu" : 37.338798,
      "ctx" : 113664,
      "majf" : 0,
      "minf" : 4109,
      "iodepth_level" : {
        "1" : 0.100000,
        "2" : 0.100000,
        "4" : 0.100000,
        "8" : 0.100000,
        "16" : 0.100000,
        "32" : 0.100000,
        ">=64" : 99.963407
      },
      "iodepth_submit" : {
        "0" : 0.000000,
        "4" : 100.000000,
        "8" : 0.000000,
        "16" : 0.000000,
        "32" : 0.000000,
        "64" : 0.000000,
        ">=64" : 0.000000
      },
      "iodepth_complete" : {
        "0" : 0.000000,
        "4" : 99.999419,
        "8" : 0.000000,
        "16" : 0.000000,
        "32" : 0.000000,
        "64" : 0.100000,
        ">=64" : 0.000000
      },
      "latency_ns" : {
        "2" : 0.000000,
        "4" : 0.000000,
        "10" : 0.000000,
        "20" : 0.000000,
        "50" : 0.000000,
        "100" : 0.000000,
        "250" : 0.000000,
        "500" : 0.000000,
        "750" : 0.000000,
        "1000" : 0.000000
      },
      "latency_us" : {
        "2" : 0.000000,
        "4" : 0.000000,
        "10" : 0.000000,
        "20" : 0.000000,
        "50" : 0.000000,
        "100" : 0.000000,
        "250" : 0.000000,
        "500" : 0.000000,
        "750" : 0.000000,
        "1000" : 0.000000
      },
      "latency_ms" : {
        "2" : 0.162053,
        "4" : 80.991020,
        "10" : 18.821370,
        "20" : 0.025557,
        "50" : 0.000000,
        "100" : 0.000000,
        "250" : 0.000000,
        "500" : 0.000000,
        "750" : 0.000000,
        "1000" : 0.000000,
        "2000" : 0.000000,
        ">=2000" : 0.000000
      },
      "latency_depth" : 64,
      "latency_target" : 0,
      "latency_percentile" : 100.000000,
      "latency_window" : 0
    }
  ],
  "disk_util" : [
    {
      "name" : "dm-1",
      "read_ios" : 253816,
      "write_ios" : 2018,
      "read_sectors" : 87188392,
      "write_sectors" : 77816,
      "read_merges" : 0,
      "write_merges" : 0,
      "read_ticks" : 923980,
      "write_ticks" : 374467,
      "in_queue" : 1298447,
      "util" : 99.039231,
      "aggr_read_ios" : 411950,
      "aggr_write_ios" : 2210,
      "aggr_read_sectors" : 88149800,
      "aggr_write_sectors" : 77928,
      "aggr_read_merges" : 0,
      "aggr_write_merge" : 0,
      "aggr_read_ticks" : 1488698,
      "aggr_write_ticks" : 408946,
      "aggr_in_queue" : 1897644,
      "aggr_util" : 98.835143
    },
    {
      "name" : "dm-0",
      "read_ios" : 411950,
      "write_ios" : 2210,
      "read_sectors" : 88149800,
      "write_sectors" : 77928,
      "read_merges" : 0,
      "write_merges" : 0,
      "read_ticks" : 1488698,
      "write_ticks" : 408946,
      "in_queue" : 1897644,
      "util" : 98.835143,
      "aggr_read_ios" : 411919,
      "aggr_write_ios" : 1543,
      "aggr_read_sectors" : 88149800,
      "aggr_write_sectors" : 77928,
      "aggr_read_merges" : 31,
      "aggr_write_merge" : 667,
      "aggr_read_ticks" : 1470133,
      "aggr_write_ticks" : 344120,
      "aggr_in_queue" : 1814558,
      "aggr_util" : 69.072063
    },
    {
      "name" : "nvme0n1",
      "read_ios" : 411919,
      "write_ios" : 1543,
      "read_sectors" : 88149800,
      "write_sectors" : 77928,
      "read_merges" : 31,
      "write_merges" : 667,
      "read_ticks" : 1470133,
      "write_ticks" : 344120,
      "in_queue" : 1814558,