{
  "fio version" : "fio-3.41",
  "timestamp" : 1783091699,
  "timestamp_ms" : 1783091699567,
  "time" : "Fri Jul  3 17:14:59 2026",
  "jobs" : [
    {
      "jobname" : "sweep",
      "groupid" : 0,
      "job_start" : 1783091689421,
      "error" : 0,
      "eta" : 0,
      "elapsed" : 11,
      "job options" : {
        "name" : "sweep",
        "filename" : "./fio-testfile",
        "rw" : "read",
        "ioengine" : "libaio",
        "iodepth" : "16",
        "bs" : "4M",
        "direct" : "1",
        "time_based" : "",
        "runtime" : "10s",
        "loops" : "1000",
        "group_reporting" : ""
      },
      "read" : {
        "io_bytes" : 62050533376,
        "io_kbytes" : 60596224,
        "bw_bytes" : 6198854483,
        "bw" : 6053568,
        "iops" : 1477.922078,
        "runtime" : 10010,
        "total_ios" : 14794,
        "short_ios" : 0,
        "drop_ios" : 0,
        "slat_ns" : {
          "min" : 243027,
          "max" : 3103447,
          "mean" : 626167.692984,
          "stddev" : 206339.041571,
          "N" : 14794
        },
        "clat_ns" : {
          "min" : 5909824,
          "max" : 34828758,
          "mean" : 10178261.783020,
          "stddev" : 1950359.369508,
          "N" : 14794,
          "percentile" : {
            "1.000000" : 6389760,
            "5.000000" : 6651904,
            "10.000000" : 6979584,
            "20.000000" : 8355840,
            "30.000000" : 9502720,
            "40.000000" : 9895936,
            "50.000000" : 10551296,
            "60.000000" : 11075584,
            "70.000000" : 11468800,
            "80.000000" : 11862016,
            "90.000000" : 12255232,
            "95.000000" : 12648448,
            "99.000000" : 13172736,
            "99.500000" : 13565952,
            "99.900000" : 17432576,
            "99.950000" : 23724032,
            "99.990000" : 33161216
          }
        },
        "lat_ns" : {
          "min" : 6396778,
          "max" : 37932205,
          "mean" : 10804429.476004,
          "stddev" : 2071845.513433,
          "N" : 14794
        },
        "bw_min" : 5611520,
        "bw_max" : 6307840,
        "bw_agg" : 99.998500,
        "bw_mean" : 6053478.400000,
        "bw_dev" : 179506.752670,
        "bw_samples" : 20,
        "iops_min" : 1370,
        "iops_max" : 1540,
        "iops_mean" : 1477.900000,
        "iops_stddev" : 43.824891,
        "iops_samples" : 20
      },
      "write" : {
        "io_bytes" : 0,
        "io_kbytes" : 0,
        "bw_bytes" : 0,
        "bw" : 0,
        "iops" : 0.000000,
        "runtime" : 0,
        "total_ios" : 0,
        "short_ios" : 0,
        "drop_ios" : 0,
        "slat_ns" : {
          "min" : 0,
          "max" : 0,
          "mean" : 0.000000,
          "stddev" : 0.000000,
          "N" : 0
        },
        "clat_ns" : {
          "min" : 0,
          "max" : 0,
          "mean" : 0.000000,
          "stddev" : 0.000000,
          "N" : 0
        },
        "lat_ns" : {
          "min" : 0,
          "max" : 0,
          "mean" : 0.000000,
          "stddev" : 0.000000,
          "N" : 0
        },
        "bw_min" : 0,
        "bw_max" : 0,
        "bw_agg" : 0.000000,
        "bw_mean" : 0.000000,
        "bw_dev" : 0.000000,
        "bw_samples" : 0,
        "iops_min" : 0,
        "iops_max" : 0,
        "iops_mean" : 0.000000,
        "iops_stddev" : 0.000000,
        "iops_samples" : 0
      },
      "trim" : {
        "io_bytes" : 0,
        "io_kbytes" : 0,
        "bw_bytes" : 0,
        "bw" : 0,
        "iops" : 0.000000,
        "runtime" : 0,
        "total_ios" : 0,
        "short_ios" : 0,
        "drop_ios" : 0,
        "slat_ns" : {
          "min" : 0,
          "max" : 0,
          "mean" : 0.000000,
          "stddev" : 0.000000,
          "N" : 0
        },
        "clat_ns" : {
          "min" : 0,
          "max" : 0,
          "mean" : 0.000000,
          "stddev" : 0.000000,
          "N" : 0
        },
        "lat_ns" : {
          "min" : 0,
          "max" : 0,
          "mean" : 0.000000,
          "stddev" : 0.000000,
          "N" : 0
        },
        "bw_min" : 0,
        "bw_max" : 0,
        "bw_agg" : 0.000000,
        "bw_mean" : 0.000000,
        "bw_dev" : 0.000000,
        "bw_samples" : 0,
        "iops_min" : 0,
        "iops_max" : 0,
        "iops_mean" : 0.000000,
        "iops_stddev" : 0.000000,
        "iops_samples" : 0
      },
      "sync" : {
        "total_ios" : 0,
        "lat_ns" : {
          "min" : 0,
          "max" : 0,
          "mean" : 0.000000,
          "stddev" : 0.000000,
          "N" : 0
        }
      },
      "job_runtime" : 10010,
      "usr_cpu" : 0.369630,
      "sys_cpu" : 92.517483,
      "ctx" : 3083,
      "majf" : 0,
      "minf" : 16392,
      "iodepth_level" : {
        "1" : 0.100000,
        "2" : 0.100000,
        "4" : 0.100000,
        "8" : 0.100000,
        "16" : 99.898608,
        "32" : 0.000000,
        ">=64" : 0.000000
      },
      "iodepth_submit" : {
        "0" : 0.000000,
        "4" : 100.000000,
        "8" : 0.000000,
        "16" : 0.000000,
        "32" : 0.000000,
        "64" : 0.000000,
        ">=64" : 0.000000
      },
      "iodepth_complete" : {
        "0" : 0.000000,
        "4" : 99.993234,
        "8" : 0.000000,
        "16" : 0.100000,
        "32" : 0.000000,
        "64" : 0.000000,
        ">=64" : 0.000000
      },
      "latency_ns" : {
        "2" : 0.000000,
        "4" : 0.000000,
        "10" : 0.000000,
        "20" : 0.000000,
        "50" : 0.000000,
        "100" : 0.000000,
        "250" : 0.000000,
        "500" : 0.000000,
        "750" : 0.000000,
        "1000" : 0.000000
      },
      "latency_us" : {
        "2" : 0.000000,
        "4" : 0.000000,
        "10" : 0.000000,
        "20" : 0.000000,
        "50" : 0.000000,
        "100" : 0.000000,
        "250" : 0.000000,
        "500" : 0.000000,
        "750" : 0.000000,
        "1000" : 0.000000
      },
      "latency_ms" : {
        "2" : 0.000000,
        "4" : 0.000000,
        "10" : 42.361768,
        "20" : 57.570637,
        "50" : 0.067595,
        "100" : 0.000000,
        "250" : 0.000000,
        "500" : 0.000000,
        "750" : 0.000000,
        "1000" : 0.000000,
        "2000" : 0.000000,
        ">=2000" : 0.000000
      },
      "latency_depth" : 16,
      "latency_target" : 0,
      "latency_percentile" : 100.000000,
      "latency_window" : 0
    }
  ],
  "disk_util" : [
    {
      "name" : "dm-1",
      "read_ios" : 58452,
      "write_ios" : 803,
      "read_sectors" : 119707824,
      "write_sectors" : 7688,
      "read_merges" : 0,
      "write_merges" : 0,
      "read_ticks" : 306627,
      "write_ticks" : 310,
      "in_queue" : 306937,
      "util" : 99.019019,
      "aggr_read_ios" : 473409,
      "aggr_write_ios" : 849,
      "aggr_read_sectors" : 121192624,
      "aggr_write_sectors" : 7688,
      "aggr_read_merges" : 0,
      "aggr_write_merge" : 0,
      "aggr_read_ticks" : 2419617,
      "aggr_write_ticks" : 310,
      "aggr_in_queue" : 2419927,
      "aggr_util" : 98.707832
    },
    {
      "name" : "dm-0",
      "read_ios" : 473409,
      "write_ios" : 849,
      "read_sectors" : 121192624,
      "write_sectors" : 7688,
      "read_merges" : 0,
      "write_merges" : 0,
      "read_ticks" : 2419617,
      "write_ticks" : 310,
      "in_queue" : 2419927,
      "util" : 98.707832,
      "aggr_read_ios" : 473409,
      "aggr_write_ios" : 450,
      "aggr_read_sectors" : 121192624,
      "aggr_write_sectors" : 7688,
      "aggr_read_merges" : 0,
      "aggr_write_merge" : 399,
      "aggr_read_ticks" : 2498387,
      "aggr_write_ticks" : 202,
      "aggr_in_queue" : 2498620,
      "aggr_util" : 62.049916
    },
    {
      "name" : "nvme0n1",
      "read_ios" : 473409,
      "write_ios" : 450,
      "read_sectors" : 121192624,
      "write_sectors" : 7688,
      "read_merges" : 0,
      "write_merges" : 399,
      "read_ticks" : 2498387,