{
  "fio version" : "fio-3.36",
  "timestamp" : 1783509057,
  "timestamp_ms" : 1783509057492,
  "time" : "Wed Jul  8 13:10:57 2026",
  "jobs" : [
    {
      "jobname" : "sweep",
      "groupid" : 0,
      "job_start" : 1783509055247,
      "error" : 0,
      "eta" : 0,
      "elapsed" : 3,
      "job options" : {
        "name" : "sweep",
        "filename" : "./fio-testfile",
        "rw" : "read",
        "ioengine" : "libaio",
        "iodepth" : "32",
        "bs" : "256k",
        "direct" : "1"
      },
      "read" : {
        "io_bytes" : 8589934592,
        "io_kbytes" : 8388608,
        "bw_bytes" : 3893896007,
        "bw" : 3802632,
        "iops" : 14854.034451,
        "runtime" : 2206,
        "total_ios" : 32768,
        "short_ios" : 0,
        "drop_ios" : 0,
        "slat_ns" : {
          "min" : 14290,
          "max" : 4236600,
          "mean" : 26177.521332,
          "stddev" : 109111.903202,
          "N" : 32768
        },
        "clat_ns" : {
          "min" : 493392,
          "max" : 10251313,
          "mean" : 2125386.033936,
          "stddev" : 702554.349070,
          "N" : 32768,
          "percentile" : {
            "1.000000" : 667648,
            "5.000000" : 1138688,
            "10.000000" : 1662976,
            "20.000000" : 1777664,
            "30.000000" : 1859584,
            "40.000000" : 1925120,
            "50.000000" : 1990656,
            "60.000000" : 2088960,
            "70.000000" : 2179072,
            "80.000000" : 2375680,
            "90.000000" : 2932736,
            "95.000000" : 3457024,
            "99.000000" : 4358144,
            "99.500000" : 5079040,
            "99.900000" : 8585216,
            "99.950000" : 9109504,
            "99.990000" : 10027008
          }
        },
        "lat_ns" : {
          "min" : 518101,
          "max" : 10266943,
          "mean" : 2151563.555267,
          "stddev" : 699534.623412,
          "N" : 32768
        },
        "bw_min" : 3565056,
        "bw_max" : 3883008,
        "bw_agg" : 99.696820,
        "bw_mean" : 3791104.000000,
        "bw_dev" : 151879.430075,
        "bw_samples" : 4,
        "iops_min" : 13926,
        "iops_max" : 15168,
        "iops_mean" : 14809.000000,
        "iops_stddev" : 593.279024,
        "iops_samples" : 4
      },
      "write" : {
        "io_bytes" : 0,
        "io_kbytes" : 0,
        "bw_bytes" : 0,
        "bw" : 0,
        "iops" : 0.000000,
        "runtime" : 0,
        "total_ios" : 0,
        "short_ios" : 0,
        "drop_ios" : 0,
        "slat_ns" : {
          "min" : 0,
          "max" : 0,
          "mean" : 0.000000,
          "stddev" : 0.000000,
          "N" : 0
        },
        "clat_ns" : {
          "min" : 0,
          "max" : 0,
          "mean" : 0.000000,
          "stddev" : 0.000000,
          "N" : 0
        },
        "lat_ns" : {
          "min" : 0,
          "max" : 0,
          "mean" : 0.000000,
          "stddev" : 0.000000,
          "N" : 0
        },
        "bw_min" : 0,
        "bw_max" : 0,
        "bw_agg" : 0.000000,
        "bw_mean" : 0.000000,
        "bw_dev" : 0.000000,
        "bw_samples" : 0,
        "iops_min" : 0,
        "iops_max" : 0,
        "iops_mean" : 0.000000,
        "iops_stddev" : 0.000000,
        "iops_samples" : 0
      },
      "trim" : {
        "io_bytes" : 0,
        "io_kbytes" : 0,
        "bw_bytes" : 0,
        "bw" : 0,
        "iops" : 0.000000,
        "runtime" : 0,
        "total_ios" : 0,
        "short_ios" : 0,
        "drop_ios" : 0,
        "slat_ns" : {
          "min" : 0,
          "max" : 0,
          "mean" : 0.000000,
          "stddev" : 0.000000,
          "N" : 0
        },
        "clat_ns" : {
          "min" : 0,
          "max" : 0,
          "mean" : 0.000000,
          "stddev" : 0.000000,
          "N" : 0
        },
        "lat_ns" : {
          "min" : 0,
          "max" : 0,
          "mean" : 0.000000,
          "stddev" : 0.000000,
          "N" : 0
        },
        "bw_min" : 0,
        "bw_max" : 0,
        "bw_agg" : 0.000000,
        "bw_mean" : 0.000000,
        "bw_dev" : 0.000000,
        "bw_samples" : 0,
        "iops_min" : 0,
        "iops_max" : 0,
        "iops_mean" : 0.000000,
        "iops_stddev" : 0.000000,
        "iops_samples" : 0
      },
      "sync" : {
        "total_ios" : 0,
        "lat_ns" : {
          "min" : 0,
          "max" : 0,
          "mean" : 0.000000,
          "stddev" : 0.000000,
          "N" : 0
        }
      },
      "job_runtime" : 2205,
      "usr_cpu" : 1.224490,
      "sys_cpu" : 33.287982,
      "ctx" : 21167,
      "majf" : 0,
      "minf" : 2061,
      "iodepth_level" : {
        "1" : 0.100000,
        "2" : 0.100000,
        "4" : 0.100000,
        "8" : 0.100000,
        "16" : 0.100000,
        "32" : 99.905396,
        ">=64" : 0.000000
      },
      "iodepth_submit" : {
        "0" : 0.000000,
        "4" : 100.000000,
        "8" : 0.000000,
        "16" : 0.000000,
        "32" : 0.000000,
        "64" : 0.000000,
        ">=64" : 0.000000
      },
      "iodepth_complete" : {
        "0" : 0.000000,
        "4" : 99.996945,
        "8" : 0.000000,
        "16" : 0.000000,
        "32" : 0.100000,
        "64" : 0.000000,
        ">=64" : 0.000000
      },
      "latency_ns" : {
        "2" : 0.000000,
        "4" : 0.000000,
        "10" : 0.000000,
        "20" : 0.000000,
        "50" : 0.000000,
        "100" : 0.000000,
        "250" : 0.000000,
        "500" : 0.000000,
        "750" : 0.000000,
        "1000" : 0.000000
      },
      "latency_us" : {
        "2" : 0.000000,
        "4" : 0.000000,
        "10" : 0.000000,
        "20" : 0.000000,
        "50" : 0.000000,
        "100" : 0.000000,
        "250" : 0.000000,
        "500" : 0.010000,
        "750" : 2.124023,
        "1000" : 1.919556
      },
      "latency_ms" : {
        "2" : 46.154785,
        "4" : 48.019409,
        "10" : 1.770020,
        "20" : 0.010000,
        "50" : 0.000000,
        "100" : 0.000000,
        "250" : 0.000000,
        "500" : 0.000000,
        "750" : 0.000000,
        "1000" : 0.000000,
        "2000" : 0.000000,
        ">=2000" : 0.000000
      },
      "latency_depth" : 32,
      "latency_target" : 0,
      "latency_percentile" : 100.000000,
      "latency_window" : 0
    }
  ],
  "disk_util" : [
    {
      "name" : "dm-1",
      "read_ios" : 52554,
      "write_ios" : 567,
      "read_sectors" : 16418080,
      "write_sectors" : 9624,
      "read_merges" : 0,
      "write_merges" : 0,
      "read_ticks" : 102747,
      "write_ticks" : 273,
      "in_queue" : 103020,
      "util" : 96.922391,
      "aggr_read_ios" : 83918,
      "aggr_write_ios" : 729,
      "aggr_read_sectors" : 16917952,
      "aggr_write_sectors" : 10768,
      "aggr_read_merges" : 0,
      "aggr_write_merge" : 0,
      "aggr_read_ticks" : 162966,
      "aggr_write_ticks" : 330,
      "aggr_in_queue" : 163296,
      "aggr_util" : 96.885666
    },
    {
      "name" : "dm-0",
      "read_ios" : 83918,
      "write_ios" : 729,
      "read_sectors" : 16917952,
      "write_sectors" : 10768,
      "read_merges" : 0,
      "write_merges" : 0,
      "read_ticks" : 162966,
      "write_ticks" : 330,
      "in_queue" : 163296,
      "util" : 96.885666,
      "aggr_read_ios" : 81171,
      "aggr_write_ios" : 403,
      "aggr_read_sectors" : 16917952,
      "aggr_write_sectors" : 10768,
      "aggr_read_merges" : 2747,
      "aggr_write_merge" : 326,
      "aggr_read_ticks" : 154090,
      "aggr_write_ticks" : 310,
      "aggr_in_queue" : 154534,
      "aggr_util" : 69.325939
    },
    {
      "name" : "nvme0n1",
      "read_ios" : 81171,
      "write_ios" : 403,
      "read_sectors" : 16917952,
      "write_sectors" : 10768,
      "read_merges" : 2747,
      "write_merges" : 326,
      "read_ticks" : 154090,
      "write_ticks" : 310,
      "in_queue" : 154534,
      "util" : 69.325939
    }
  ]
}
