{
  "fio version" : "fio-3.41",
  "timestamp" : 1783610375,
  "timestamp_ms" : 1783610375622,
  "time" : "Thu Jul  9 17:19:35 2026",
  "jobs" : [
    {
      "jobname" : "sweep",
      "groupid" : 0,
      "job_start" : 1783610351728,
      "error" : 0,
      "eta" : 0,
      "elapsed" : 24,
      "job options" : {
        "name" : "sweep",
        "filename" : "./fio-testfile",
        "rw" : "read",
        "ioengine" : "libaio",
        "iodepth" : "16",
        "bs" : "256k",
        "direct" : "1",
        "group_reporting" : ""
      },
      "read" : {
        "io_bytes" : 107374182400,
        "io_kbytes" : 104857600,
        "bw_bytes" : 4546671002,
        "bw" : 4440108,
        "iops" : 17344.173442,
        "runtime" : 23616,
        "total_ios" : 409600,
        "short_ios" : 0,
        "drop_ios" : 0,
        "slat_ns" : {
          "min" : 20536,
          "max" : 1001640,
          "mean" : 54794.858262,
          "stddev" : 16202.619914,
          "N" : 409600
        },
        "clat_ns" : {
          "min" : 276785,
          "max" : 8508590,
          "mean" : 867096.204016,
          "stddev" : 177154.434044,
          "N" : 409600,
          "percentile" : {
            "1.000000" : 514048,
            "5.000000" : 577536,
            "10.000000" : 618496,
            "20.000000" : 700416,
            "30.000000" : 765952,
            "40.000000" : 839680,
            "50.000000" : 897024,
            "60.000000" : 937984,
            "70.000000" : 978944,
            "80.000000" : 1011712,
            "90.000000" : 1056768,
            "95.000000" : 1089536,
            "99.000000" : 1204224,
            "99.500000" : 1318912,
            "99.900000" : 1925120,
            "99.950000" : 2342912,
            "99.990000" : 2998272
          }
        },
        "lat_ns" : {
          "min" : 310339,
          "max" : 8569558,
          "mean" : 921891.062278,
          "stddev" : 187768.923720,
          "N" : 409600
        },
        "bw_min" : 4123648,
        "bw_max" : 4838400,
        "bw_agg" : 100.000000,
        "bw_mean" : 4444040.170213,
        "bw_dev" : 200537.832552,
        "bw_samples" : 47,
        "iops_min" : 16108,
        "iops_max" : 18900,
        "iops_mean" : 17359.531915,
        "iops_stddev" : 783.350908,
        "iops_samples" : 47
      },
      "write" : {
        "io_bytes" : 0,
        "io_kbytes" : 0,
        "bw_bytes" : 0,
        "bw" : 0,
        "iops" : 0.000000,
        "runtime" : 0,
        "total_ios" : 0,
        "short_ios" : 0,
        "drop_ios" : 0,
        "slat_ns" : {
          "min" : 0,
          "max" : 0,
          "mean" : 0.000000,
          "stddev" : 0.000000,
          "N" : 0
        },
        "clat_ns" : {
          "min" : 0,
          "max" : 0,
          "mean" : 0.000000,
          "stddev" : 0.000000,
          "N" : 0
        },
        "lat_ns" : {
          "min" : 0,
          "max" : 0,
          "mean" : 0.000000,
          "stddev" : 0.000000,
          "N" : 0
        },
        "bw_min" : 0,
        "bw_max" : 0,
        "bw_agg" : 0.000000,
        "bw_mean" : 0.000000,
        "bw_dev" : 0.000000,
        "bw_samples" : 0,
        "iops_min" : 0,
        "iops_max" : 0,
        "iops_mean" : 0.000000,
        "iops_stddev" : 0.000000,
        "iops_samples" : 0
      },
      "trim" : {
        "io_bytes" : 0,
        "io_kbytes" : 0,
        "bw_bytes" : 0,
        "bw" : 0,
        "iops" : 0.000000,
        "runtime" : 0,
        "total_ios" : 0,
        "short_ios" : 0,
        "drop_ios" : 0,
        "slat_ns" : {
          "min" : 0,
          "max" : 0,
          "mean" : 0.000000,
          "stddev" : 0.000000,
          "N" : 0
        },
        "clat_ns" : {
          "min" : 0,
          "max" : 0,
          "mean" : 0.000000,
          "stddev" : 0.000000,
          "N" : 0
        },
        "lat_ns" : {
          "min" : 0,
          "max" : 0,
          "mean" : 0.000000,
          "stddev" : 0.000000,
          "N" : 0
        },
        "bw_min" : 0,
        "bw_max" : 0,
        "bw_agg" : 0.000000,
        "bw_mean" : 0.000000,
        "bw_dev" : 0.000000,
        "bw_samples" : 0,
        "iops_min" : 0,
        "iops_max" : 0,
        "iops_mean" : 0.000000,
        "iops_stddev" : 0.000000,
        "iops_samples" : 0
      },
      "sync" : {
        "total_ios" : 0,
        "lat_ns" : {
          "min" : 0,
          "max" : 0,
          "mean" : 0.000000,
          "stddev" : 0.000000,
          "N" : 0
        }
      },
      "job_runtime" : 23615,
      "usr_cpu" : 2.134237,
      "sys_cpu" : 95.668008,
      "ctx" : 13353,
      "majf" : 0,
      "minf" : 1036,
      "iodepth_level" : {
        "1" : 0.100000,
        "2" : 0.100000,
        "4" : 0.100000,
        "8" : 0.100000,
        "16" : 99.996338,
        "32" : 0.000000,
        ">=64" : 0.000000
      },
      "iodepth_submit" : {
        "0" : 0.000000,
        "4" : 100.000000,
        "8" : 0.000000,
        "16" : 0.000000,
        "32" : 0.000000,
        "64" : 0.000000,
        ">=64" : 0.000000
      },
      "iodepth_complete" : {
        "0" : 0.000000,
        "4" : 99.999756,
        "8" : 0.000000,
        "16" : 0.100000,
        "32" : 0.000000,
        "64" : 0.000000,
        ">=64" : 0.000000
      },
      "latency_ns" : {
        "2" : 0.000000,
        "4" : 0.000000,
        "10" : 0.000000,
        "20" : 0.000000,
        "50" : 0.000000,
        "100" : 0.000000,
        "250" : 0.000000,
        "500" : 0.000000,
        "750" : 0.000000,
        "1000" : 0.000000
      },
      "latency_us" : {
        "2" : 0.000000,
        "4" : 0.000000,
        "10" : 0.000000,
        "20" : 0.000000,
        "50" : 0.000000,
        "100" : 0.000000,
        "250" : 0.000000,
        "500" : 0.613770,
        "750" : 26.487305,
        "1000" : 48.678223
      },
      "latency_ms" : {
        "2" : 24.140137,
        "4" : 0.078613,
        "10" : 0.010000,
        "20" : 0.000000,
        "50" : 0.000000,
        "100" : 0.000000,
        "250" : 0.000000,
        "500" : 0.000000,
        "750" : 0.000000,
        "1000" : 0.000000,
        "2000" : 0.000000,
        ">=2000" : 0.000000
      },
      "latency_depth" : 16,
      "latency_target" : 0,
      "latency_percentile" : 100.000000,
      "latency_window" : 0
    }
  ],
  "disk_util" : [
    {
      "name" : "dm-1",
      "read_ios" : 411790,
      "write_ios" : 2268,
      "read_sectors" : 207970752,
      "write_sectors" : 25296,
      "read_merges" : 0,
      "write_merges" : 0,
      "read_ticks" : 165021,
      "write_ticks" : 320,
      "in_queue" : 165341,
      "util" : 99.663443,
      "aggr_read_ios" : 825237,
      "aggr_write_ios" : 2460,
      "aggr_read_sectors" : 209938680,
      "aggr_write_sectors" : 25648,
      "aggr_read_merges" : 0,
      "aggr_write_merge" : 0,
      "aggr_read_ticks" : 309677,
      "aggr_write_ticks" : 316,
      "aggr_in_queue" : 309993,
      "aggr_util" : 99.507036
    },
    {
      "name" : "dm-0",
      "read_ios" : 825237,
      "write_ios" : 2460,
      "read_sectors" : 209938680,
      "write_sectors" : 25648,
      "read_merges" : 0,
      "write_merges" : 0,
      "read_ticks" : 309677,
      "write_ticks" : 316,
      "in_queue" : 309993,
      "util" : 99.507036,
      "aggr_read_ios" : 822253,
      "aggr_write_ios" : 1406,
      "aggr_read_sectors" : 209938680,
      "aggr_write_sectors" : 25648,
      "aggr_read_merges" : 2984,
      "aggr_write_merge" : 1054,
      "aggr_read_ticks" : 211157,
      "aggr_write_ticks" : 188,
      "aggr_in_queue" : 211412,
      "aggr_util" : 72.773237
    },
    {
      "name" : "nvme0n1",
      "read_ios" : 822253,
      "write_ios" : 1406,
      "read_sectors" : 209938680,
      "write_sectors" : 25648,
      "read_merges" : 2984,
      "write_merges" : 1054,
      "read_ticks" : 211157,
      "write_ticks" : 188,
      "in_queue" : 211412,
      "util" : 72.773237
    }
  ]
}
