{
  "fio version" : "fio-3.36",
  "timestamp" : 1783086355,
  "timestamp_ms" : 1783086355273,
  "time" : "Fri Jul  3 15:45:55 2026",
  "jobs" : [
    {
      "jobname" : "sweep",
      "groupid" : 0,
      "job_start" : 1783086345236,
      "error" : 0,
      "eta" : 0,
      "elapsed" : 11,
      "job options" : {
        "name" : "sweep",
        "filename" : "./fio-testfile",
        "rw" : "read",
        "ioengine" : "libaio",
        "iodepth" : "8",
        "bs" : "4k",
        "direct" : "1",
        "runtime" : "10s",
        "loops" : "1000"
      },
      "read" : {
        "io_bytes" : 4042829824,
        "io_kbytes" : 3948076,
        "bw_bytes" : 404242558,
        "bw" : 394768,
        "iops" : 98692.030797,
        "runtime" : 10001,
        "total_ios" : 987019,
        "short_ios" : 0,
        "drop_ios" : 0,
        "slat_ns" : {
          "min" : 2800,
          "max" : 1008297,
          "mean" : 4474.630862,
          "stddev" : 2824.700242,
          "N" : 987019
        },
        "clat_ns" : {
          "min" : 11240,
          "max" : 2640635,
          "mean" : 76365.724340,
          "stddev" : 100433.974732,
          "N" : 987019,
          "percentile" : {
            "1.000000" : 30592,
            "5.000000" : 33024,
            "10.000000" : 34560,
            "20.000000" : 36608,
            "30.000000" : 39168,
            "40.000000" : 42240,
            "50.000000" : 44800,
            "60.000000" : 48896,
            "70.000000" : 61184,
            "80.000000" : 101888,
            "90.000000" : 146432,
            "95.000000" : 228352,
            "99.000000" : 342016,
            "99.500000" : 407552,
            "99.900000" : 1384448,
            "99.950000" : 1499136,
            "99.990000" : 1875968
          }
        },
        "lat_ns" : {
          "min" : 16930,
          "max" : 2644215,
          "mean" : 80840.355202,
          "stddev" : 100288.690651,
          "N" : 987019
        },
        "bw_min" : 310072,
        "bw_max" : 433008,
        "bw_agg" : 99.743869,
        "bw_mean" : 393757.052632,
        "bw_dev" : 33555.203917,
        "bw_samples" : 19,
        "iops_min" : 77518,
        "iops_max" : 108252,
        "iops_mean" : 98439.263158,
        "iops_stddev" : 8388.800979,
        "iops_samples" : 19
      },
      "write" : {
        "io_bytes" : 0,
        "io_kbytes" : 0,
        "bw_bytes" : 0,
        "bw" : 0,
        "iops" : 0.000000,
        "runtime" : 0,
        "total_ios" : 0,
        "short_ios" : 0,
        "drop_ios" : 0,
        "slat_ns" : {
          "min" : 0,
          "max" : 0,
          "mean" : 0.000000,
          "stddev" : 0.000000,
          "N" : 0
        },
        "clat_ns" : {
          "min" : 0,
          "max" : 0,
          "mean" : 0.000000,
          "stddev" : 0.000000,
          "N" : 0
        },
        "lat_ns" : {
          "min" : 0,
          "max" : 0,
          "mean" : 0.000000,
          "stddev" : 0.000000,
          "N" : 0
        },
        "bw_min" : 0,
        "bw_max" : 0,
        "bw_agg" : 0.000000,
        "bw_mean" : 0.000000,
        "bw_dev" : 0.000000,
        "bw_samples" : 0,
        "iops_min" : 0,
        "iops_max" : 0,
        "iops_mean" : 0.000000,
        "iops_stddev" : 0.000000,
        "iops_samples" : 0
      },
      "trim" : {
        "io_bytes" : 0,
        "io_kbytes" : 0,
        "bw_bytes" : 0,
        "bw" : 0,
        "iops" : 0.000000,
        "runtime" : 0,
        "total_ios" : 0,
        "short_ios" : 0,
        "drop_ios" : 0,
        "slat_ns" : {
          "min" : 0,
          "max" : 0,
          "mean" : 0.000000,
          "stddev" : 0.000000,
          "N" : 0
        },
        "clat_ns" : {
          "min" : 0,
          "max" : 0,
          "mean" : 0.000000,
          "stddev" : 0.000000,
          "N" : 0
        },
        "lat_ns" : {
          "min" : 0,
          "max" : 0,
          "mean" : 0.000000,
          "stddev" : 0.000000,
          "N" : 0
        },
        "bw_min" : 0,
        "bw_max" : 0,
        "bw_agg" : 0.000000,
        "bw_mean" : 0.000000,
        "bw_dev" : 0.000000,
        "bw_samples" : 0,
        "iops_min" : 0,
        "iops_max" : 0,
        "iops_mean" : 0.000000,
        "iops_stddev" : 0.000000,
        "iops_samples" : 0
      },
      "sync" : {
        "total_ios" : 0,
        "lat_ns" : {
          "min" : 0,
          "max" : 0,
          "mean" : 0.000000,
          "stddev" : 0.000000,
          "N" : 0
        }
      },
      "job_runtime" : 10000,
      "usr_cpu" : 11.110000,
      "sys_cpu" : 45.870000,
      "ctx" : 90305,
      "majf" : 0,
      "minf" : 23,
      "iodepth_level" : {
        "1" : 0.100000,
        "2" : 0.100000,
        "4" : 0.100000,
        "8" : 99.999291,
        "16" : 0.000000,
        "32" : 0.000000,
        ">=64" : 0.000000
      },
      "iodepth_submit" : {
        "0" : 0.000000,
        "4" : 100.000000,
        "8" : 0.000000,
        "16" : 0.000000,
        "32" : 0.000000,
        "64" : 0.000000,
        ">=64" : 0.000000
      },
      "iodepth_complete" : {
        "0" : 0.000000,
        "4" : 99.999899,
        "8" : 0.100000,
        "16" : 0.000000,
        "32" : 0.000000,
        "64" : 0.000000,
        ">=64" : 0.000000
      },
      "latency_ns" : {
        "2" : 0.000000,
        "4" : 0.000000,
        "10" : 0.000000,
        "20" : 0.000000,
        "50" : 0.000000,
        "100" : 0.000000,
        "250" : 0.000000,
        "500" : 0.000000,
        "750" : 0.000000,
        "1000" : 0.000000
      },
      "latency_us" : {
        "2" : 0.000000,
        "4" : 0.000000,
        "10" : 0.000000,
        "20" : 0.012158,
        "50" : 61.699927,
        "100" : 16.980119,
        "250" : 17.444750,
        "500" : 3.463155,
        "750" : 0.037689,
        "1000" : 0.017122
      },
      "latency_ms" : {
        "2" : 0.338595,
        "4" : 0.010000,
        "10" : 0.000000,
        "20" : 0.000000,
        "50" : 0.000000,
        "100" : 0.000000,
        "250" : 0.000000,
        "500" : 0.000000,
        "750" : 0.000000,
        "1000" : 0.000000,
        "2000" : 0.000000,
        ">=2000" : 0.000000
      },
      "latency_depth" : 8,
      "latency_target" : 0,
      "latency_percentile" : 100.000000,
      "latency_window" : 0
    }
  ],
  "disk_util" : [
    {
      "name" : "dm-1",
      "read_ios" : 976407,
      "write_ios" : 3787,
      "read_sectors" : 7830168,
      "write_sectors" : 248408,
      "read_merges" : 0,
      "write_merges" : 0,
      "read_ticks" : 57240,
      "write_ticks" : 1256,
      "in_queue" : 58496,
      "util" : 98.618757,
      "aggr_read_ios" : 987455,
      "aggr_write_ios" : 4503,
      "aggr_read_sectors" : 7918552,
      "aggr_write_sectors" : 248408,
      "aggr_read_merges" : 0,
      "aggr_write_merge" : 0,
      "aggr_read_ticks" : 57202,
      "aggr_write_ticks" : 1812,
      "aggr_in_queue" : 59014,
      "aggr_util" : 98.223450
    },
    {
      "name" : "dm-0",
      "read_ios" : 987455,
      "write_ios" : 4503,
      "read_sectors" : 7918552,
      "write_sectors" : 248408,
      "read_merges" : 0,
      "write_merges" : 0,
      "read_ticks" : 57202,
      "write_ticks" : 1812,
      "in_queue" : 59014,
      "util" : 98.223450,
      "aggr_read_ios" : 987215,
      "aggr_write_ios" : 2987,
      "aggr_read_sectors" : 7918552,
      "aggr_write_sectors" : 248408,
      "aggr_read_merges" : 240,
      "aggr_write_merge" : 1516,
      "aggr_read_ticks" : 51039,
      "aggr_write_ticks" : 1482,
      "aggr_in_queue" : 52803,
      "aggr_util" : 67.331228
    },
    {
      "name" : "nvme0n1",
      "read_ios" : 987215,
      "write_ios" : 2987,
      "read_sectors" : 7918552,
      "write_sectors" : 248408,
      "read_merges" : 240,
      "write_merges" : 1516,
      "read_ticks" : 51039,
      "write_ticks" : 1482,
      "in_queue" : 52803,
      "util" : 67.331228
    }
  ]
}
