{
  "fio version" : "fio-3.36",
  "timestamp" : 1783086540,
  "timestamp_ms" : 1783086540582,
  "time" : "Fri Jul  3 15:49:00 2026",
  "jobs" : [
    {
      "jobname" : "sweep",
      "groupid" : 0,
      "job_start" : 1783086530544,
      "error" : 0,
      "eta" : 0,
      "elapsed" : 11,
      "job options" : {
        "name" : "sweep",
        "filename" : "./fio-testfile",
        "rw" : "read",
        "ioengine" : "libaio",
        "iodepth" : "8",
        "bs" : "1M",
        "direct" : "1",
        "runtime" : "10s",
        "loops" : "1000"
      },
      "read" : {
        "io_bytes" : 45280657408,
        "io_kbytes" : 44219392,
        "bw_bytes" : 4527160308,
        "bw" : 4421054,
        "iops" : 4317.436513,
        "runtime" : 10002,
        "total_ios" : 43183,
        "short_ios" : 0,
        "drop_ios" : 0,
        "slat_ns" : {
          "min" : 52589,
          "max" : 1192364,
          "mean" : 72690.807818,
          "stddev" : 16993.119692,
          "N" : 43183
        },
        "clat_ns" : {
          "min" : 634341,
          "max" : 6537513,
          "mean" : 1779403.047357,
          "stddev" : 260223.209842,
          "N" : 43183,
          "percentile" : {
            "1.000000" : 1400832,
            "5.000000" : 1531904,
            "10.000000" : 1581056,
            "20.000000" : 1646592,
            "30.000000" : 1695744,
            "40.000000" : 1728512,
            "50.000000" : 1761280,
            "60.000000" : 1794048,
            "70.000000" : 1826816,
            "80.000000" : 1875968,
            "90.000000" : 1941504,
            "95.000000" : 2023424,
            "99.000000" : 2965504,
            "99.500000" : 3620864,
            "99.900000" : 4882432,
            "99.950000" : 5144576,
            "99.990000" : 5603328
          }
        },
        "lat_ns" : {
          "min" : 715930,
          "max" : 6601432,
          "mean" : 1852093.855174,
          "stddev" : 259833.766469,
          "N" : 43183
        },
        "bw_min" : 4352000,
        "bw_max" : 4472832,
        "bw_agg" : 100.000000,
        "bw_mean" : 4421847.578947,
        "bw_dev" : 32495.899499,
        "bw_samples" : 19,
        "iops_min" : 4250,
        "iops_max" : 4368,
        "iops_mean" : 4318.210526,
        "iops_stddev" : 31.734277,
        "iops_samples" : 19
      },
      "write" : {
        "io_bytes" : 0,
        "io_kbytes" : 0,
        "bw_bytes" : 0,
        "bw" : 0,
        "iops" : 0.000000,
        "runtime" : 0,
        "total_ios" : 0,
        "short_ios" : 0,
        "drop_ios" : 0,
        "slat_ns" : {
          "min" : 0,
          "max" : 0,
          "mean" : 0.000000,
          "stddev" : 0.000000,
          "N" : 0
        },
        "clat_ns" : {
          "min" : 0,
          "max" : 0,
          "mean" : 0.000000,
          "stddev" : 0.000000,
          "N" : 0
        },
        "lat_ns" : {
          "min" : 0,
          "max" : 0,
          "mean" : 0.000000,
          "stddev" : 0.000000,
          "N" : 0
        },
        "bw_min" : 0,
        "bw_max" : 0,
        "bw_agg" : 0.000000,
        "bw_mean" : 0.000000,
        "bw_dev" : 0.000000,
        "bw_samples" : 0,
        "iops_min" : 0,
        "iops_max" : 0,
        "iops_mean" : 0.000000,
        "iops_stddev" : 0.000000,
        "iops_samples" : 0
      },
      "trim" : {
        "io_bytes" : 0,
        "io_kbytes" : 0,
        "bw_bytes" : 0,
        "bw" : 0,
        "iops" : 0.000000,
        "runtime" : 0,
        "total_ios" : 0,
        "short_ios" : 0,
        "drop_ios" : 0,
        "slat_ns" : {
          "min" : 0,
          "max" : 0,
          "mean" : 0.000000,
          "stddev" : 0.000000,
          "N" : 0
        },
        "clat_ns" : {
          "min" : 0,
          "max" : 0,
          "mean" : 0.000000,
          "stddev" : 0.000000,
          "N" : 0
        },
        "lat_ns" : {
          "min" : 0,
          "max" : 0,
          "mean" : 0.000000,
          "stddev" : 0.000000,
          "N" : 0
        },
        "bw_min" : 0,
        "bw_max" : 0,
        "bw_agg" : 0.000000,
        "bw_mean" : 0.000000,
        "bw_dev" : 0.000000,
        "bw_samples" : 0,
        "iops_min" : 0,
        "iops_max" : 0,
        "iops_mean" : 0.000000,
        "iops_stddev" : 0.000000,
        "iops_samples" : 0
      },
      "sync" : {
        "total_ios" : 0,
        "lat_ns" : {
          "min" : 0,
          "max" : 0,
          "mean" : 0.000000,
          "stddev" : 0.000000,
          "N" : 0
        }
      },
      "job_runtime" : 10001,
      "usr_cpu" : 0.659934,
      "sys_cpu" : 32.286771,
      "ctx" : 40657,
      "majf" : 0,
      "minf" : 2060,
      "iodepth_level" : {
        "1" : 0.100000,
        "2" : 0.100000,
        "4" : 0.100000,
        "8" : 99.983790,
        "16" : 0.000000,
        "32" : 0.000000,
        ">=64" : 0.000000
      },
      "iodepth_submit" : {
        "0" : 0.000000,
        "4" : 100.000000,
        "8" : 0.000000,
        "16" : 0.000000,
        "32" : 0.000000,
        "64" : 0.000000,
        ">=64" : 0.000000
      },
      "iodepth_complete" : {
        "0" : 0.000000,
        "4" : 99.997684,
        "8" : 0.100000,
        "16" : 0.000000,
        "32" : 0.000000,
        "64" : 0.000000,
        ">=64" : 0.000000
      },
      "latency_ns" : {
        "2" : 0.000000,
        "4" : 0.000000,
        "10" : 0.000000,
        "20" : 0.000000,
        "50" : 0.000000,
        "100" : 0.000000,
        "250" : 0.000000,
        "500" : 0.000000,
        "750" : 0.000000,
        "1000" : 0.000000
      },
      "latency_us" : {
        "2" : 0.000000,
        "4" : 0.000000,
        "10" : 0.000000,
        "20" : 0.000000,
        "50" : 0.000000,
        "100" : 0.000000,
        "250" : 0.000000,
        "500" : 0.000000,
        "750" : 0.016210,
        "1000" : 0.076419
      },
      "latency_ms" : {
        "2" : 93.636385,
        "4" : 6.037098,
        "10" : 0.233888,
        "20" : 0.000000,
        "50" : 0.000000,
        "100" : 0.000000,
        "250" : 0.000000,
        "500" : 0.000000,
        "750" : 0.000000,
        "1000" : 0.000000,
        "2000" : 0.000000,
        ">=2000" : 0.000000
      },
      "latency_depth" : 8,
      "latency_target" : 0,
      "latency_percentile" : 100.000000,
      "latency_window" : 0
    }
  ],
  "disk_util" : [
    {
      "name" : "dm-1",
      "read_ios" : 127157,
      "write_ios" : 1144,
      "read_sectors" : 87497288,
      "write_sectors" : 15256,
      "read_merges" : 0,
      "write_merges" : 0,
      "read_ticks" : 214921,
      "write_ticks" : 14693,
      "in_queue" : 229614,
      "util" : 99.049144,
      "aggr_read_ios" : 387141,
      "aggr_write_ios" : 1241,
      "aggr_read_sectors" : 88439368,
      "aggr_write_sectors" : 16024,
      "aggr_read_merges" : 0,
      "aggr_write_merge" : 0,
      "aggr_read_ticks" : 630878,
      "aggr_write_ticks" : 15007,
      "aggr_in_queue" : 645885,
      "aggr_util" : 98.943940
    },
    {
      "name" : "dm-0",
      "read_ios" : 387141,
      "write_ios" : 1241,
      "read_sectors" : 88439368,
      "write_sectors" : 16024,
      "read_merges" : 0,
      "write_merges" : 0,
      "read_ticks" : 630878,
      "write_ticks" : 15007,
      "in_queue" : 645885,
      "util" : 98.943940,
      "aggr_read_ios" : 387133,
      "aggr_write_ios" : 561,
      "aggr_read_sectors" : 88439368,
      "aggr_write_sectors" : 16024,
      "aggr_read_merges" : 8,
      "aggr_write_merge" : 680,
      "aggr_read_ticks" : 619285,
      "aggr_write_ticks" : 14765,
      "aggr_in_queue" : 634178,
      "aggr_util" : 79.214370
    },
    {
      "name" : "nvme0n1",
      "read_ios" : 387133,
      "write_ios" : 561,
      "read_sectors" : 88439368,
      "write_sectors" : 16024,
      "read_merges" : 8,
      "write_merges" : 680,
      "read_ticks" : 619285,
      "write_ticks" : 14765,
      "in_queue" : 634178,
      "util" : 79.214370
    }
  ]
}
