{
  "fio version" : "fio-3.41",
  "timestamp" : 1783091490,
  "timestamp_ms" : 1783091490510,
  "time" : "Fri Jul  3 17:11:30 2026",
  "jobs" : [
    {
      "jobname" : "sweep",
      "groupid" : 0,
      "job_start" : 1783091480364,
      "error" : 0,
      "eta" : 0,
      "elapsed" : 11,
      "job options" : {
        "name" : "sweep",
        "filename" : "./fio-testfile",
        "rw" : "read",
        "ioengine" : "libaio",
        "iodepth" : "4",
        "bs" : "64k",
        "direct" : "1",
        "time_based" : "",
        "runtime" : "10s",
        "loops" : "1000",
        "group_reporting" : ""
      },
      "read" : {
        "io_bytes" : 24344068096,
        "io_kbytes" : 23773504,
        "bw_bytes" : 2434163393,
        "bw" : 2377112,
        "iops" : 37142.385761,
        "runtime" : 10001,
        "total_ios" : 371461,
        "short_ios" : 0,
        "drop_ios" : 0,
        "slat_ns" : {
          "min" : 7291,
          "max" : 699803,
          "mean" : 20936.071946,
          "stddev" : 7026.669829,
          "N" : 371461
        },
        "clat_ns" : {
          "min" : 34841,
          "max" : 1345708,
          "mean" : 86159.712406,
          "stddev" : 24807.678850,
          "N" : 371461,
          "percentile" : {
            "1.000000" : 45312,
            "5.000000" : 49920,
            "10.000000" : 54016,
            "20.000000" : 76288,
            "30.000000" : 82432,
            "40.000000" : 85504,
            "50.000000" : 87552,
            "60.000000" : 89600,
            "70.000000" : 91648,
            "80.000000" : 94720,
            "90.000000" : 100864,
            "95.000000" : 110080,
            "99.000000" : 158720,
            "99.500000" : 179200,
            "99.900000" : 313344,
            "99.950000" : 403456,
            "99.990000" : 782336
          }
        },
        "lat_ns" : {
          "min" : 48584,
          "max" : 1428162,
          "mean" : 107095.784352,
          "stddev" : 28291.082267,
          "N" : 371461
        },
        "bw_min" : 2001152,
        "bw_max" : 2763136,
        "bw_agg" : 99.991263,
        "bw_mean" : 2376906.000000,
        "bw_dev" : 223052.129414,
        "bw_samples" : 20,
        "iops_min" : 31268,
        "iops_max" : 43174,
        "iops_mean" : 37139.100000,
        "iops_stddev" : 3485.231985,
        "iops_samples" : 20
      },
      "write" : {
        "io_bytes" : 0,
        "io_kbytes" : 0,
        "bw_bytes" : 0,
        "bw" : 0,
        "iops" : 0.000000,
        "runtime" : 0,
        "total_ios" : 0,
        "short_ios" : 0,
        "drop_ios" : 0,
        "slat_ns" : {
          "min" : 0,
          "max" : 0,
          "mean" : 0.000000,
          "stddev" : 0.000000,
          "N" : 0
        },
        "clat_ns" : {
          "min" : 0,
          "max" : 0,
          "mean" : 0.000000,
          "stddev" : 0.000000,
          "N" : 0
        },
        "lat_ns" : {
          "min" : 0,
          "max" : 0,
          "mean" : 0.000000,
          "stddev" : 0.000000,
          "N" : 0
        },
        "bw_min" : 0,
        "bw_max" : 0,
        "bw_agg" : 0.000000,
        "bw_mean" : 0.000000,
        "bw_dev" : 0.000000,
        "bw_samples" : 0,
        "iops_min" : 0,
        "iops_max" : 0,
        "iops_mean" : 0.000000,
        "iops_stddev" : 0.000000,
        "iops_samples" : 0
      },
      "trim" : {
        "io_bytes" : 0,
        "io_kbytes" : 0,
        "bw_bytes" : 0,
        "bw" : 0,
        "iops" : 0.000000,
        "runtime" : 0,
        "total_ios" : 0,
        "short_ios" : 0,
        "drop_ios" : 0,
        "slat_ns" : {
          "min" : 0,
          "max" : 0,
          "mean" : 0.000000,
          "stddev" : 0.000000,
          "N" : 0
        },
        "clat_ns" : {
          "min" : 0,
          "max" : 0,
          "mean" : 0.000000,
          "stddev" : 0.000000,
          "N" : 0
        },
        "lat_ns" : {
          "min" : 0,
          "max" : 0,
          "mean" : 0.000000,
          "stddev" : 0.000000,
          "N" : 0
        },
        "bw_min" : 0,
        "bw_max" : 0,
        "bw_agg" : 0.000000,
        "bw_mean" : 0.000000,
        "bw_dev" : 0.000000,
        "bw_samples" : 0,
        "iops_min" : 0,
        "iops_max" : 0,
        "iops_mean" : 0.000000,
        "iops_stddev" : 0.000000,
        "iops_samples" : 0
      },
      "sync" : {
        "total_ios" : 0,
        "lat_ns" : {
          "min" : 0,
          "max" : 0,
          "mean" : 0.000000,
          "stddev" : 0.000000,
          "N" : 0
        }
      },
      "job_runtime" : 10000,
      "usr_cpu" : 5.680000,
      "sys_cpu" : 83.620000,
      "ctx" : 105436,
      "majf" : 0,
      "minf" : 76,
      "iodepth_level" : {
        "1" : 0.100000,
        "2" : 0.100000,
        "4" : 99.999192,
        "8" : 0.000000,
        "16" : 0.000000,
        "32" : 0.000000,
        ">=64" : 0.000000
      },
      "iodepth_submit" : {
        "0" : 0.000000,
        "4" : 100.000000,
        "8" : 0.000000,
        "16" : 0.000000,
        "32" : 0.000000,
        "64" : 0.000000,
        ">=64" : 0.000000
      },
      "iodepth_complete" : {
        "0" : 0.000000,
        "4" : 100.000000,
        "8" : 0.000000,
        "16" : 0.000000,
        "32" : 0.000000,
        "64" : 0.000000,
        ">=64" : 0.000000
      },
      "latency_ns" : {
        "2" : 0.000000,
        "4" : 0.000000,
        "10" : 0.000000,
        "20" : 0.000000,
        "50" : 0.000000,
        "100" : 0.000000,
        "250" : 0.000000,
        "500" : 0.000000,
        "750" : 0.000000,
        "1000" : 0.000000
      },
      "latency_us" : {
        "2" : 0.000000,
        "4" : 0.000000,
        "10" : 0.000000,
        "20" : 0.000000,
        "50" : 4.977912,
        "100" : 83.800184,
        "250" : 11.031037,
        "500" : 0.161524,
        "750" : 0.014806,
        "1000" : 0.010499
      },
      "latency_ms" : {
        "2" : 0.010000,
        "4" : 0.000000,
        "10" : 0.000000,
        "20" : 0.000000,
        "50" : 0.000000,
        "100" : 0.000000,
        "250" : 0.000000,
        "500" : 0.000000,
        "750" : 0.000000,
        "1000" : 0.000000,
        "2000" : 0.000000,
        ">=2000" : 0.000000
      },
      "latency_depth" : 4,
      "latency_target" : 0,
      "latency_percentile" : 100.000000,
      "latency_window" : 0
    }
  ],
  "disk_util" : [
    {
      "name" : "dm-1",
      "read_ios" : 367732,
      "write_ios" : 796,
      "read_sectors" : 47069760,
      "write_sectors" : 7576,
      "read_merges" : 0,
      "write_merges" : 0,
      "read_ticks" : 33196,
      "write_ticks" : 103,
      "in_queue" : 33299,
      "util" : 99.028543,
      "aggr_read_ios" : 371462,
      "aggr_write_ios" : 843,
      "aggr_read_sectors" : 47547200,
      "aggr_write_sectors" : 7576,
      "aggr_read_merges" : 0,
      "aggr_write_merge" : 0,
      "aggr_read_ticks" : 33205,
      "aggr_write_ticks" : 102,
      "aggr_in_queue" : 33307,
      "aggr_util" : 98.598638
    },
    {
      "name" : "dm-0",
      "read_ios" : 371462,
      "write_ios" : 843,
      "read_sectors" : 47547200,
      "write_sectors" : 7576,
      "read_merges" : 0,
      "write_merges" : 0,
      "read_ticks" : 33205,
      "write_ticks" : 102,
      "in_queue" : 33307,
      "util" : 98.598638,
      "aggr_read_ios" : 371462,
      "aggr_write_ios" : 486,
      "aggr_read_sectors" : 47547200,
      "aggr_write_sectors" : 7576,
      "aggr_read_merges" : 0,
      "aggr_write_merge" : 357,
      "aggr_read_ticks" : 13051,
      "aggr_write_ticks" : 41,
      "aggr_in_queue" : 13106,
      "aggr_util" : 63.574460
    },
    {
      "name" : "nvme0n1",
      "read_ios" : 371462,
      "write_ios" : 486,
      "read_sectors" : 47547200,
      "write_sectors" : 7576,
      "read_merges" : 0,
      "write_merges" : 357,
      "read_ticks" : 13051,
      "write_ticks" : 41,
      "in_queue" : 13106,