{
  "fio version" : "fio-3.36",
  "timestamp" : 1783086458,
  "timestamp_ms" : 1783086458244,
  "time" : "Fri Jul  3 15:47:38 2026",
  "jobs" : [
    {
      "jobname" : "sweep",
      "groupid" : 0,
      "job_start" : 1783086448200,
      "error" : 0,
      "eta" : 0,
      "elapsed" : 11,
      "job options" : {
        "name" : "sweep",
        "filename" : "./fio-testfile",
        "rw" : "read",
        "ioengine" : "libaio",
        "iodepth" : "1",
        "bs" : "256k",
        "direct" : "1",
        "runtime" : "10s",
        "loops" : "1000"
      },
      "read" : {
        "io_bytes" : 6255804416,
        "io_kbytes" : 6109184,
        "bw_bytes" : 625517889,
        "bw" : 610857,
        "iops" : 2386.161384,
        "runtime" : 10001,
        "total_ios" : 23864,
        "short_ios" : 0,
        "drop_ios" : 0,
        "slat_ns" : {
          "min" : 14569,
          "max" : 338446,
          "mean" : 22270.194100,
          "stddev" : 6063.584139,
          "N" : 23864
        },
        "clat_ns" : {
          "min" : 202308,
          "max" : 8028824,
          "mean" : 396188.547645,
          "stddev" : 368762.058845,
          "N" : 23864,
          "percentile" : {
            "1.000000" : 242688,
            "5.000000" : 264192,
            "10.000000" : 276480,
            "20.000000" : 292864,
            "30.000000" : 301056,
            "40.000000" : 309248,
            "50.000000" : 321536,
            "60.000000" : 329728,
            "70.000000" : 342016,
            "80.000000" : 354304,
            "90.000000" : 395264,
            "95.000000" : 667648,
            "99.000000" : 2211840,
            "99.500000" : 2572288,
            "99.900000" : 4227072,
            "99.950000" : 4816896,
            "99.990000" : 6848512
          }
        },
        "lat_ns" : {
          "min" : 220727,
          "max" : 8065794,
          "mean" : 418458.741745,
          "stddev" : 369397.427467,
          "N" : 23864
        },
        "bw_min" : 271872,
        "bw_max" : 734208,
        "bw_agg" : 99.556474,
        "bw_mean" : 608148.210526,
        "bw_dev" : 135848.048639,
        "bw_samples" : 19,
        "iops_min" : 1062,
        "iops_max" : 2868,
        "iops_mean" : 2375.578947,
        "iops_stddev" : 530.656440,
        "iops_samples" : 19
      },
      "write" : {
        "io_bytes" : 0,
        "io_kbytes" : 0,
        "bw_bytes" : 0,
        "bw" : 0,
        "iops" : 0.000000,
        "runtime" : 0,
        "total_ios" : 0,
        "short_ios" : 0,
        "drop_ios" : 0,
        "slat_ns" : {
          "min" : 0,
          "max" : 0,
          "mean" : 0.000000,
          "stddev" : 0.000000,
          "N" : 0
        },
        "clat_ns" : {
          "min" : 0,
          "max" : 0,
          "mean" : 0.000000,
          "stddev" : 0.000000,
          "N" : 0
        },
        "lat_ns" : {
          "min" : 0,
          "max" : 0,
          "mean" : 0.000000,
          "stddev" : 0.000000,
          "N" : 0
        },
        "bw_min" : 0,
        "bw_max" : 0,
        "bw_agg" : 0.000000,
        "bw_mean" : 0.000000,
        "bw_dev" : 0.000000,
        "bw_samples" : 0,
        "iops_min" : 0,
        "iops_max" : 0,
        "iops_mean" : 0.000000,
        "iops_stddev" : 0.000000,
        "iops_samples" : 0
      },
      "trim" : {
        "io_bytes" : 0,
        "io_kbytes" : 0,
        "bw_bytes" : 0,
        "bw" : 0,
        "iops" : 0.000000,
        "runtime" : 0,
        "total_ios" : 0,
        "short_ios" : 0,
        "drop_ios" : 0,
        "slat_ns" : {
          "min" : 0,
          "max" : 0,
          "mean" : 0.000000,
          "stddev" : 0.000000,
          "N" : 0
        },
        "clat_ns" : {
          "min" : 0,
          "max" : 0,
          "mean" : 0.000000,
          "stddev" : 0.000000,
          "N" : 0
        },
        "lat_ns" : {
          "min" : 0,
          "max" : 0,
          "mean" : 0.000000,
          "stddev" : 0.000000,
          "N" : 0
        },
        "bw_min" : 0,
        "bw_max" : 0,
        "bw_agg" : 0.000000,
        "bw_mean" : 0.000000,
        "bw_dev" : 0.000000,
        "bw_samples" : 0,
        "iops_min" : 0,
        "iops_max" : 0,
        "iops_mean" : 0.000000,
        "iops_stddev" : 0.000000,
        "iops_samples" : 0
      },
      "sync" : {
        "total_ios" : 0,
        "lat_ns" : {
          "min" : 0,
          "max" : 0,
          "mean" : 0.000000,
          "stddev" : 0.000000,
          "N" : 0
        }
      },
      "job_runtime" : 10000,
      "usr_cpu" : 0.370000,
      "sys_cpu" : 6.110000,
      "ctx" : 24152,
      "majf" : 0,
      "minf" : 78,
      "iodepth_level" : {
        "1" : 100.000000,
        "2" : 0.000000,
        "4" : 0.000000,
        "8" : 0.000000,
        "16" : 0.000000,
        "32" : 0.000000,
        ">=64" : 0.000000
      },
      "iodepth_submit" : {
        "0" : 0.000000,
        "4" : 100.000000,
        "8" : 0.000000,
        "16" : 0.000000,
        "32" : 0.000000,
        "64" : 0.000000,
        ">=64" : 0.000000
      },
      "iodepth_complete" : {
        "0" : 0.000000,
        "4" : 100.000000,
        "8" : 0.000000,
        "16" : 0.000000,
        "32" : 0.000000,
        "64" : 0.000000,
        ">=64" : 0.000000
      },
      "latency_ns" : {
        "2" : 0.000000,
        "4" : 0.000000,
        "10" : 0.000000,
        "20" : 0.000000,
        "50" : 0.000000,
        "100" : 0.000000,
        "250" : 0.000000,
        "500" : 0.000000,
        "750" : 0.000000,
        "1000" : 0.000000
      },
      "latency_us" : {
        "2" : 0.000000,
        "4" : 0.000000,
        "10" : 0.000000,
        "20" : 0.000000,
        "50" : 0.000000,
        "100" : 0.000000,
        "250" : 1.772544,
        "500" : 91.476701,
        "750" : 2.212538,
        "1000" : 0.469326
      },
      "latency_ms" : {
        "2" : 2.673483,
        "4" : 1.257124,
        "10" : 0.138284,
        "20" : 0.000000,
        "50" : 0.000000,
        "100" : 0.000000,
        "250" : 0.000000,
        "500" : 0.000000,
        "750" : 0.000000,
        "1000" : 0.000000,
        "2000" : 0.000000,
        ">=2000" : 0.000000
      },
      "latency_depth" : 1,
      "latency_target" : 0,
      "latency_percentile" : 100.000000,
      "latency_window" : 0
    }
  ],
  "disk_util" : [
    {
      "name" : "dm-1",
      "read_ios" : 35189,
      "write_ios" : 2947,
      "read_sectors" : 12072440,
      "write_sectors" : 234208,
      "read_merges" : 0,
      "write_merges" : 0,
      "read_ticks" : 12739,
      "write_ticks" : 15209,
      "in_queue" : 27948,
      "util" : 96.687018,
      "aggr_read_ios" : 57089,
      "aggr_write_ios" : 3608,
      "aggr_read_sectors" : 12222456,
      "aggr_write_sectors" : 234216,
      "aggr_read_merges" : 0,
      "aggr_write_merge" : 0,
      "aggr_read_ticks" : 19400,
      "aggr_write_ticks" : 22310,
      "aggr_in_queue" : 41710,
      "aggr_util" : 96.133741
    },
    {
      "name" : "dm-0",
      "read_ios" : 57089,
      "write_ios" : 3608,
      "read_sectors" : 12222456,
      "write_sectors" : 234216,
      "read_merges" : 0,
      "write_merges" : 0,
      "read_ticks" : 19400,
      "write_ticks" : 22310,
      "in_queue" : 41710,
      "util" : 96.133741,
      "aggr_read_ios" : 57061,
      "aggr_write_ios" : 2524,
      "aggr_read_sectors" : 12222456,
      "aggr_write_sectors" : 234216,
      "aggr_read_merges" : 28,
      "aggr_write_merge" : 1084,
      "aggr_read_ticks" : 16976,
      "aggr_write_ticks" : 21997,
      "aggr_in_queue" : 39274,
      "aggr_util" : 84.367295
    },
    {
      "name" : "nvme0n1",
      "read_ios" : 57061,
      "write_ios" : 2524,
      "read_sectors" : 12222456,
      "write_sectors" : 234216,
      "read_merges" : 28,
      "write_merges" : 1084,
      "read_ticks" : 16976,
      "write_ticks" : 21997,
      "in_queue" : 39274,
      "util" : 84.367295
    }
  ]
}
