{
  "fio version" : "fio-3.36",
  "timestamp" : 1783509092,
  "timestamp_ms" : 1783509092472,
  "time" : "Wed Jul  8 13:11:32 2026",
  "jobs" : [
    {
      "jobname" : "sweep",
      "groupid" : 0,
      "job_start" : 1783509089744,
      "error" : 0,
      "eta" : 0,
      "elapsed" : 3,
      "job options" : {
        "name" : "sweep",
        "filename" : "./fio-testfile",
        "rw" : "read",
        "ioengine" : "libaio",
        "iodepth" : "32",
        "bs" : "1M",
        "direct" : "1"
      },
      "read" : {
        "io_bytes" : 8589934592,
        "io_kbytes" : 8388608,
        "bw_bytes" : 3195660190,
        "bw" : 3120761,
        "iops" : 3047.619048,
        "runtime" : 2688,
        "total_ios" : 8192,
        "short_ios" : 0,
        "drop_ios" : 0,
        "slat_ns" : {
          "min" : 53738,
          "max" : 20331170,
          "mean" : 168624.134399,
          "stddev" : 932025.830231,
          "N" : 8192
        },
        "clat_ns" : {
          "min" : 1964148,
          "max" : 30110454,
          "mean" : 10303400.726318,
          "stddev" : 5608401.768460,
          "N" : 8192,
          "percentile" : {
            "1.000000" : 2113536,
            "5.000000" : 2605056,
            "10.000000" : 3719168,
            "20.000000" : 5013504,
            "30.000000" : 6193152,
            "40.000000" : 7897088,
            "50.000000" : 9633792,
            "60.000000" : 11337728,
            "70.000000" : 13172736,
            "80.000000" : 15138816,
            "90.000000" : 18219008,
            "95.000000" : 20316160,
            "99.000000" : 25559040,
            "99.500000" : 26869760,
            "99.900000" : 29229056,
            "99.950000" : 29491200,
            "99.990000" : 30015488
          }
        },
        "lat_ns" : {
          "min" : 2045566,
          "max" : 30169102,
          "mean" : 10472024.860718,
          "stddev" : 5555462.861913,
          "N" : 8192
        },
        "bw_min" : 2926592,
        "bw_max" : 3278848,
        "bw_agg" : 100.000000,
        "bw_mean" : 3126067.200000,
        "bw_dev" : 139200.738573,
        "bw_samples" : 5,
        "iops_min" : 2858,
        "iops_max" : 3202,
        "iops_mean" : 3052.800000,
        "iops_stddev" : 135.938221,
        "iops_samples" : 5
      },
      "write" : {
        "io_bytes" : 0,
        "io_kbytes" : 0,
        "bw_bytes" : 0,
        "bw" : 0,
        "iops" : 0.000000,
        "runtime" : 0,
        "total_ios" : 0,
        "short_ios" : 0,
        "drop_ios" : 0,
        "slat_ns" : {
          "min" : 0,
          "max" : 0,
          "mean" : 0.000000,
          "stddev" : 0.000000,
          "N" : 0
        },
        "clat_ns" : {
          "min" : 0,
          "max" : 0,
          "mean" : 0.000000,
          "stddev" : 0.000000,
          "N" : 0
        },
        "lat_ns" : {
          "min" : 0,
          "max" : 0,
          "mean" : 0.000000,
          "stddev" : 0.000000,
          "N" : 0
        },
        "bw_min" : 0,
        "bw_max" : 0,
        "bw_agg" : 0.000000,
        "bw_mean" : 0.000000,
        "bw_dev" : 0.000000,
        "bw_samples" : 0,
        "iops_min" : 0,
        "iops_max" : 0,
        "iops_mean" : 0.000000,
        "iops_stddev" : 0.000000,
        "iops_samples" : 0
      },
      "trim" : {
        "io_bytes" : 0,
        "io_kbytes" : 0,
        "bw_bytes" : 0,
        "bw" : 0,
        "iops" : 0.000000,
        "runtime" : 0,
        "total_ios" : 0,
        "short_ios" : 0,
        "drop_ios" : 0,
        "slat_ns" : {
          "min" : 0,
          "max" : 0,
          "mean" : 0.000000,
          "stddev" : 0.000000,
          "N" : 0
        },
        "clat_ns" : {
          "min" : 0,
          "max" : 0,
          "mean" : 0.000000,
          "stddev" : 0.000000,
          "N" : 0
        },
        "lat_ns" : {
          "min" : 0,
          "max" : 0,
          "mean" : 0.000000,
          "stddev" : 0.000000,
          "N" : 0
        },
        "bw_min" : 0,
        "bw_max" : 0,
        "bw_agg" : 0.000000,
        "bw_mean" : 0.000000,
        "bw_dev" : 0.000000,
        "bw_samples" : 0,
        "iops_min" : 0,
        "iops_max" : 0,
        "iops_mean" : 0.000000,
        "iops_stddev" : 0.000000,
        "iops_samples" : 0
      },
      "sync" : {
        "total_ios" : 0,
        "lat_ns" : {
          "min" : 0,
          "max" : 0,
          "mean" : 0.000000,
          "stddev" : 0.000000,
          "N" : 0
        }
      },
      "job_runtime" : 2687,
      "usr_cpu" : 0.409378,
      "sys_cpu" : 22.850763,
      "ctx" : 5227,
      "majf" : 0,
      "minf" : 8204,
      "iodepth_level" : {
        "1" : 0.100000,
        "2" : 0.100000,
        "4" : 0.100000,
        "8" : 0.100000,
        "16" : 0.195312,
        "32" : 99.621582,
        ">=64" : 0.000000
      },
      "iodepth_submit" : {
        "0" : 0.000000,
        "4" : 100.000000,
        "8" : 0.000000,
        "16" : 0.000000,
        "32" : 0.000000,
        "64" : 0.000000,
        ">=64" : 0.000000
      },
      "iodepth_complete" : {
        "0" : 0.000000,
        "4" : 99.987748,
        "8" : 0.000000,
        "16" : 0.000000,
        "32" : 0.100000,
        "64" : 0.000000,
        ">=64" : 0.000000
      },
      "latency_ns" : {
        "2" : 0.000000,
        "4" : 0.000000,
        "10" : 0.000000,
        "20" : 0.000000,
        "50" : 0.000000,
        "100" : 0.000000,
        "250" : 0.000000,
        "500" : 0.000000,
        "750" : 0.000000,
        "1000" : 0.000000
      },
      "latency_us" : {
        "2" : 0.000000,
        "4" : 0.000000,
        "10" : 0.000000,
        "20" : 0.000000,
        "50" : 0.000000,
        "100" : 0.000000,
        "250" : 0.000000,
        "500" : 0.000000,
        "750" : 0.000000,
        "1000" : 0.000000
      },
      "latency_ms" : {
        "2" : 0.085449,
        "4" : 11.962891,
        "10" : 39.782715,
        "20" : 42.810059,
        "50" : 5.358887,
        "100" : 0.000000,
        "250" : 0.000000,
        "500" : 0.000000,
        "750" : 0.000000,
        "1000" : 0.000000,
        "2000" : 0.000000,
        ">=2000" : 0.000000
      },
      "latency_depth" : 32,
      "latency_target" : 0,
      "latency_percentile" : 100.000000,
      "latency_window" : 0
    }
  ],
  "disk_util" : [
    {
      "name" : "dm-1",
      "read_ios" : 28686,
      "write_ios" : 731,
      "read_sectors" : 16574784,
      "write_sectors" : 54408,
      "read_merges" : 0,
      "write_merges" : 0,
      "read_ticks" : 215225,
      "write_ticks" : 2846,
      "in_queue" : 218071,
      "util" : 98.613645,
      "aggr_read_ios" : 78501,
      "aggr_write_ios" : 888,
      "aggr_read_sectors" : 16871704,
      "aggr_write_sectors" : 54408,
      "aggr_read_merges" : 0,
      "aggr_write_merge" : 0,
      "aggr_read_ticks" : 630012,
      "aggr_write_ticks" : 3749,
      "aggr_in_queue" : 633761,
      "aggr_util" : 97.629158
    },
    {
      "name" : "dm-0",
      "read_ios" : 78501,
      "write_ios" : 888,
      "read_sectors" : 16871704,
      "write_sectors" : 54408,
      "read_merges" : 0,
      "write_merges" : 0,
      "read_ticks" : 630012,
      "write_ticks" : 3749,
      "in_queue" : 633761,
      "util" : 97.629158,
      "aggr_read_ios" : 74931,
      "aggr_write_ios" : 635,
      "aggr_read_sectors" : 16871704,
      "aggr_write_sectors" : 54408,
      "aggr_read_merges" : 3570,
      "aggr_write_merge" : 253,
      "aggr_read_ticks" : 620736,
      "aggr_write_ticks" : 2684,
      "aggr_in_queue" : 623658,
      "aggr_util" : 80.467091
    },
    {
      "name" : "nvme0n1",
      "read_ios" : 74931,
      "write_ios" : 635,
      "read_sectors" : 16871704,
      "write_sectors" : 54408,
      "read_merges" : 3570,
      "write_merges" : 253,
      "read_ticks" : 620736,
      "write_ticks" : 2684,
      "in_queue" : 623658,
      "util" : 80.467091
    }
  ]
}
