{
  "fio version" : "fio-3.36",
  "timestamp" : 1783086602,
  "timestamp_ms" : 1783086602384,
  "time" : "Fri Jul  3 15:50:02 2026",
  "jobs" : [
    {
      "jobname" : "sweep",
      "groupid" : 0,
      "job_start" : 1783086592345,
      "error" : 0,
      "eta" : 0,
      "elapsed" : 11,
      "job options" : {
        "name" : "sweep",
        "filename" : "./fio-testfile",
        "rw" : "read",
        "ioengine" : "libaio",
        "iodepth" : "8",
        "bs" : "4M",
        "direct" : "1",
        "runtime" : "10s",
        "loops" : "1000"
      },
      "read" : {
        "io_bytes" : 45109739520,
        "io_kbytes" : 44052480,
        "bw_bytes" : 4507818479,
        "bw" : 4402166,
        "iops" : 1074.747677,
        "runtime" : 10007,
        "total_ios" : 10755,
        "short_ios" : 0,
        "drop_ios" : 0,
        "slat_ns" : {
          "min" : 212237,
          "max" : 2008814,
          "mean" : 289087.528777,
          "stddev" : 69374.995860,
          "N" : 10755
        },
        "clat_ns" : {
          "min" : 2288210,
          "max" : 21081430,
          "mean" : 7148083.990144,
          "stddev" : 2207967.584992,
          "N" : 10755,
          "percentile" : {
            "1.000000" : 3096576,
            "5.000000" : 3751936,
            "10.000000" : 4358144,
            "20.000000" : 5341184,
            "30.000000" : 5996544,
            "40.000000" : 6455296,
            "50.000000" : 6914048,
            "60.000000" : 7372800,
            "70.000000" : 8093696,
            "80.000000" : 8847360,
            "90.000000" : 10027008,
            "95.000000" : 11075584,
            "99.000000" : 13303808,
            "99.500000" : 14090240,
            "99.900000" : 16187392,
            "99.950000" : 17170432,
            "99.990000" : 18743296
          }
        },
        "lat_ns" : {
          "min" : 2673114,
          "max" : 21416025,
          "mean" : 7437171.518921,
          "stddev" : 2205223.821648,
          "N" : 10755
        },
        "bw_min" : 4284416,
        "bw_max" : 4464640,
        "bw_agg" : 100.000000,
        "bw_mean" : 4402380.800000,
        "bw_dev" : 46218.839259,
        "bw_samples" : 20,
        "iops_min" : 1046,
        "iops_max" : 1090,
        "iops_mean" : 1074.800000,
        "iops_stddev" : 11.283896,
        "iops_samples" : 20
      },
      "write" : {
        "io_bytes" : 0,
        "io_kbytes" : 0,
        "bw_bytes" : 0,
        "bw" : 0,
        "iops" : 0.000000,
        "runtime" : 0,
        "total_ios" : 0,
        "short_ios" : 0,
        "drop_ios" : 0,
        "slat_ns" : {
          "min" : 0,
          "max" : 0,
          "mean" : 0.000000,
          "stddev" : 0.000000,
          "N" : 0
        },
        "clat_ns" : {
          "min" : 0,
          "max" : 0,
          "mean" : 0.000000,
          "stddev" : 0.000000,
          "N" : 0
        },
        "lat_ns" : {
          "min" : 0,
          "max" : 0,
          "mean" : 0.000000,
          "stddev" : 0.000000,
          "N" : 0
        },
        "bw_min" : 0,
        "bw_max" : 0,
        "bw_agg" : 0.000000,
        "bw_mean" : 0.000000,
        "bw_dev" : 0.000000,
        "bw_samples" : 0,
        "iops_min" : 0,
        "iops_max" : 0,
        "iops_mean" : 0.000000,
        "iops_stddev" : 0.000000,
        "iops_samples" : 0
      },
      "trim" : {
        "io_bytes" : 0,
        "io_kbytes" : 0,
        "bw_bytes" : 0,
        "bw" : 0,
        "iops" : 0.000000,
        "runtime" : 0,
        "total_ios" : 0,
        "short_ios" : 0,
        "drop_ios" : 0,
        "slat_ns" : {
          "min" : 0,
          "max" : 0,
          "mean" : 0.000000,
          "stddev" : 0.000000,
          "N" : 0
        },
        "clat_ns" : {
          "min" : 0,
          "max" : 0,
          "mean" : 0.000000,
          "stddev" : 0.000000,
          "N" : 0
        },
        "lat_ns" : {
          "min" : 0,
          "max" : 0,
          "mean" : 0.000000,
          "stddev" : 0.000000,
          "N" : 0
        },
        "bw_min" : 0,
        "bw_max" : 0,
        "bw_agg" : 0.000000,
        "bw_mean" : 0.000000,
        "bw_dev" : 0.000000,
        "bw_samples" : 0,
        "iops_min" : 0,
        "iops_max" : 0,
        "iops_mean" : 0.000000,
        "iops_stddev" : 0.000000,
        "iops_samples" : 0
      },
      "sync" : {
        "total_ios" : 0,
        "lat_ns" : {
          "min" : 0,
          "max" : 0,
          "mean" : 0.000000,
          "stddev" : 0.000000,
          "N" : 0
        }
      },
      "job_runtime" : 10006,
      "usr_cpu" : 0.299820,
      "sys_cpu" : 30.871477,
      "ctx" : 10895,
      "majf" : 0,
      "minf" : 8205,
      "iodepth_level" : {
        "1" : 0.100000,
        "2" : 0.100000,
        "4" : 0.100000,
        "8" : 99.934914,
        "16" : 0.000000,
        "32" : 0.000000,
        ">=64" : 0.000000
      },
      "iodepth_submit" : {
        "0" : 0.000000,
        "4" : 100.000000,
        "8" : 0.000000,
        "16" : 0.000000,
        "32" : 0.000000,
        "64" : 0.000000,
        ">=64" : 0.000000
      },
      "iodepth_complete" : {
        "0" : 0.000000,
        "4" : 99.990697,
        "8" : 0.100000,
        "16" : 0.000000,
        "32" : 0.000000,
        "64" : 0.000000,
        ">=64" : 0.000000
      },
      "latency_ns" : {
        "2" : 0.000000,
        "4" : 0.000000,
        "10" : 0.000000,
        "20" : 0.000000,
        "50" : 0.000000,
        "100" : 0.000000,
        "250" : 0.000000,
        "500" : 0.000000,
        "750" : 0.000000,
        "1000" : 0.000000
      },
      "latency_us" : {
        "2" : 0.000000,
        "4" : 0.000000,
        "10" : 0.000000,
        "20" : 0.000000,
        "50" : 0.000000,
        "100" : 0.000000,
        "250" : 0.000000,
        "500" : 0.000000,
        "750" : 0.000000,
        "1000" : 0.000000
      },
      "latency_ms" : {
        "2" : 0.000000,
        "4" : 6.806137,
        "10" : 82.835890,
        "20" : 10.348675,
        "50" : 0.010000,
        "100" : 0.000000,
        "250" : 0.000000,
        "500" : 0.000000,
        "750" : 0.000000,
        "1000" : 0.000000,
        "2000" : 0.000000,
        ">=2000" : 0.000000
      },
      "latency_depth" : 8,
      "latency_target" : 0,
      "latency_percentile" : 100.000000,
      "latency_window" : 0
    }
  ],
  "disk_util" : [
    {
      "name" : "dm-1",
      "read_ios" : 106116,
      "write_ios" : 1240,
      "read_sectors" : 87184712,
      "write_sectors" : 15600,
      "read_merges" : 0,
      "write_merges" : 0,
      "read_ticks" : 685297,
      "write_ticks" : 20726,
      "in_queue" : 706023,
      "util" : 99.049049,
      "aggr_read_ios" : 370627,
      "aggr_write_ios" : 1442,
      "aggr_read_sectors" : 88108400,
      "aggr_write_sectors" : 17984,
      "aggr_read_merges" : 0,
      "aggr_write_merge" : 0,
      "aggr_read_ticks" : 2296552,
      "aggr_write_ticks" : 21469,
      "aggr_in_queue" : 2318021,
      "aggr_util" : 99.062562
    },
    {
      "name" : "dm-0",
      "read_ios" : 370627,
      "write_ios" : 1442,
      "read_sectors" : 88108400,
      "write_sectors" : 17984,
      "read_merges" : 0,
      "write_merges" : 0,
      "read_ticks" : 2296552,
      "write_ticks" : 21469,
      "in_queue" : 2318021,
      "util" : 99.062562,
      "aggr_read_ios" : 370580,
      "aggr_write_ios" : 876,
      "aggr_read_sectors" : 88108408,
      "aggr_write_sectors" : 17984,
      "aggr_read_merges" : 48,
      "aggr_write_merge" : 566,
      "aggr_read_ticks" : 2308323,
      "aggr_write_ticks" : 17008,
      "aggr_in_queue" : 2325648,
      "aggr_util" : 84.703444
    },
    {
      "name" : "nvme0n1",
      "read_ios" : 370580,
      "write_ios" : 876,
      "read_sectors" : 88108408,
      "write_sectors" : 17984,
      "read_merges" : 48,
      "write_merges" : 566,
      "read_ticks" : 2308323,
      "write_ticks" : 17008,
      "in_queue" : 2325648,