{
  "fio version" : "fio-3.36",
  "timestamp" : 1783086427,
  "timestamp_ms" : 1783086427354,
  "time" : "Fri Jul  3 15:47:07 2026",
  "jobs" : [
    {
      "jobname" : "sweep",
      "groupid" : 0,
      "job_start" : 1783086417315,
      "error" : 0,
      "eta" : 0,
      "elapsed" : 11,
      "job options" : {
        "name" : "sweep",
        "filename" : "./fio-testfile",
        "rw" : "read",
        "ioengine" : "libaio",
        "iodepth" : "16",
        "bs" : "64k",
        "direct" : "1",
        "runtime" : "10s",
        "loops" : "1000"
      },
      "read" : {
        "io_bytes" : 29603463168,
        "io_kbytes" : 28909632,
        "bw_bytes" : 2960050311,
        "bw" : 2890674,
        "iops" : 45166.783322,
        "runtime" : 10001,
        "total_ios" : 451713,
        "short_ios" : 0,
        "drop_ios" : 0,
        "slat_ns" : {
          "min" : 5420,
          "max" : 2576926,
          "mean" : 8147.873092,
          "stddev" : 8158.929612,
          "N" : 451713
        },
        "clat_ns" : {
          "min" : 100099,
          "max" : 11258972,
          "mean" : 345802.957358,
          "stddev" : 323514.341074,
          "N" : 451713,
          "percentile" : {
            "1.000000" : 171008,
            "5.000000" : 193536,
            "10.000000" : 211968,
            "20.000000" : 240640,
            "30.000000" : 264192,
            "40.000000" : 280576,
            "50.000000" : 296960,
            "60.000000" : 317440,
            "70.000000" : 337920,
            "80.000000" : 370688,
            "90.000000" : 423936,
            "95.000000" : 497664,
            "99.000000" : 1728512,
            "99.500000" : 2310144,
            "99.900000" : 4947968,
            "99.950000" : 5865472,
            "99.990000" : 8585216
          }
        },
        "lat_ns" : {
          "min" : 132209,
          "max" : 11269372,
          "mean" : 353950.830450,
          "stddev" : 323706.146210,
          "N" : 451713
        },
        "bw_min" : 2281600,
        "bw_max" : 3300736,
        "bw_agg" : 99.891751,
        "bw_mean" : 2887545.263158,
        "bw_dev" : 313812.893828,
        "bw_samples" : 19,
        "iops_min" : 35650,
        "iops_max" : 51574,
        "iops_mean" : 45117.894737,
        "iops_stddev" : 4903.326466,
        "iops_samples" : 19
      },
      "write" : {
        "io_bytes" : 0,
        "io_kbytes" : 0,
        "bw_bytes" : 0,
        "bw" : 0,
        "iops" : 0.000000,
        "runtime" : 0,
        "total_ios" : 0,
        "short_ios" : 0,
        "drop_ios" : 0,
        "slat_ns" : {
          "min" : 0,
          "max" : 0,
          "mean" : 0.000000,
          "stddev" : 0.000000,
          "N" : 0
        },
        "clat_ns" : {
          "min" : 0,
          "max" : 0,
          "mean" : 0.000000,
          "stddev" : 0.000000,
          "N" : 0
        },
        "lat_ns" : {
          "min" : 0,
          "max" : 0,
          "mean" : 0.000000,
          "stddev" : 0.000000,
          "N" : 0
        },
        "bw_min" : 0,
        "bw_max" : 0,
        "bw_agg" : 0.000000,
        "bw_mean" : 0.000000,
        "bw_dev" : 0.000000,
        "bw_samples" : 0,
        "iops_min" : 0,
        "iops_max" : 0,
        "iops_mean" : 0.000000,
        "iops_stddev" : 0.000000,
        "iops_samples" : 0
      },
      "trim" : {
        "io_bytes" : 0,
        "io_kbytes" : 0,
        "bw_bytes" : 0,
        "bw" : 0,
        "iops" : 0.000000,
        "runtime" : 0,
        "total_ios" : 0,
        "short_ios" : 0,
        "drop_ios" : 0,
        "slat_ns" : {
          "min" : 0,
          "max" : 0,
          "mean" : 0.000000,
          "stddev" : 0.000000,
          "N" : 0
        },
        "clat_ns" : {
          "min" : 0,
          "max" : 0,
          "mean" : 0.000000,
          "stddev" : 0.000000,
          "N" : 0
        },
        "lat_ns" : {
          "min" : 0,
          "max" : 0,
          "mean" : 0.000000,
          "stddev" : 0.000000,
          "N" : 0
        },
        "bw_min" : 0,
        "bw_max" : 0,
        "bw_agg" : 0.000000,
        "bw_mean" : 0.000000,
        "bw_dev" : 0.000000,
        "bw_samples" : 0,
        "iops_min" : 0,
        "iops_max" : 0,
        "iops_mean" : 0.000000,
        "iops_stddev" : 0.000000,
        "iops_samples" : 0
      },
      "sync" : {
        "total_ios" : 0,
        "lat_ns" : {
          "min" : 0,
          "max" : 0,
          "mean" : 0.000000,
          "stddev" : 0.000000,
          "N" : 0
        }
      },
      "job_runtime" : 10000,
      "usr_cpu" : 5.690000,
      "sys_cpu" : 41.450000,
      "ctx" : 233738,
      "majf" : 0,
      "minf" : 271,
      "iodepth_level" : {
        "1" : 0.100000,
        "2" : 0.100000,
        "4" : 0.100000,
        "8" : 0.100000,
        "16" : 99.996679,
        "32" : 0.000000,
        ">=64" : 0.000000
      },
      "iodepth_submit" : {
        "0" : 0.000000,
        "4" : 100.000000,
        "8" : 0.000000,
        "16" : 0.000000,
        "32" : 0.000000,
        "64" : 0.000000,
        ">=64" : 0.000000
      },
      "iodepth_complete" : {
        "0" : 0.000000,
        "4" : 99.999779,
        "8" : 0.000000,
        "16" : 0.100000,
        "32" : 0.000000,
        "64" : 0.000000,
        ">=64" : 0.000000
      },
      "latency_ns" : {
        "2" : 0.000000,
        "4" : 0.000000,
        "10" : 0.000000,
        "20" : 0.000000,
        "50" : 0.000000,
        "100" : 0.000000,
        "250" : 0.000000,
        "500" : 0.000000,
        "750" : 0.000000,
        "1000" : 0.000000
      },
      "latency_us" : {
        "2" : 0.000000,
        "4" : 0.000000,
        "10" : 0.000000,
        "20" : 0.000000,
        "50" : 0.000000,
        "100" : 0.000000,
        "250" : 23.895925,
        "500" : 71.177274,
        "750" : 2.213352,
        "1000" : 0.738079
      },
      "latency_ms" : {
        "2" : 1.230870,
        "4" : 0.579793,
        "10" : 0.164264,
        "20" : 0.010000,
        "50" : 0.000000,
        "100" : 0.000000,
        "250" : 0.000000,
        "500" : 0.000000,
        "750" : 0.000000,
        "1000" : 0.000000,
        "2000" : 0.000000,
        ">=2000" : 0.000000
      },
      "latency_depth" : 16,
      "latency_target" : 0,
      "latency_percentile" : 100.000000,
      "latency_window" : 0
    }
  ],
  "disk_util" : [
    {
      "name" : "dm-1",
      "read_ios" : 500948,
      "write_ios" : 3281,
      "read_sectors" : 57290640,
      "write_sectors" : 187128,
      "read_merges" : 0,
      "write_merges" : 0,
      "read_ticks" : 165846,
      "write_ticks" : 14000,
      "in_queue" : 179846,
      "util" : 98.708838,
      "aggr_read_ios" : 505657,
      "aggr_write_ios" : 3809,
      "aggr_read_sectors" : 57823864,
      "aggr_write_sectors" : 187128,
      "aggr_read_merges" : 0,
      "aggr_write_merge" : 0,
      "aggr_read_ticks" : 167148,
      "aggr_write_ticks" : 15742,
      "aggr_in_queue" : 182890,
      "aggr_util" : 98.322479
    },
    {
      "name" : "dm-0",
      "read_ios" : 505657,
      "write_ios" : 3809,
      "read_sectors" : 57823864,
      "write_sectors" : 187128,
      "read_merges" : 0,
      "write_merges" : 0,
      "read_ticks" : 167148,
      "write_ticks" : 15742,
      "in_queue" : 182890,
      "util" : 98.322479,
      "aggr_read_ios" : 505625,
      "aggr_write_ios" : 2587,
      "aggr_read_sectors" : 57823864,
      "aggr_write_sectors" : 187128,
      "aggr_read_merges" : 32,
      "aggr_write_merge" : 1222,
      "aggr_read_ticks" : 153745,
      "aggr_write_ticks" : 9479,
      "aggr_in_queue" : 163681,
      "aggr_util" : 63.222814
    },
    {
      "name" : "nvme0n1",
      "read_ios" : 505625,
      "write_ios" : 2587,
      "read_sectors" : 57823864,
      "write_sectors" : 187128,
      "read_merges" : 32,
      "write_merges" : 1222,
      "read_ticks" : 153745,
      "write_ticks" : 9479,
      "in_queue" : 163681,