{
  "fio version" : "fio-3.36",
  "timestamp" : 1783086592,
  "timestamp_ms" : 1783086592087,
  "time" : "Fri Jul  3 15:49:52 2026",
  "jobs" : [
    {
      "jobname" : "sweep",
      "groupid" : 0,
      "job_start" : 1783086582047,
      "error" : 0,
      "eta" : 0,
      "elapsed" : 11,
      "job options" : {
        "name" : "sweep",
        "filename" : "./fio-testfile",
        "rw" : "read",
        "ioengine" : "libaio",
        "iodepth" : "4",
        "bs" : "4M",
        "direct" : "1",
        "runtime" : "10s",
        "loops" : "1000"
      },
      "read" : {
        "io_bytes" : 45168459776,
        "io_kbytes" : 44109824,
        "bw_bytes" : 4515039961,
        "bw" : 4409218,
        "iops" : 1076.469412,
        "runtime" : 10004,
        "total_ios" : 10769,
        "short_ios" : 0,
        "drop_ios" : 0,
        "slat_ns" : {
          "min" : 207337,
          "max" : 4066186,
          "mean" : 280074.122853,
          "stddev" : 70686.156848,
          "N" : 10769
        },
        "clat_ns" : {
          "min" : 1240003,
          "max" : 11659565,
          "mean" : 3433534.657721,
          "stddev" : 435755.089917,
          "N" : 10769,
          "percentile" : {
            "1.000000" : 2801664,
            "5.000000" : 3096576,
            "10.000000" : 3194880,
            "20.000000" : 3260416,
            "30.000000" : 3325952,
            "40.000000" : 3358720,
            "50.000000" : 3391488,
            "60.000000" : 3424256,
            "70.000000" : 3457024,
            "80.000000" : 3522560,
            "90.000000" : 3620864,
            "95.000000" : 3719168,
            "99.000000" : 5472256,
            "99.500000" : 6062080,
            "99.900000" : 8355840,
            "99.950000" : 9109504,
            "99.990000" : 11206656
          }
        },
        "lat_ns" : {
          "min" : 1632398,
          "max" : 11953261,
          "mean" : 3713608.780574,
          "stddev" : 436786.202126,
          "N" : 10769
        },
        "bw_min" : 4268032,
        "bw_max" : 4481024,
        "bw_agg" : 100.000000,
        "bw_mean" : 4412901.052632,
        "bw_dev" : 53722.189098,
        "bw_samples" : 19,
        "iops_min" : 1042,
        "iops_max" : 1094,
        "iops_mean" : 1077.368421,
        "iops_stddev" : 13.115769,
        "iops_samples" : 19
      },
      "write" : {
        "io_bytes" : 0,
        "io_kbytes" : 0,
        "bw_bytes" : 0,
        "bw" : 0,
        "iops" : 0.000000,
        "runtime" : 0,
        "total_ios" : 0,
        "short_ios" : 0,
        "drop_ios" : 0,
        "slat_ns" : {
          "min" : 0,
          "max" : 0,
          "mean" : 0.000000,
          "stddev" : 0.000000,
          "N" : 0
        },
        "clat_ns" : {
          "min" : 0,
          "max" : 0,
          "mean" : 0.000000,
          "stddev" : 0.000000,
          "N" : 0
        },
        "lat_ns" : {
          "min" : 0,
          "max" : 0,
          "mean" : 0.000000,
          "stddev" : 0.000000,
          "N" : 0
        },
        "bw_min" : 0,
        "bw_max" : 0,
        "bw_agg" : 0.000000,
        "bw_mean" : 0.000000,
        "bw_dev" : 0.000000,
        "bw_samples" : 0,
        "iops_min" : 0,
        "iops_max" : 0,
        "iops_mean" : 0.000000,
        "iops_stddev" : 0.000000,
        "iops_samples" : 0
      },
      "trim" : {
        "io_bytes" : 0,
        "io_kbytes" : 0,
        "bw_bytes" : 0,
        "bw" : 0,
        "iops" : 0.000000,
        "runtime" : 0,
        "total_ios" : 0,
        "short_ios" : 0,
        "drop_ios" : 0,
        "slat_ns" : {
          "min" : 0,
          "max" : 0,
          "mean" : 0.000000,
          "stddev" : 0.000000,
          "N" : 0
        },
        "clat_ns" : {
          "min" : 0,
          "max" : 0,
          "mean" : 0.000000,
          "stddev" : 0.000000,
          "N" : 0
        },
        "lat_ns" : {
          "min" : 0,
          "max" : 0,
          "mean" : 0.000000,
          "stddev" : 0.000000,
          "N" : 0
        },
        "bw_min" : 0,
        "bw_max" : 0,
        "bw_agg" : 0.000000,
        "bw_mean" : 0.000000,
        "bw_dev" : 0.000000,
        "bw_samples" : 0,
        "iops_min" : 0,
        "iops_max" : 0,
        "iops_mean" : 0.000000,
        "iops_stddev" : 0.000000,
        "iops_samples" : 0
      },
      "sync" : {
        "total_ios" : 0,
        "lat_ns" : {
          "min" : 0,
          "max" : 0,
          "mean" : 0.000000,
          "stddev" : 0.000000,
          "N" : 0
        }
      },
      "job_runtime" : 10003,
      "usr_cpu" : 0.299910,
      "sys_cpu" : 30.020994,
      "ctx" : 11745,
      "majf" : 0,
      "minf" : 4110,
      "iodepth_level" : {
        "1" : 0.100000,
        "2" : 0.100000,
        "4" : 99.972142,
        "8" : 0.000000,
        "16" : 0.000000,
        "32" : 0.000000,
        ">=64" : 0.000000
      },
      "iodepth_submit" : {
        "0" : 0.000000,
        "4" : 100.000000,
        "8" : 0.000000,
        "16" : 0.000000,
        "32" : 0.000000,
        "64" : 0.000000,
        ">=64" : 0.000000
      },
      "iodepth_complete" : {
        "0" : 0.000000,
        "4" : 100.000000,
        "8" : 0.000000,
        "16" : 0.000000,
        "32" : 0.000000,
        "64" : 0.000000,
        ">=64" : 0.000000
      },
      "latency_ns" : {
        "2" : 0.000000,
        "4" : 0.000000,
        "10" : 0.000000,
        "20" : 0.000000,
        "50" : 0.000000,
        "100" : 0.000000,
        "250" : 0.000000,
        "500" : 0.000000,
        "750" : 0.000000,
        "1000" : 0.000000
      },
      "latency_us" : {
        "2" : 0.000000,
        "4" : 0.000000,
        "10" : 0.000000,
        "20" : 0.000000,
        "50" : 0.000000,
        "100" : 0.000000,
        "250" : 0.000000,
        "500" : 0.000000,
        "750" : 0.000000,
        "1000" : 0.000000
      },
      "latency_ms" : {
        "2" : 0.102145,
        "4" : 96.638499,
        "10" : 3.240784,
        "20" : 0.018572,
        "50" : 0.000000,
        "100" : 0.000000,
        "250" : 0.000000,
        "500" : 0.000000,
        "750" : 0.000000,
        "1000" : 0.000000,
        "2000" : 0.000000,
        ">=2000" : 0.000000
      },
      "latency_depth" : 4,
      "latency_target" : 0,
      "latency_percentile" : 100.000000,
      "latency_window" : 0
    }
  ],
  "disk_util" : [
    {
      "name" : "dm-1",
      "read_ios" : 105997,
      "write_ios" : 1246,
      "read_sectors" : 87251544,
      "write_sectors" : 26872,
      "read_merges" : 0,
      "write_merges" : 0,
      "read_ticks" : 339509,
      "write_ticks" : 111941,
      "in_queue" : 451450,
      "util" : 99.049144,
      "aggr_read_ios" : 370758,
      "aggr_write_ios" : 1455,
      "aggr_read_sectors" : 88219848,
      "aggr_write_sectors" : 28528,
      "aggr_read_merges" : 0,
      "aggr_write_merge" : 0,
      "aggr_read_ticks" : 1133274,
      "aggr_write_ticks" : 116937,
      "aggr_in_queue" : 1250211,
      "aggr_util" : 99.013320
    },
    {
      "name" : "dm-0",
      "read_ios" : 370758,
      "write_ios" : 1455,
      "read_sectors" : 88219848,
      "write_sectors" : 28528,
      "read_merges" : 0,
      "write_merges" : 0,
      "read_ticks" : 1133274,
      "write_ticks" : 116937,
      "in_queue" : 1250211,
      "util" : 99.013320,
      "aggr_read_ios" : 370758,
      "aggr_write_ios" : 911,
      "aggr_read_sectors" : 88219848,
      "aggr_write_sectors" : 28528,
      "aggr_read_merges" : 0,
      "aggr_write_merge" : 544,
      "aggr_read_ticks" : 1145290,
      "aggr_write_ticks" : 71384,
      "aggr_in_queue" : 1216898,
      "aggr_util" : 85.268870
    },
    {
      "name" : "nvme0n1",
      "read_ios" : 370758,
      "write_ios" : 911,
      "read_sectors" : 88219848,
      "write_sectors" : 28528,
      "read_merges" : 0,
      "write_merges" : 544,
      "read_ticks" : 1145290,
      "write_ticks" : 71384,
      "in_queue" : 1216898,