{
  "fio version" : "fio-3.41",
  "timestamp" : 1783091417,
  "timestamp_ms" : 1783091417317,
  "time" : "Fri Jul  3 17:10:17 2026",
  "jobs" : [
    {
      "jobname" : "sweep",
      "groupid" : 0,
      "job_start" : 1783091407171,
      "error" : 0,
      "eta" : 0,
      "elapsed" : 11,
      "job options" : {
        "name" : "sweep",
        "filename" : "./fio-testfile",
        "rw" : "read",
        "ioengine" : "libaio",
        "iodepth" : "1",
        "bs" : "4k",
        "direct" : "1",
        "time_based" : "",
        "runtime" : "10s",
        "loops" : "1000",
        "group_reporting" : ""
      },
      "read" : {
        "io_bytes" : 1281372160,
        "io_kbytes" : 1251340,
        "bw_bytes" : 128124403,
        "bw" : 125121,
        "iops" : 31280.371963,
        "runtime" : 10001,
        "total_ios" : 312835,
        "short_ios" : 0,
        "drop_ios" : 0,
        "slat_ns" : {
          "min" : 1755,
          "max" : 581665,
          "mean" : 6925.176997,
          "stddev" : 3474.500108,
          "N" : 312835
        },
        "clat_ns" : {
          "min" : 857,
          "max" : 1974758,
          "mean" : 21024.868029,
          "stddev" : 8165.461679,
          "N" : 312835,
          "percentile" : {
            "1.000000" : 12992,
            "5.000000" : 15552,
            "10.000000" : 18048,
            "20.000000" : 19072,
            "30.000000" : 19584,
            "40.000000" : 20352,
            "50.000000" : 20608,
            "60.000000" : 21120,
            "70.000000" : 21632,
            "80.000000" : 22400,
            "90.000000" : 23424,
            "95.000000" : 24960,
            "99.000000" : 35584,
            "99.500000" : 44288,
            "99.900000" : 82432,
            "99.950000" : 115200,
            "99.990000" : 224256
          }
        },
        "lat_ns" : {
          "min" : 11851,
          "max" : 1985145,
          "mean" : 27950.045027,
          "stddev" : 9602.413329,
          "N" : 312835
        },
        "bw_min" : 121496,
        "bw_max" : 154728,
        "bw_agg" : 100.000000,
        "bw_mean" : 139037.777778,
        "bw_dev" : 8101.830872,
        "bw_samples" : 18,
        "iops_min" : 30374,
        "iops_max" : 38682,
        "iops_mean" : 34759.444444,
        "iops_stddev" : 2025.457718,
        "iops_samples" : 18
      },
      "write" : {
        "io_bytes" : 0,
        "io_kbytes" : 0,
        "bw_bytes" : 0,
        "bw" : 0,
        "iops" : 0.000000,
        "runtime" : 0,
        "total_ios" : 0,
        "short_ios" : 0,
        "drop_ios" : 0,
        "slat_ns" : {
          "min" : 0,
          "max" : 0,
          "mean" : 0.000000,
          "stddev" : 0.000000,
          "N" : 0
        },
        "clat_ns" : {
          "min" : 0,
          "max" : 0,
          "mean" : 0.000000,
          "stddev" : 0.000000,
          "N" : 0
        },
        "lat_ns" : {
          "min" : 0,
          "max" : 0,
          "mean" : 0.000000,
          "stddev" : 0.000000,
          "N" : 0
        },
        "bw_min" : 0,
        "bw_max" : 0,
        "bw_agg" : 0.000000,
        "bw_mean" : 0.000000,
        "bw_dev" : 0.000000,
        "bw_samples" : 0,
        "iops_min" : 0,
        "iops_max" : 0,
        "iops_mean" : 0.000000,
        "iops_stddev" : 0.000000,
        "iops_samples" : 0
      },
      "trim" : {
        "io_bytes" : 0,
        "io_kbytes" : 0,
        "bw_bytes" : 0,
        "bw" : 0,
        "iops" : 0.000000,
        "runtime" : 0,
        "total_ios" : 0,
        "short_ios" : 0,
        "drop_ios" : 0,
        "slat_ns" : {
          "min" : 0,
          "max" : 0,
          "mean" : 0.000000,
          "stddev" : 0.000000,
          "N" : 0
        },
        "clat_ns" : {
          "min" : 0,
          "max" : 0,
          "mean" : 0.000000,
          "stddev" : 0.000000,
          "N" : 0
        },
        "lat_ns" : {
          "min" : 0,
          "max" : 0,
          "mean" : 0.000000,
          "stddev" : 0.000000,
          "N" : 0
        },
        "bw_min" : 0,
        "bw_max" : 0,
        "bw_agg" : 0.000000,
        "bw_mean" : 0.000000,
        "bw_dev" : 0.000000,
        "bw_samples" : 0,
        "iops_min" : 0,
        "iops_max" : 0,
        "iops_mean" : 0.000000,
        "iops_stddev" : 0.000000,
        "iops_samples" : 0
      },
      "sync" : {
        "total_ios" : 0,
        "lat_ns" : {
          "min" : 0,
          "max" : 0,
          "mean" : 0.000000,
          "stddev" : 0.000000,
          "N" : 0
        }
      },
      "job_runtime" : 10000,
      "usr_cpu" : 4.370000,
      "sys_cpu" : 41.140000,
      "ctx" : 312928,
      "majf" : 0,
      "minf" : 14,
      "iodepth_level" : {
        "1" : 100.000000,
        "2" : 0.000000,
        "4" : 0.000000,
        "8" : 0.000000,
        "16" : 0.000000,
        "32" : 0.000000,
        ">=64" : 0.000000
      },
      "iodepth_submit" : {
        "0" : 0.000000,
        "4" : 100.000000,
        "8" : 0.000000,
        "16" : 0.000000,
        "32" : 0.000000,
        "64" : 0.000000,
        ">=64" : 0.000000
      },
      "iodepth_complete" : {
        "0" : 0.000000,
        "4" : 100.000000,
        "8" : 0.000000,
        "16" : 0.000000,
        "32" : 0.000000,
        "64" : 0.000000,
        ">=64" : 0.000000
      },
      "latency_ns" : {
        "2" : 0.000000,
        "4" : 0.000000,
        "10" : 0.000000,
        "20" : 0.000000,
        "50" : 0.000000,
        "100" : 0.000000,
        "250" : 0.000000,
        "500" : 0.000000,
        "750" : 0.000000,
        "1000" : 0.010000
      },
      "latency_us" : {
        "2" : 0.010000,
        "4" : 0.010000,
        "10" : 0.038998,
        "20" : 35.384468,
        "50" : 64.198699,
        "100" : 0.306551,
        "250" : 0.053702,
        "500" : 0.010000,
        "750" : 0.010000,
        "1000" : 0.010000
      },
      "latency_ms" : {
        "2" : 0.010000,
        "4" : 0.000000,
        "10" : 0.000000,
        "20" : 0.000000,
        "50" : 0.000000,
        "100" : 0.000000,
        "250" : 0.000000,
        "500" : 0.000000,
        "750" : 0.000000,
        "1000" : 0.000000,
        "2000" : 0.000000,
        ">=2000" : 0.000000
      },
      "latency_depth" : 1,
      "latency_target" : 0,
      "latency_percentile" : 100.000000,
      "latency_window" : 0
    }
  ],
  "disk_util" : [
    {
      "name" : "dm-1",
      "read_ios" : 309317,
      "write_ios" : 1223,
      "read_sectors" : 2474928,
      "write_sectors" : 11064,
      "read_merges" : 0,
      "write_merges" : 0,
      "read_ticks" : 6168,
      "write_ticks" : 119,
      "in_queue" : 6287,
      "util" : 61.874249,
      "aggr_read_ios" : 312838,
      "aggr_write_ios" : 1277,
      "aggr_read_sectors" : 2503096,
      "aggr_write_sectors" : 11064,
      "aggr_read_merges" : 0,
      "aggr_write_merge" : 0,
      "aggr_read_ticks" : 6005,
      "aggr_write_ticks" : 115,
      "aggr_in_queue" : 6120,
      "aggr_util" : 59.247957
    },
    {
      "name" : "dm-0",
      "read_ios" : 312838,
      "write_ios" : 1277,
      "read_sectors" : 2503096,
      "write_sectors" : 11064,
      "read_merges" : 0,
      "write_merges" : 0,
      "read_ticks" : 6005,
      "write_ticks" : 115,
      "in_queue" : 6120,
      "util" : 59.247957,
      "aggr_read_ios" : 312838,
      "aggr_write_ios" : 711,
      "aggr_read_sectors" : 2503096,
      "aggr_write_sectors" : 11064,
      "aggr_read_merges" : 0,
      "aggr_write_merge" : 566,
      "aggr_read_ticks" : 3472,
      "aggr_write_ticks" : 59,
      "aggr_in_queue" : 3544,
      "aggr_util" : 31.509007
    },
    {
      "name" : "nvme0n1",
      "read_ios" : 312838,
      "write_ios" : 711,
      "read_sectors" : 2503096,
      "write_sectors" : 11064,
      "read_merges" : 0,
      "write_merges" : 566,
      "read_ticks" : 3472,
      "write_ticks" : 59,
      "in_queue" : 3544,
      "util" : 31.509007
    }
  ]
}
