{
  "fio version" : "fio-3.41",
  "timestamp" : 1783091511,
  "timestamp_ms" : 1783091511415,
  "time" : "Fri Jul  3 17:11:51 2026",
  "jobs" : [
    {
      "jobname" : "sweep",
      "groupid" : 0,
      "job_start" : 1783091501269,
      "error" : 0,
      "eta" : 0,
      "elapsed" : 11,
      "job options" : {
        "name" : "sweep",
        "filename" : "./fio-testfile",
        "rw" : "read",
        "ioengine" : "libaio",
        "iodepth" : "16",
        "bs" : "64k",
        "direct" : "1",
        "time_based" : "",
        "runtime" : "10s",
        "loops" : "1000",
        "group_reporting" : ""
      },
      "read" : {
        "io_bytes" : 44014764032,
        "io_kbytes" : 42983168,
        "bw_bytes" : 4401036299,
        "bw" : 4297887,
        "iops" : 67154.484552,
        "runtime" : 10001,
        "total_ios" : 671612,
        "short_ios" : 0,
        "drop_ios" : 0,
        "slat_ns" : {
          "min" : 7543,
          "max" : 801577,
          "mean" : 13720.430682,
          "stddev" : 6501.088664,
          "N" : 671612
        },
        "clat_ns" : {
          "min" : 111360,
          "max" : 2140432,
          "mean" : 224219.847416,
          "stddev" : 81947.705023,
          "N" : 671612,
          "percentile" : {
            "1.000000" : 150528,
            "5.000000" : 160768,
            "10.000000" : 164864,
            "20.000000" : 171008,
            "30.000000" : 173056,
            "40.000000" : 175104,
            "50.000000" : 179200,
            "60.000000" : 187392,
            "70.000000" : 222208,
            "80.000000" : 325632,
            "90.000000" : 362496,
            "95.000000" : 374784,
            "99.000000" : 403456,
            "99.500000" : 428032,
            "99.900000" : 618496,
            "99.950000" : 864256,
            "99.990000" : 1351680
          }
        },
        "lat_ns" : {
          "min" : 127439,
          "max" : 2150719,
          "mean" : 237940.278098,
          "stddev" : 86685.658500,
          "N" : 671612
        },
        "bw_min" : 2736896,
        "bw_max" : 5492352,
        "bw_agg" : 100.000000,
        "bw_mean" : 4298310.400000,
        "bw_dev" : 758335.726069,
        "bw_samples" : 20,
        "iops_min" : 42764,
        "iops_max" : 85818,
        "iops_mean" : 67161.200000,
        "iops_stddev" : 11848.790272,
        "iops_samples" : 20
      },
      "write" : {
        "io_bytes" : 0,
        "io_kbytes" : 0,
        "bw_bytes" : 0,
        "bw" : 0,
        "iops" : 0.000000,
        "runtime" : 0,
        "total_ios" : 0,
        "short_ios" : 0,
        "drop_ios" : 0,
        "slat_ns" : {
          "min" : 0,
          "max" : 0,
          "mean" : 0.000000,
          "stddev" : 0.000000,
          "N" : 0
        },
        "clat_ns" : {
          "min" : 0,
          "max" : 0,
          "mean" : 0.000000,
          "stddev" : 0.000000,
          "N" : 0
        },
        "lat_ns" : {
          "min" : 0,
          "max" : 0,
          "mean" : 0.000000,
          "stddev" : 0.000000,
          "N" : 0
        },
        "bw_min" : 0,
        "bw_max" : 0,
        "bw_agg" : 0.000000,
        "bw_mean" : 0.000000,
        "bw_dev" : 0.000000,
        "bw_samples" : 0,
        "iops_min" : 0,
        "iops_max" : 0,
        "iops_mean" : 0.000000,
        "iops_stddev" : 0.000000,
        "iops_samples" : 0
      },
      "trim" : {
        "io_bytes" : 0,
        "io_kbytes" : 0,
        "bw_bytes" : 0,
        "bw" : 0,
        "iops" : 0.000000,
        "runtime" : 0,
        "total_ios" : 0,
        "short_ios" : 0,
        "drop_ios" : 0,
        "slat_ns" : {
          "min" : 0,
          "max" : 0,
          "mean" : 0.000000,
          "stddev" : 0.000000,
          "N" : 0
        },
        "clat_ns" : {
          "min" : 0,
          "max" : 0,
          "mean" : 0.000000,
          "stddev" : 0.000000,
          "N" : 0
        },
        "lat_ns" : {
          "min" : 0,
          "max" : 0,
          "mean" : 0.000000,
          "stddev" : 0.000000,
          "N" : 0
        },
        "bw_min" : 0,
        "bw_max" : 0,
        "bw_agg" : 0.000000,
        "bw_mean" : 0.000000,
        "bw_dev" : 0.000000,
        "bw_samples" : 0,
        "iops_min" : 0,
        "iops_max" : 0,
        "iops_mean" : 0.000000,
        "iops_stddev" : 0.000000,
        "iops_samples" : 0
      },
      "sync" : {
        "total_ios" : 0,
        "lat_ns" : {
          "min" : 0,
          "max" : 0,
          "mean" : 0.000000,
          "stddev" : 0.000000,
          "N" : 0
        }
      },
      "job_runtime" : 10000,
      "usr_cpu" : 4.730000,
      "sys_cpu" : 94.330000,
      "ctx" : 7329,
      "majf" : 0,
      "minf" : 267,
      "iodepth_level" : {
        "1" : 0.100000,
        "2" : 0.100000,
        "4" : 0.100000,
        "8" : 0.100000,
        "16" : 99.997767,
        "32" : 0.000000,
        ">=64" : 0.000000
      },
      "iodepth_submit" : {
        "0" : 0.000000,
        "4" : 100.000000,
        "8" : 0.000000,
        "16" : 0.000000,
        "32" : 0.000000,
        "64" : 0.000000,
        ">=64" : 0.000000
      },
      "iodepth_complete" : {
        "0" : 0.000000,
        "4" : 99.999851,
        "8" : 0.000000,
        "16" : 0.100000,
        "32" : 0.000000,
        "64" : 0.000000,
        ">=64" : 0.000000
      },
      "latency_ns" : {
        "2" : 0.000000,
        "4" : 0.000000,
        "10" : 0.000000,
        "20" : 0.000000,
        "50" : 0.000000,
        "100" : 0.000000,
        "250" : 0.000000,
        "500" : 0.000000,
        "750" : 0.000000,
        "1000" : 0.000000
      },
      "latency_us" : {
        "2" : 0.000000,
        "4" : 0.000000,
        "10" : 0.000000,
        "20" : 0.000000,
        "50" : 0.000000,
        "100" : 0.000000,
        "250" : 72.423066,
        "500" : 27.391708,
        "750" : 0.116436,
        "1000" : 0.046455
      },
      "latency_ms" : {
        "2" : 0.021590,
        "4" : 0.010000,
        "10" : 0.000000,
        "20" : 0.000000,
        "50" : 0.000000,
        "100" : 0.000000,
        "250" : 0.000000,
        "500" : 0.000000,
        "750" : 0.000000,
        "1000" : 0.000000,
        "2000" : 0.000000,
        ">=2000" : 0.000000
      },
      "latency_depth" : 16,
      "latency_target" : 0,
      "latency_percentile" : 100.000000,
      "latency_window" : 0
    }
  ],
  "disk_util" : [
    {
      "name" : "dm-1",
      "read_ios" : 666661,
      "write_ios" : 1307,
      "read_sectors" : 85332608,
      "write_sectors" : 16504,
      "read_merges" : 0,
      "write_merges" : 0,
      "read_ticks" : 92350,
      "write_ticks" : 140,
      "in_queue" : 92490,
      "util" : 99.058871,
      "aggr_read_ios" : 671613,
      "aggr_write_ios" : 1371,
      "aggr_read_sectors" : 85966464,
      "aggr_write_sectors" : 16504,
      "aggr_read_merges" : 0,
      "aggr_write_merge" : 0,
      "aggr_read_ticks" : 92389,
      "aggr_write_ticks" : 135,
      "aggr_in_queue" : 92524,
      "aggr_util" : 98.736052
    },
    {
      "name" : "dm-0",
      "read_ios" : 671613,
      "write_ios" : 1371,
      "read_sectors" : 85966464,
      "write_sectors" : 16504,
      "read_merges" : 0,
      "write_merges" : 0,
      "read_ticks" : 92389,
      "write_ticks" : 135,
      "in_queue" : 92524,
      "util" : 98.736052,
      "aggr_read_ios" : 671613,
      "aggr_write_ios" : 830,
      "aggr_read_sectors" : 85966464,
      "aggr_write_sectors" : 16504,
      "aggr_read_merges" : 0,
      "aggr_write_merge" : 541,
      "aggr_read_ticks" : 64904,
      "aggr_write_ticks" : 90,
      "aggr_in_queue" : 65017,
      "aggr_util" : 57.618248
    },
    {
      "name" : "nvme0n1",
      "read_ios" : 671613,
      "write_ios" : 830,
      "read_sectors" : 85966464,
      "write_sectors" : 16504,
      "read_merges" : 0,
      "write_merges" : 541,
      "read_ticks" : 64904,
      "write_ticks" : 90,
      "in_queue" : 65017,