{
  "fio version" : "fio-3.41",
  "timestamp" : 1783091459,
  "timestamp_ms" : 1783091459128,
  "time" : "Fri Jul  3 17:10:59 2026",
  "jobs" : [
    {
      "jobname" : "sweep",
      "groupid" : 0,
      "job_start" : 1783091448983,
      "error" : 0,
      "eta" : 0,
      "elapsed" : 11,
      "job options" : {
        "name" : "sweep",
        "filename" : "./fio-testfile",
        "rw" : "read",
        "ioengine" : "libaio",
        "iodepth" : "32",
        "bs" : "4k",
        "direct" : "1",
        "time_based" : "",
        "runtime" : "10s",
        "loops" : "1000",
        "group_reporting" : ""
      },
      "read" : {
        "io_bytes" : 7489138688,
        "io_kbytes" : 7313612,
        "bw_bytes" : 748838984,
        "bw" : 731288,
        "iops" : 182822.017798,
        "runtime" : 10001,
        "total_ios" : 1828403,
        "short_ios" : 0,
        "drop_ios" : 0,
        "slat_ns" : {
          "min" : 2208,
          "max" : 570378,
          "mean" : 4122.905256,
          "stddev" : 2111.810748,
          "N" : 1828403
        },
        "clat_ns" : {
          "min" : 47239,
          "max" : 1994619,
          "mean" : 170598.085172,
          "stddev" : 27117.737790,
          "N" : 1828403,
          "percentile" : {
            "1.000000" : 156672,
            "5.000000" : 158720,
            "10.000000" : 160768,
            "20.000000" : 162816,
            "30.000000" : 162816,
            "40.000000" : 164864,
            "50.000000" : 164864,
            "60.000000" : 166912,
            "70.000000" : 168960,
            "80.000000" : 173056,
            "90.000000" : 177152,
            "95.000000" : 183296,
            "99.000000" : 329728,
            "99.500000" : 374784,
            "99.900000" : 411648,
            "99.950000" : 444416,
            "99.990000" : 659456
          }
        },
        "lat_ns" : {
          "min" : 50022,
          "max" : 2006053,
          "mean" : 174720.990427,
          "stddev" : 27801.919053,
          "N" : 1828403
        },
        "bw_min" : 509328,
        "bw_max" : 757256,
        "bw_agg" : 100.000000,
        "bw_mean" : 731361.200000,
        "bw_dev" : 55262.325411,
        "bw_samples" : 20,
        "iops_min" : 127332,
        "iops_max" : 189314,
        "iops_mean" : 182840.300000,
        "iops_stddev" : 13815.581353,
        "iops_samples" : 20
      },
      "write" : {
        "io_bytes" : 0,
        "io_kbytes" : 0,
        "bw_bytes" : 0,
        "bw" : 0,
        "iops" : 0.000000,
        "runtime" : 0,
        "total_ios" : 0,
        "short_ios" : 0,
        "drop_ios" : 0,
        "slat_ns" : {
          "min" : 0,
          "max" : 0,
          "mean" : 0.000000,
          "stddev" : 0.000000,
          "N" : 0
        },
        "clat_ns" : {
          "min" : 0,
          "max" : 0,
          "mean" : 0.000000,
          "stddev" : 0.000000,
          "N" : 0
        },
        "lat_ns" : {
          "min" : 0,
          "max" : 0,
          "mean" : 0.000000,
          "stddev" : 0.000000,
          "N" : 0
        },
        "bw_min" : 0,
        "bw_max" : 0,
        "bw_agg" : 0.000000,
        "bw_mean" : 0.000000,
        "bw_dev" : 0.000000,
        "bw_samples" : 0,
        "iops_min" : 0,
        "iops_max" : 0,
        "iops_mean" : 0.000000,
        "iops_stddev" : 0.000000,
        "iops_samples" : 0
      },
      "trim" : {
        "io_bytes" : 0,
        "io_kbytes" : 0,
        "bw_bytes" : 0,
        "bw" : 0,
        "iops" : 0.000000,
        "runtime" : 0,
        "total_ios" : 0,
        "short_ios" : 0,
        "drop_ios" : 0,
        "slat_ns" : {
          "min" : 0,
          "max" : 0,
          "mean" : 0.000000,
          "stddev" : 0.000000,
          "N" : 0
        },
        "clat_ns" : {
          "min" : 0,
          "max" : 0,
          "mean" : 0.000000,
          "stddev" : 0.000000,
          "N" : 0
        },
        "lat_ns" : {
          "min" : 0,
          "max" : 0,
          "mean" : 0.000000,
          "stddev" : 0.000000,
          "N" : 0
        },
        "bw_min" : 0,
        "bw_max" : 0,
        "bw_agg" : 0.000000,
        "bw_mean" : 0.000000,
        "bw_dev" : 0.000000,
        "bw_samples" : 0,
        "iops_min" : 0,
        "iops_max" : 0,
        "iops_mean" : 0.000000,
        "iops_stddev" : 0.000000,
        "iops_samples" : 0
      },
      "sync" : {
        "total_ios" : 0,
        "lat_ns" : {
          "min" : 0,
          "max" : 0,
          "mean" : 0.000000,
          "stddev" : 0.000000,
          "N" : 0
        }
      },
      "job_runtime" : 10000,
      "usr_cpu" : 16.690000,
      "sys_cpu" : 83.190000,
      "ctx" : 291,
      "majf" : 0,
      "minf" : 44,
      "iodepth_level" : {
        "1" : 0.100000,
        "2" : 0.100000,
        "4" : 0.100000,
        "8" : 0.100000,
        "16" : 0.100000,
        "32" : 99.998305,
        ">=64" : 0.000000
      },
      "iodepth_submit" : {
        "0" : 0.000000,
        "4" : 100.000000,
        "8" : 0.000000,
        "16" : 0.000000,
        "32" : 0.000000,
        "64" : 0.000000,
        ">=64" : 0.000000
      },
      "iodepth_complete" : {
        "0" : 0.000000,
        "4" : 99.999945,
        "8" : 0.000000,
        "16" : 0.000000,
        "32" : 0.100000,
        "64" : 0.000000,
        ">=64" : 0.000000
      },
      "latency_ns" : {
        "2" : 0.000000,
        "4" : 0.000000,
        "10" : 0.000000,
        "20" : 0.000000,
        "50" : 0.000000,
        "100" : 0.000000,
        "250" : 0.000000,
        "500" : 0.000000,
        "750" : 0.000000,
        "1000" : 0.000000
      },
      "latency_us" : {
        "2" : 0.000000,
        "4" : 0.000000,
        "10" : 0.000000,
        "20" : 0.000000,
        "50" : 0.010000,
        "100" : 0.010000,
        "250" : 98.127218,
        "500" : 1.848334,
        "750" : 0.015533,
        "1000" : 0.010000
      },
      "latency_ms" : {
        "2" : 0.010000,
        "4" : 0.000000,
        "10" : 0.000000,
        "20" : 0.000000,
        "50" : 0.000000,
        "100" : 0.000000,
        "250" : 0.000000,
        "500" : 0.000000,
        "750" : 0.000000,
        "1000" : 0.000000,
        "2000" : 0.000000,
        ">=2000" : 0.000000
      },
      "latency_depth" : 32,
      "latency_target" : 0,
      "latency_percentile" : 100.000000,
      "latency_window" : 0
    }
  ],
  "disk_util" : [
    {
      "name" : "dm-1",
      "read_ios" : 1808731,
      "write_ios" : 858,
      "read_sectors" : 14469848,
      "write_sectors" : 9008,
      "read_merges" : 0,
      "write_merges" : 0,
      "read_ticks" : 25280,
      "write_ticks" : 39,
      "in_queue" : 25319,
      "util" : 99.029223,
      "aggr_read_ios" : 1828414,
      "aggr_write_ios" : 907,
      "aggr_read_sectors" : 14627312,
      "aggr_write_sectors" : 9008,
      "aggr_read_merges" : 0,
      "aggr_write_merge" : 0,
      "aggr_read_ticks" : 24759,
      "aggr_write_ticks" : 39,
      "aggr_in_queue" : 24798,
      "aggr_util" : 98.677458
    },
    {
      "name" : "dm-0",
      "read_ios" : 1828414,
      "write_ios" : 907,
      "read_sectors" : 14627312,
      "write_sectors" : 9008,
      "read_merges" : 0,
      "write_merges" : 0,
      "read_ticks" : 24759,
      "write_ticks" : 39,
      "in_queue" : 24798,
      "util" : 98.677458,
      "aggr_read_ios" : 1828414,
      "aggr_write_ios" : 490,
      "aggr_read_sectors" : 14627312,
      "aggr_write_sectors" : 9008,
      "aggr_read_merges" : 0,
      "aggr_write_merge" : 417,
      "aggr_read_ticks" : 15758,
      "aggr_write_ticks" : 32,
      "aggr_in_queue" : 15801,
      "aggr_util" : 88.165038
    },
    {
      "name" : "nvme0n1",
      "read_ios" : 1828414,
      "write_ios" : 490,
      "read_sectors" : 14627312,
      "write_sectors" : 9008,
      "read_merges" : 0,
      "write_merges" : 417,
      "read_ticks" : 15758,
      "write_ticks" : 32,
      "in_queue" : 15801,