{
  "fio version" : "fio-3.36",
  "timestamp" : 1783508828,
  "timestamp_ms" : 1783508828378,
  "time" : "Wed Jul  8 13:07:08 2026",
  "jobs" : [
    {
      "jobname" : "sweep",
      "groupid" : 0,
      "job_start" : 1783508770742,
      "error" : 0,
      "eta" : 0,
      "elapsed" : 58,
      "job options" : {
        "name" : "sweep",
        "filename" : "./fio-testfile",
        "rw" : "read",
        "ioengine" : "libaio",
        "iodepth" : "1",
        "bs" : "4k",
        "direct" : "1"
      },
      "read" : {
        "io_bytes" : 8589934592,
        "io_kbytes" : 8388608,
        "bw_bytes" : 149141165,
        "bw" : 145645,
        "iops" : 36411.417460,
        "runtime" : 57596,
        "total_ios" : 2097152,
        "short_ios" : 0,
        "drop_ios" : 0,
        "slat_ns" : {
          "min" : 2800,
          "max" : 2059966,
          "mean" : 3606.579784,
          "stddev" : 2990.129179,
          "N" : 2097152
        },
        "clat_ns" : {
          "min" : 640,
          "max" : 5582884,
          "mean" : 23651.212193,
          "stddev" : 45334.757742,
          "N" : 2097152,
          "percentile" : {
            "1.000000" : 14144,
            "5.000000" : 14400,
            "10.000000" : 14528,
            "20.000000" : 14784,
            "30.000000" : 15040,
            "40.000000" : 15808,
            "50.000000" : 16512,
            "60.000000" : 23680,
            "70.000000" : 23936,
            "80.000000" : 24704,
            "90.000000" : 26752,
            "95.000000" : 44288,
            "99.000000" : 84480,
            "99.500000" : 116224,
            "99.900000" : 602112,
            "99.950000" : 1286144,
            "99.990000" : 1744896
          }
        },
        "lat_ns" : {
          "min" : 16140,
          "max" : 5586754,
          "mean" : 27257.791976,
          "stddev" : 45534.025230,
          "N" : 2097152
        },
        "bw_min" : 98744,
        "bw_max" : 163064,
        "bw_agg" : 100.000000,
        "bw_mean" : 145702.330435,
        "bw_dev" : 14737.402470,
        "bw_samples" : 115,
        "iops_min" : 24686,
        "iops_max" : 40766,
        "iops_mean" : 36425.582609,
        "iops_stddev" : 3684.350618,
        "iops_samples" : 115
      },
      "write" : {
        "io_bytes" : 0,
        "io_kbytes" : 0,
        "bw_bytes" : 0,
        "bw" : 0,
        "iops" : 0.000000,
        "runtime" : 0,
        "total_ios" : 0,
        "short_ios" : 0,
        "drop_ios" : 0,
        "slat_ns" : {
          "min" : 0,
          "max" : 0,
          "mean" : 0.000000,
          "stddev" : 0.000000,
          "N" : 0
        },
        "clat_ns" : {
          "min" : 0,
          "max" : 0,
          "mean" : 0.000000,
          "stddev" : 0.000000,
          "N" : 0
        },
        "lat_ns" : {
          "min" : 0,
          "max" : 0,
          "mean" : 0.000000,
          "stddev" : 0.000000,
          "N" : 0
        },
        "bw_min" : 0,
        "bw_max" : 0,
        "bw_agg" : 0.000000,
        "bw_mean" : 0.000000,
        "bw_dev" : 0.000000,
        "bw_samples" : 0,
        "iops_min" : 0,
        "iops_max" : 0,
        "iops_mean" : 0.000000,
        "iops_stddev" : 0.000000,
        "iops_samples" : 0
      },
      "trim" : {
        "io_bytes" : 0,
        "io_kbytes" : 0,
        "bw_bytes" : 0,
        "bw" : 0,
        "iops" : 0.000000,
        "runtime" : 0,
        "total_ios" : 0,
        "short_ios" : 0,
        "drop_ios" : 0,
        "slat_ns" : {
          "min" : 0,
          "max" : 0,
          "mean" : 0.000000,
          "stddev" : 0.000000,
          "N" : 0
        },
        "clat_ns" : {
          "min" : 0,
          "max" : 0,
          "mean" : 0.000000,
          "stddev" : 0.000000,
          "N" : 0
        },
        "lat_ns" : {
          "min" : 0,
          "max" : 0,
          "mean" : 0.000000,
          "stddev" : 0.000000,
          "N" : 0
        },
        "bw_min" : 0,
        "bw_max" : 0,
        "bw_agg" : 0.000000,
        "bw_mean" : 0.000000,
        "bw_dev" : 0.000000,
        "bw_samples" : 0,
        "iops_min" : 0,
        "iops_max" : 0,
        "iops_mean" : 0.000000,
        "iops_stddev" : 0.000000,
        "iops_samples" : 0
      },
      "sync" : {
        "total_ios" : 0,
        "lat_ns" : {
          "min" : 0,
          "max" : 0,
          "mean" : 0.000000,
          "stddev" : 0.000000,
          "N" : 0
        }
      },
      "job_runtime" : 57595,
      "usr_cpu" : 4.170501,
      "sys_cpu" : 20.161472,
      "ctx" : 2100404,
      "majf" : 0,
      "minf" : 16,
      "iodepth_level" : {
        "1" : 100.000000,
        "2" : 0.000000,
        "4" : 0.000000,
        "8" : 0.000000,
        "16" : 0.000000,
        "32" : 0.000000,
        ">=64" : 0.000000
      },
      "iodepth_submit" : {
        "0" : 0.000000,
        "4" : 100.000000,
        "8" : 0.000000,
        "16" : 0.000000,
        "32" : 0.000000,
        "64" : 0.000000,
        ">=64" : 0.000000
      },
      "iodepth_complete" : {
        "0" : 0.000000,
        "4" : 100.000000,
        "8" : 0.000000,
        "16" : 0.000000,
        "32" : 0.000000,
        "64" : 0.000000,
        ">=64" : 0.000000
      },
      "latency_ns" : {
        "2" : 0.000000,
        "4" : 0.000000,
        "10" : 0.000000,
        "20" : 0.000000,
        "50" : 0.000000,
        "100" : 0.000000,
        "250" : 0.000000,
        "500" : 0.000000,
        "750" : 0.010000,
        "1000" : 0.010000
      },
      "latency_us" : {
        "2" : 0.010000,
        "4" : 0.010000,
        "10" : 0.011587,
        "20" : 55.056667,
        "50" : 40.267372,
        "100" : 3.892422,
        "250" : 0.642490,
        "500" : 0.018120,
        "750" : 0.010000,
        "1000" : 0.010000
      },
      "latency_ms" : {
        "2" : 0.091124,
        "4" : 0.010000,
        "10" : 0.010000,
        "20" : 0.000000,
        "50" : 0.000000,
        "100" : 0.000000,
        "250" : 0.000000,
        "500" : 0.000000,
        "750" : 0.000000,
        "1000" : 0.000000,
        "2000" : 0.000000,
        ">=2000" : 0.000000
      },
      "latency_depth" : 1,
      "latency_target" : 0,
      "latency_percentile" : 100.000000,
      "latency_window" : 0
    }
  ],
  "disk_util" : [
    {
      "name" : "dm-1",
      "read_ios" : 2125700,
      "write_ios" : 17221,
      "read_sectors" : 17560760,
      "write_sectors" : 1206928,
      "read_merges" : 0,
      "write_merges" : 0,
      "read_ticks" : 54622,
      "write_ticks" : 9437,
      "in_queue" : 64059,
      "util" : 80.823705,
      "aggr_read_ios" : 2133724,
      "aggr_write_ios" : 20455,
      "aggr_read_sectors" : 17624984,
      "aggr_write_sectors" : 1206928,
      "aggr_read_merges" : 0,
      "aggr_write_merge" : 0,
      "aggr_read_ticks" : 53681,
      "aggr_write_ticks" : 13455,
      "aggr_in_queue" : 67136,
      "aggr_util" : 78.914629
    },
    {
      "name" : "dm-0",
      "read_ios" : 2133724,
      "write_ios" : 20455,
      "read_sectors" : 17624984,
      "write_sectors" : 1206928,
      "read_merges" : 0,
      "write_merges" : 0,
      "read_ticks" : 53681,
      "write_ticks" : 13455,
      "in_queue" : 67136,
      "util" : 78.914629,
      "aggr_read_ios" : 2115531,
      "aggr_write_ios" : 14304,
      "aggr_read_sectors" : 17624984,
      "aggr_write_sectors" : 1206928,
      "aggr_read_merges" : 18193,
      "aggr_write_merge" : 6151,
      "aggr_read_ticks" : 38755,
      "aggr_write_ticks" : 9892,
      "aggr_in_queue" : 49958,
      "aggr_util" : 62.900906
    },
    {
      "name" : "nvme0n1",
      "read_ios" : 2115531,
      "write_ios" : 14304,
      "read_sectors" : 17624984,
      "write_sectors" : 1206928,
      "read_merges" : 18193,
      "write_merges" : 6151,
      "read_ticks" : 38755,
      "write_ticks" : 9892,
      "in_queue" : 49958,
      "util" : 62.900906
    }
  ]
}
