{
  "fio version" : "fio-3.36",
  "timestamp" : 1783086468,
  "timestamp_ms" : 1783086468533,
  "time" : "Fri Jul  3 15:47:48 2026",
  "jobs" : [
    {
      "jobname" : "sweep",
      "groupid" : 0,
      "job_start" : 1783086458501,
      "error" : 0,
      "eta" : 0,
      "elapsed" : 11,
      "job options" : {
        "name" : "sweep",
        "filename" : "./fio-testfile",
        "rw" : "read",
        "ioengine" : "libaio",
        "iodepth" : "4",
        "bs" : "256k",
        "direct" : "1",
        "runtime" : "10s",
        "loops" : "1000"
      },
      "read" : {
        "io_bytes" : 25238962176,
        "io_kbytes" : 24647424,
        "bw_bytes" : 2523643853,
        "bw" : 2464495,
        "iops" : 9626.937306,
        "runtime" : 10001,
        "total_ios" : 96279,
        "short_ios" : 0,
        "drop_ios" : 0,
        "slat_ns" : {
          "min" : 12610,
          "max" : 603782,
          "mean" : 20030.695396,
          "stddev" : 7700.870536,
          "N" : 96279
        },
        "clat_ns" : {
          "min" : 62699,
          "max" : 3864759,
          "mean" : 395028.303701,
          "stddev" : 188075.498633,
          "N" : 96279,
          "percentile" : {
            "1.000000" : 264192,
            "5.000000" : 288768,
            "10.000000" : 305152,
            "20.000000" : 325632,
            "30.000000" : 337920,
            "40.000000" : 350208,
            "50.000000" : 362496,
            "60.000000" : 378880,
            "70.000000" : 395264,
            "80.000000" : 419840,
            "90.000000" : 464896,
            "95.000000" : 518144,
            "99.000000" : 1630208,
            "99.500000" : 1892352,
            "99.900000" : 2211840,
            "99.950000" : 2310144,
            "99.990000" : 3457024
          }
        },
        "lat_ns" : {
          "min" : 226017,
          "max" : 3880049,
          "mean" : 415058.999096,
          "stddev" : 188215.388780,
          "N" : 96279
        },
        "bw_min" : 2216960,
        "bw_max" : 2651648,
        "bw_agg" : 99.848085,
        "bw_mean" : 2460752.842105,
        "bw_dev" : 106808.739181,
        "bw_samples" : 19,
        "iops_min" : 8660,
        "iops_max" : 10358,
        "iops_mean" : 9612.315789,
        "iops_stddev" : 417.221637,
        "iops_samples" : 19
      },
      "write" : {
        "io_bytes" : 0,
        "io_kbytes" : 0,
        "bw_bytes" : 0,
        "bw" : 0,
        "iops" : 0.000000,
        "runtime" : 0,
        "total_ios" : 0,
        "short_ios" : 0,
        "drop_ios" : 0,
        "slat_ns" : {
          "min" : 0,
          "max" : 0,
          "mean" : 0.000000,
          "stddev" : 0.000000,
          "N" : 0
        },
        "clat_ns" : {
          "min" : 0,
          "max" : 0,
          "mean" : 0.000000,
          "stddev" : 0.000000,
          "N" : 0
        },
        "lat_ns" : {
          "min" : 0,
          "max" : 0,
          "mean" : 0.000000,
          "stddev" : 0.000000,
          "N" : 0
        },
        "bw_min" : 0,
        "bw_max" : 0,
        "bw_agg" : 0.000000,
        "bw_mean" : 0.000000,
        "bw_dev" : 0.000000,
        "bw_samples" : 0,
        "iops_min" : 0,
        "iops_max" : 0,
        "iops_mean" : 0.000000,
        "iops_stddev" : 0.000000,
        "iops_samples" : 0
      },
      "trim" : {
        "io_bytes" : 0,
        "io_kbytes" : 0,
        "bw_bytes" : 0,
        "bw" : 0,
        "iops" : 0.000000,
        "runtime" : 0,
        "total_ios" : 0,
        "short_ios" : 0,
        "drop_ios" : 0,
        "slat_ns" : {
          "min" : 0,
          "max" : 0,
          "mean" : 0.000000,
          "stddev" : 0.000000,
          "N" : 0
        },
        "clat_ns" : {
          "min" : 0,
          "max" : 0,
          "mean" : 0.000000,
          "stddev" : 0.000000,
          "N" : 0
        },
        "lat_ns" : {
          "min" : 0,
          "max" : 0,
          "mean" : 0.000000,
          "stddev" : 0.000000,
          "N" : 0
        },
        "bw_min" : 0,
        "bw_max" : 0,
        "bw_agg" : 0.000000,
        "bw_mean" : 0.000000,
        "bw_dev" : 0.000000,
        "bw_samples" : 0,
        "iops_min" : 0,
        "iops_max" : 0,
        "iops_mean" : 0.000000,
        "iops_stddev" : 0.000000,
        "iops_samples" : 0
      },
      "sync" : {
        "total_ios" : 0,
        "lat_ns" : {
          "min" : 0,
          "max" : 0,
          "mean" : 0.000000,
          "stddev" : 0.000000,
          "N" : 0
        }
      },
      "job_runtime" : 10000,
      "usr_cpu" : 1.280000,
      "sys_cpu" : 21.580000,
      "ctx" : 87154,
      "majf" : 0,
      "minf" : 269,
      "iodepth_level" : {
        "1" : 0.100000,
        "2" : 0.100000,
        "4" : 99.996884,
        "8" : 0.000000,
        "16" : 0.000000,
        "32" : 0.000000,
        ">=64" : 0.000000
      },
      "iodepth_submit" : {
        "0" : 0.000000,
        "4" : 100.000000,
        "8" : 0.000000,
        "16" : 0.000000,
        "32" : 0.000000,
        "64" : 0.000000,
        ">=64" : 0.000000
      },
      "iodepth_complete" : {
        "0" : 0.000000,
        "4" : 100.000000,
        "8" : 0.000000,
        "16" : 0.000000,
        "32" : 0.000000,
        "64" : 0.000000,
        ">=64" : 0.000000
      },
      "latency_ns" : {
        "2" : 0.000000,
        "4" : 0.000000,
        "10" : 0.000000,
        "20" : 0.000000,
        "50" : 0.000000,
        "100" : 0.000000,
        "250" : 0.000000,
        "500" : 0.000000,
        "750" : 0.000000,
        "1000" : 0.000000
      },
      "latency_us" : {
        "2" : 0.000000,
        "4" : 0.000000,
        "10" : 0.000000,
        "20" : 0.000000,
        "50" : 0.000000,
        "100" : 0.010000,
        "250" : 0.277319,
        "500" : 93.389005,
        "750" : 4.716501,
        "1000" : 0.141256
      },
      "latency_ms" : {
        "2" : 1.030339,
        "4" : 0.441425,
        "10" : 0.000000,
        "20" : 0.000000,
        "50" : 0.000000,
        "100" : 0.000000,
        "250" : 0.000000,
        "500" : 0.000000,
        "750" : 0.000000,
        "1000" : 0.000000,
        "2000" : 0.000000,
        ">=2000" : 0.000000
      },
      "latency_depth" : 4,
      "latency_target" : 0,
      "latency_percentile" : 100.000000,
      "latency_window" : 0
    }
  ],
  "disk_util" : [
    {
      "name" : "dm-1",
      "read_ios" : 142207,
      "write_ios" : 2412,
      "read_sectors" : 48741160,
      "write_sectors" : 181288,
      "read_merges" : 0,
      "write_merges" : 0,
      "read_ticks" : 52118,
      "write_ticks" : 970,
      "in_queue" : 53088,
      "util" : 98.668802,
      "aggr_read_ios" : 230708,
      "aggr_write_ios" : 2947,
      "aggr_read_sectors" : 49304896,
      "aggr_write_sectors" : 181288,
      "aggr_read_merges" : 0,
      "aggr_write_merge" : 0,
      "aggr_read_ticks" : 81117,
      "aggr_write_ticks" : 1549,
      "aggr_in_queue" : 82666,
      "aggr_util" : 98.380567
    },
    {
      "name" : "dm-0",
      "read_ios" : 230708,
      "write_ios" : 2947,
      "read_sectors" : 49304896,
      "write_sectors" : 181288,
      "read_merges" : 0,
      "write_merges" : 0,
      "read_ticks" : 81117,
      "write_ticks" : 1549,
      "in_queue" : 82666,
      "util" : 98.380567,
      "aggr_read_ios" : 230593,
      "aggr_write_ios" : 1876,
      "aggr_read_sectors" : 49304896,
      "aggr_write_sectors" : 181288,
      "aggr_read_merges" : 115,
      "aggr_write_merge" : 1071,
      "aggr_read_ticks" : 72106,
      "aggr_write_ticks" : 1364,
      "aggr_in_queue" : 73735,
      "aggr_util" : 69.842994
    },
    {
      "name" : "nvme0n1",
      "read_ios" : 230593,
      "write_ios" : 1876,
      "read_sectors" : 49304896,
      "write_sectors" : 181288,
      "read_merges" : 115,
      "write_merges" : 1071,
      "read_ticks" : 72106,
      "write_ticks" : 1364,
      "in_queue" : 73735,
      "util" : 69.842994
    }
  ]
}
