{
  "fio version" : "fio-3.36",
  "timestamp" : 1783086519,
  "timestamp_ms" : 1783086519994,
  "time" : "Fri Jul  3 15:48:39 2026",
  "jobs" : [
    {
      "jobname" : "sweep",
      "groupid" : 0,
      "job_start" : 1783086509962,
      "error" : 0,
      "eta" : 0,
      "elapsed" : 11,
      "job options" : {
        "name" : "sweep",
        "filename" : "./fio-testfile",
        "rw" : "read",
        "ioengine" : "libaio",
        "iodepth" : "1",
        "bs" : "1M",
        "direct" : "1",
        "runtime" : "10s",
        "loops" : "1000"
      },
      "read" : {
        "io_bytes" : 17579376640,
        "io_kbytes" : 17167360,
        "bw_bytes" : 1757761887,
        "bw" : 1716564,
        "iops" : 1676.332367,
        "runtime" : 10001,
        "total_ios" : 16765,
        "short_ios" : 0,
        "drop_ios" : 0,
        "slat_ns" : {
          "min" : 53270,
          "max" : 954697,
          "mean" : 67542.569937,
          "stddev" : 13704.287332,
          "N" : 16765
        },
        "clat_ns" : {
          "min" : 1470,
          "max" : 2375199,
          "mean" : 528323.431912,
          "stddev" : 157308.395884,
          "N" : 16765,
          "percentile" : {
            "1.000000" : 428032,
            "5.000000" : 448512,
            "10.000000" : 456704,
            "20.000000" : 468992,
            "30.000000" : 481280,
            "40.000000" : 489472,
            "50.000000" : 497664,
            "60.000000" : 509952,
            "70.000000" : 528384,
            "80.000000" : 552960,
            "90.000000" : 585728,
            "95.000000" : 626688,
            "99.000000" : 1515520,
            "99.500000" : 1941504,
            "99.900000" : 2072576,
            "99.950000" : 2146304,
            "99.990000" : 2375680
          }
        },
        "lat_ns" : {
          "min" : 428465,
          "max" : 2452408,
          "mean" : 595866.001849,
          "stddev" : 158239.594723,
          "N" : 16765
        },
        "bw_min" : 1595392,
        "bw_max" : 1777664,
        "bw_agg" : 100.000000,
        "bw_mean" : 1717517.473684,
        "bw_dev" : 48152.010932,
        "bw_samples" : 19,
        "iops_min" : 1558,
        "iops_max" : 1736,
        "iops_mean" : 1677.263158,
        "iops_stddev" : 47.023448,
        "iops_samples" : 19
      },
      "write" : {
        "io_bytes" : 0,
        "io_kbytes" : 0,
        "bw_bytes" : 0,
        "bw" : 0,
        "iops" : 0.000000,
        "runtime" : 0,
        "total_ios" : 0,
        "short_ios" : 0,
        "drop_ios" : 0,
        "slat_ns" : {
          "min" : 0,
          "max" : 0,
          "mean" : 0.000000,
          "stddev" : 0.000000,
          "N" : 0
        },
        "clat_ns" : {
          "min" : 0,
          "max" : 0,
          "mean" : 0.000000,
          "stddev" : 0.000000,
          "N" : 0
        },
        "lat_ns" : {
          "min" : 0,
          "max" : 0,
          "mean" : 0.000000,
          "stddev" : 0.000000,
          "N" : 0
        },
        "bw_min" : 0,
        "bw_max" : 0,
        "bw_agg" : 0.000000,
        "bw_mean" : 0.000000,
        "bw_dev" : 0.000000,
        "bw_samples" : 0,
        "iops_min" : 0,
        "iops_max" : 0,
        "iops_mean" : 0.000000,
        "iops_stddev" : 0.000000,
        "iops_samples" : 0
      },
      "trim" : {
        "io_bytes" : 0,
        "io_kbytes" : 0,
        "bw_bytes" : 0,
        "bw" : 0,
        "iops" : 0.000000,
        "runtime" : 0,
        "total_ios" : 0,
        "short_ios" : 0,
        "drop_ios" : 0,
        "slat_ns" : {
          "min" : 0,
          "max" : 0,
          "mean" : 0.000000,
          "stddev" : 0.000000,
          "N" : 0
        },
        "clat_ns" : {
          "min" : 0,
          "max" : 0,
          "mean" : 0.000000,
          "stddev" : 0.000000,
          "N" : 0
        },
        "lat_ns" : {
          "min" : 0,
          "max" : 0,
          "mean" : 0.000000,
          "stddev" : 0.000000,
          "N" : 0
        },
        "bw_min" : 0,
        "bw_max" : 0,
        "bw_agg" : 0.000000,
        "bw_mean" : 0.000000,
        "bw_dev" : 0.000000,
        "bw_samples" : 0,
        "iops_min" : 0,
        "iops_max" : 0,
        "iops_mean" : 0.000000,
        "iops_stddev" : 0.000000,
        "iops_samples" : 0
      },
      "sync" : {
        "total_ios" : 0,
        "lat_ns" : {
          "min" : 0,
          "max" : 0,
          "mean" : 0.000000,
          "stddev" : 0.000000,
          "N" : 0
        }
      },
      "job_runtime" : 10000,
      "usr_cpu" : 0.230000,
      "sys_cpu" : 11.850000,
      "ctx" : 17157,
      "majf" : 0,
      "minf" : 270,
      "iodepth_level" : {
        "1" : 100.000000,
        "2" : 0.000000,
        "4" : 0.000000,
        "8" : 0.000000,
        "16" : 0.000000,
        "32" : 0.000000,
        ">=64" : 0.000000
      },
      "iodepth_submit" : {
        "0" : 0.000000,
        "4" : 100.000000,
        "8" : 0.000000,
        "16" : 0.000000,
        "32" : 0.000000,
        "64" : 0.000000,
        ">=64" : 0.000000
      },
      "iodepth_complete" : {
        "0" : 0.000000,
        "4" : 100.000000,
        "8" : 0.000000,
        "16" : 0.000000,
        "32" : 0.000000,
        "64" : 0.000000,
        ">=64" : 0.000000
      },
      "latency_ns" : {
        "2" : 0.000000,
        "4" : 0.000000,
        "10" : 0.000000,
        "20" : 0.000000,
        "50" : 0.000000,
        "100" : 0.000000,
        "250" : 0.000000,
        "500" : 0.000000,
        "750" : 0.000000,
        "1000" : 0.000000
      },
      "latency_us" : {
        "2" : 0.011930,
        "4" : 0.000000,
        "10" : 0.000000,
        "20" : 0.000000,
        "50" : 0.000000,
        "100" : 0.000000,
        "250" : 0.000000,
        "500" : 50.641217,
        "750" : 47.593200,
        "1000" : 0.274381
      },
      "latency_ms" : {
        "2" : 1.169102,
        "4" : 0.310170,
        "10" : 0.000000,
        "20" : 0.000000,
        "50" : 0.000000,
        "100" : 0.000000,
        "250" : 0.000000,
        "500" : 0.000000,
        "750" : 0.000000,
        "1000" : 0.000000,
        "2000" : 0.000000,
        ">=2000" : 0.000000
      },
      "latency_depth" : 1,
      "latency_target" : 0,
      "latency_percentile" : 100.000000,
      "latency_window" : 0
    }
  ],
  "disk_util" : [
    {
      "name" : "dm-1",
      "read_ios" : 49400,
      "write_ios" : 2249,
      "read_sectors" : 33978344,
      "write_sectors" : 67472,
      "read_merges" : 0,
      "write_merges" : 0,
      "read_ticks" : 22973,
      "write_ticks" : 1859,
      "in_queue" : 24832,
      "util" : 96.096487,
      "aggr_read_ios" : 150332,
      "aggr_write_ios" : 2362,
      "aggr_read_sectors" : 34334952,
      "aggr_write_sectors" : 67608,
      "aggr_read_merges" : 0,
      "aggr_write_merge" : 0,
      "aggr_read_ticks" : 62406,
      "aggr_write_ticks" : 1954,
      "aggr_in_queue" : 64360,
      "aggr_util" : 95.674928
    },
    {
      "name" : "dm-0",
      "read_ios" : 150332,
      "write_ios" : 2362,
      "read_sectors" : 34334952,
      "write_sectors" : 67608,
      "read_merges" : 0,
      "write_merges" : 0,
      "read_ticks" : 62406,
      "write_ticks" : 1954,
      "in_queue" : 64360,
      "util" : 95.674928,
      "aggr_read_ios" : 150332,
      "aggr_write_ios" : 1645,
      "aggr_read_sectors" : 34334952,
      "aggr_write_sectors" : 67608,
      "aggr_read_merges" : 0,
      "aggr_write_merge" : 717,
      "aggr_read_ticks" : 58574,
      "aggr_write_ticks" : 1853,
      "aggr_in_queue" : 60642,
      "aggr_util" : 82.818209
    },
    {
      "name" : "nvme0n1",
      "read_ios" : 150332,
      "write_ios" : 1645,
      "read_sectors" : 34334952,
      "write_sectors" : 67608,
      "read_merges" : 0,
      "write_merges" : 717,
      "read_ticks" : 58574,
      "write_ticks" : 1853,
      "in_queue" : 60642,
      "util" : 82.818209
    }
  ]
}
