{
  "fio version" : "fio-3.41",
  "timestamp" : 1783091448,
  "timestamp_ms" : 1783091448678,
  "time" : "Fri Jul  3 17:10:48 2026",
  "jobs" : [
    {
      "jobname" : "sweep",
      "groupid" : 0,
      "job_start" : 1783091438533,
      "error" : 0,
      "eta" : 0,
      "elapsed" : 11,
      "job options" : {
        "name" : "sweep",
        "filename" : "./fio-testfile",
        "rw" : "read",
        "ioengine" : "libaio",
        "iodepth" : "16",
        "bs" : "4k",
        "direct" : "1",
        "time_based" : "",
        "runtime" : "10s",
        "loops" : "1000",
        "group_reporting" : ""
      },
      "read" : {
        "io_bytes" : 7345184768,
        "io_kbytes" : 7173032,
        "bw_bytes" : 734445032,
        "bw" : 717231,
        "iops" : 179307.869213,
        "runtime" : 10001,
        "total_ios" : 1793258,
        "short_ios" : 0,
        "drop_ios" : 0,
        "slat_ns" : {
          "min" : 2182,
          "max" : 846011,
          "mean" : 4205.281663,
          "stddev" : 2633.008245,
          "N" : 1793258
        },
        "clat_ns" : {
          "min" : 18568,
          "max" : 1322571,
          "mean" : 84719.383302,
          "stddev" : 19386.577288,
          "N" : 1793258,
          "percentile" : {
            "1.000000" : 73216,
            "5.000000" : 76288,
            "10.000000" : 77312,
            "20.000000" : 78336,
            "30.000000" : 79360,
            "40.000000" : 79360,
            "50.000000" : 80384,
            "60.000000" : 81408,
            "70.000000" : 82432,
            "80.000000" : 84480,
            "90.000000" : 89600,
            "95.000000" : 103936,
            "99.000000" : 160768,
            "99.500000" : 177152,
            "99.900000" : 218112,
            "99.950000" : 272384,
            "99.990000" : 815104
          }
        },
        "lat_ns" : {
          "min" : 21122,
          "max" : 1326185,
          "mean" : 88924.664965,
          "stddev" : 20234.119242,
          "N" : 1793258
        },
        "bw_min" : 487032,
        "bw_max" : 752592,
        "bw_agg" : 100.000000,
        "bw_mean" : 717303.200000,
        "bw_dev" : 62849.444345,
        "bw_samples" : 20,
        "iops_min" : 121758,
        "iops_max" : 188148,
        "iops_mean" : 179325.800000,
        "iops_stddev" : 15712.361086,
        "iops_samples" : 20
      },
      "write" : {
        "io_bytes" : 0,
        "io_kbytes" : 0,
        "bw_bytes" : 0,
        "bw" : 0,
        "iops" : 0.000000,
        "runtime" : 0,
        "total_ios" : 0,
        "short_ios" : 0,
        "drop_ios" : 0,
        "slat_ns" : {
          "min" : 0,
          "max" : 0,
          "mean" : 0.000000,
          "stddev" : 0.000000,
          "N" : 0
        },
        "clat_ns" : {
          "min" : 0,
          "max" : 0,
          "mean" : 0.000000,
          "stddev" : 0.000000,
          "N" : 0
        },
        "lat_ns" : {
          "min" : 0,
          "max" : 0,
          "mean" : 0.000000,
          "stddev" : 0.000000,
          "N" : 0
        },
        "bw_min" : 0,
        "bw_max" : 0,
        "bw_agg" : 0.000000,
        "bw_mean" : 0.000000,
        "bw_dev" : 0.000000,
        "bw_samples" : 0,
        "iops_min" : 0,
        "iops_max" : 0,
        "iops_mean" : 0.000000,
        "iops_stddev" : 0.000000,
        "iops_samples" : 0
      },
      "trim" : {
        "io_bytes" : 0,
        "io_kbytes" : 0,
        "bw_bytes" : 0,
        "bw" : 0,
        "iops" : 0.000000,
        "runtime" : 0,
        "total_ios" : 0,
        "short_ios" : 0,
        "drop_ios" : 0,
        "slat_ns" : {
          "min" : 0,
          "max" : 0,
          "mean" : 0.000000,
          "stddev" : 0.000000,
          "N" : 0
        },
        "clat_ns" : {
          "min" : 0,
          "max" : 0,
          "mean" : 0.000000,
          "stddev" : 0.000000,
          "N" : 0
        },
        "lat_ns" : {
          "min" : 0,
          "max" : 0,
          "mean" : 0.000000,
          "stddev" : 0.000000,
          "N" : 0
        },
        "bw_min" : 0,
        "bw_max" : 0,
        "bw_agg" : 0.000000,
        "bw_mean" : 0.000000,
        "bw_dev" : 0.000000,
        "bw_samples" : 0,
        "iops_min" : 0,
        "iops_max" : 0,
        "iops_mean" : 0.000000,
        "iops_stddev" : 0.000000,
        "iops_samples" : 0
      },
      "sync" : {
        "total_ios" : 0,
        "lat_ns" : {
          "min" : 0,
          "max" : 0,
          "mean" : 0.000000,
          "stddev" : 0.000000,
          "N" : 0
        }
      },
      "job_runtime" : 10000,
      "usr_cpu" : 17.000000,
      "sys_cpu" : 82.770000,
      "ctx" : 483,
      "majf" : 0,
      "minf" : 27,
      "iodepth_level" : {
        "1" : 0.100000,
        "2" : 0.100000,
        "4" : 0.100000,
        "8" : 0.100000,
        "16" : 99.999164,
        "32" : 0.000000,
        ">=64" : 0.000000
      },
      "iodepth_submit" : {
        "0" : 0.000000,
        "4" : 100.000000,
        "8" : 0.000000,
        "16" : 0.000000,
        "32" : 0.000000,
        "64" : 0.000000,
        ">=64" : 0.000000
      },
      "iodepth_complete" : {
        "0" : 0.000000,
        "4" : 99.999944,
        "8" : 0.000000,
        "16" : 0.100000,
        "32" : 0.000000,
        "64" : 0.000000,
        ">=64" : 0.000000
      },
      "latency_ns" : {
        "2" : 0.000000,
        "4" : 0.000000,
        "10" : 0.000000,
        "20" : 0.000000,
        "50" : 0.000000,
        "100" : 0.000000,
        "250" : 0.000000,
        "500" : 0.000000,
        "750" : 0.000000,
        "1000" : 0.000000
      },
      "latency_us" : {
        "2" : 0.000000,
        "4" : 0.000000,
        "10" : 0.000000,
        "20" : 0.010000,
        "50" : 0.010000,
        "100" : 94.646225,
        "250" : 5.287527,
        "500" : 0.047567,
        "750" : 0.010000,
        "1000" : 0.011264
      },
      "latency_ms" : {
        "2" : 0.010000,
        "4" : 0.000000,
        "10" : 0.000000,
        "20" : 0.000000,
        "50" : 0.000000,
        "100" : 0.000000,
        "250" : 0.000000,
        "500" : 0.000000,
        "750" : 0.000000,
        "1000" : 0.000000,
        "2000" : 0.000000,
        ">=2000" : 0.000000
      },
      "latency_depth" : 16,
      "latency_target" : 0,
      "latency_percentile" : 100.000000,
      "latency_window" : 0
    }
  ],
  "disk_util" : [
    {
      "name" : "dm-1",
      "read_ios" : 1773391,
      "write_ios" : 1284,
      "read_sectors" : 14187176,
      "write_sectors" : 16216,
      "read_merges" : 0,
      "write_merges" : 0,
      "read_ticks" : 24735,
      "write_ticks" : 99,
      "in_queue" : 24834,
      "util" : 99.029223,
      "aggr_read_ios" : 1793259,
      "aggr_write_ios" : 1360,
      "aggr_read_sectors" : 14346120,
      "aggr_write_sectors" : 16272,
      "aggr_read_merges" : 0,
      "aggr_write_merge" : 0,
      "aggr_read_ticks" : 24197,
      "aggr_write_ticks" : 98,
      "aggr_in_queue" : 24295,
      "aggr_util" : 98.560726
    },
    {
      "name" : "dm-0",
      "read_ios" : 1793259,
      "write_ios" : 1360,
      "read_sectors" : 14346120,
      "write_sectors" : 16272,
      "read_merges" : 0,
      "write_merges" : 0,
      "read_ticks" : 24197,
      "write_ticks" : 98,
      "in_queue" : 24295,
      "util" : 98.560726,
      "aggr_read_ios" : 1793259,
      "aggr_write_ios" : 835,
      "aggr_read_sectors" : 14346120,
      "aggr_write_sectors" : 16272,
      "aggr_read_merges" : 0,
      "aggr_write_merge" : 525,
      "aggr_read_ticks" : 15443,
      "aggr_write_ticks" : 94,
      "aggr_in_queue" : 15554,
      "aggr_util" : 87.055112
    },
    {
      "name" : "nvme0n1",
      "read_ios" : 1793259,
      "write_ios" : 835,
      "read_sectors" : 14346120,
      "write_sectors" : 16272,
      "read_merges" : 0,
      "write_merges" : 525,
      "read_ticks" : 15443,
      "write_ticks" : 94,
      "in_queue" : 15554,