{
  "fio version" : "fio-3.41",
  "timestamp" : 1783091532,
  "timestamp_ms" : 1783091532314,
  "time" : "Fri Jul  3 17:12:12 2026",
  "jobs" : [
    {
      "jobname" : "sweep",
      "groupid" : 0,
      "job_start" : 1783091522169,
      "error" : 0,
      "eta" : 0,
      "elapsed" : 11,
      "job options" : {
        "name" : "sweep",
        "filename" : "./fio-testfile",
        "rw" : "read",
        "ioengine" : "libaio",
        "iodepth" : "64",
        "bs" : "64k",
        "direct" : "1",
        "time_based" : "",
        "runtime" : "10s",
        "loops" : "1000",
        "group_reporting" : ""
      },
      "read" : {
        "io_bytes" : 55336173568,
        "io_kbytes" : 54039232,
        "bw_bytes" : 5533064050,
        "bw" : 5403382,
        "iops" : 84427.857214,
        "runtime" : 10001,
        "total_ios" : 844363,
        "short_ios" : 0,
        "drop_ios" : 0,
        "slat_ns" : {
          "min" : 7657,
          "max" : 515700,
          "mean" : 11014.150709,
          "stddev" : 2947.145487,
          "N" : 844363
        },
        "clat_ns" : {
          "min" : 208789,
          "max" : 3895744,
          "mean" : 746582.366072,
          "stddev" : 120808.108022,
          "N" : 844363,
          "percentile" : {
            "1.000000" : 684032,
            "5.000000" : 700416,
            "10.000000" : 708608,
            "20.000000" : 716800,
            "30.000000" : 716800,
            "40.000000" : 724992,
            "50.000000" : 724992,
            "60.000000" : 733184,
            "70.000000" : 733184,
            "80.000000" : 741376,
            "90.000000" : 749568,
            "95.000000" : 774144,
            "99.000000" : 1531904,
            "99.500000" : 1581056,
            "99.900000" : 1712128,
            "99.950000" : 1761280,
            "99.990000" : 2441216
          }
        },
        "lat_ns" : {
          "min" : 221179,
          "max" : 3905091,
          "mean" : 757596.516781,
          "stddev" : 122537.101796,
          "N" : 844363
        },
        "bw_min" : 4160768,
        "bw_max" : 5601152,
        "bw_agg" : 100.000000,
        "bw_mean" : 5403923.200000,
        "bw_dev" : 359235.986873,
        "bw_samples" : 20,
        "iops_min" : 65012,
        "iops_max" : 87518,
        "iops_mean" : 84436.200000,
        "iops_stddev" : 5613.013822,
        "iops_samples" : 20
      },
      "write" : {
        "io_bytes" : 0,
        "io_kbytes" : 0,
        "bw_bytes" : 0,
        "bw" : 0,
        "iops" : 0.000000,
        "runtime" : 0,
        "total_ios" : 0,
        "short_ios" : 0,
        "drop_ios" : 0,
        "slat_ns" : {
          "min" : 0,
          "max" : 0,
          "mean" : 0.000000,
          "stddev" : 0.000000,
          "N" : 0
        },
        "clat_ns" : {
          "min" : 0,
          "max" : 0,
          "mean" : 0.000000,
          "stddev" : 0.000000,
          "N" : 0
        },
        "lat_ns" : {
          "min" : 0,
          "max" : 0,
          "mean" : 0.000000,
          "stddev" : 0.000000,
          "N" : 0
        },
        "bw_min" : 0,
        "bw_max" : 0,
        "bw_agg" : 0.000000,
        "bw_mean" : 0.000000,
        "bw_dev" : 0.000000,
        "bw_samples" : 0,
        "iops_min" : 0,
        "iops_max" : 0,
        "iops_mean" : 0.000000,
        "iops_stddev" : 0.000000,
        "iops_samples" : 0
      },
      "trim" : {
        "io_bytes" : 0,
        "io_kbytes" : 0,
        "bw_bytes" : 0,
        "bw" : 0,
        "iops" : 0.000000,
        "runtime" : 0,
        "total_ios" : 0,
        "short_ios" : 0,
        "drop_ios" : 0,
        "slat_ns" : {
          "min" : 0,
          "max" : 0,
          "mean" : 0.000000,
          "stddev" : 0.000000,
          "N" : 0
        },
        "clat_ns" : {
          "min" : 0,
          "max" : 0,
          "mean" : 0.000000,
          "stddev" : 0.000000,
          "N" : 0
        },
        "lat_ns" : {
          "min" : 0,
          "max" : 0,
          "mean" : 0.000000,
          "stddev" : 0.000000,
          "N" : 0
        },
        "bw_min" : 0,
        "bw_max" : 0,
        "bw_agg" : 0.000000,
        "bw_mean" : 0.000000,
        "bw_dev" : 0.000000,
        "bw_samples" : 0,
        "iops_min" : 0,
        "iops_max" : 0,
        "iops_mean" : 0.000000,
        "iops_stddev" : 0.000000,
        "iops_samples" : 0
      },
      "sync" : {
        "total_ios" : 0,
        "lat_ns" : {
          "min" : 0,
          "max" : 0,
          "mean" : 0.000000,
          "stddev" : 0.000000,
          "N" : 0
        }
      },
      "job_runtime" : 10000,
      "usr_cpu" : 4.970000,
      "sys_cpu" : 94.960000,
      "ctx" : 306,
      "majf" : 0,
      "minf" : 1032,
      "iodepth_level" : {
        "1" : 0.100000,
        "2" : 0.100000,
        "4" : 0.100000,
        "8" : 0.100000,
        "16" : 0.100000,
        "32" : 0.100000,
        ">=64" : 99.992539
      },
      "iodepth_submit" : {
        "0" : 0.000000,
        "4" : 100.000000,
        "8" : 0.000000,
        "16" : 0.000000,
        "32" : 0.000000,
        "64" : 0.000000,
        ">=64" : 0.000000
      },
      "iodepth_complete" : {
        "0" : 0.000000,
        "4" : 99.999882,
        "8" : 0.000000,
        "16" : 0.000000,
        "32" : 0.000000,
        "64" : 0.100000,
        ">=64" : 0.000000
      },
      "latency_ns" : {
        "2" : 0.000000,
        "4" : 0.000000,
        "10" : 0.000000,
        "20" : 0.000000,
        "50" : 0.000000,
        "100" : 0.000000,
        "250" : 0.000000,
        "500" : 0.000000,
        "750" : 0.000000,
        "1000" : 0.000000
      },
      "latency_us" : {
        "2" : 0.000000,
        "4" : 0.000000,
        "10" : 0.000000,
        "20" : 0.000000,
        "50" : 0.000000,
        "100" : 0.000000,
        "250" : 0.010000,
        "500" : 0.027950,
        "750" : 90.157551,
        "1000" : 7.089131
      },
      "latency_ms" : {
        "2" : 2.701918,
        "4" : 0.022976,
        "10" : 0.000000,
        "20" : 0.000000,
        "50" : 0.000000,
        "100" : 0.000000,
        "250" : 0.000000,
        "500" : 0.000000,
        "750" : 0.000000,
        "1000" : 0.000000,
        "2000" : 0.000000,
        ">=2000" : 0.000000
      },
      "latency_depth" : 64,
      "latency_target" : 0,
      "latency_percentile" : 100.000000,
      "latency_window" : 0
    }
  ],
  "disk_util" : [
    {
      "name" : "dm-1",
      "read_ios" : 835349,
      "write_ios" : 1018,
      "read_sectors" : 106924328,
      "write_sectors" : 10712,
      "read_merges" : 0,
      "write_merges" : 0,
      "read_ticks" : 130883,
      "write_ticks" : 90,
      "in_queue" : 130973,
      "util" : 99.039135,
      "aggr_read_ios" : 844367,
      "aggr_write_ios" : 1090,
      "aggr_read_sectors" : 108078632,
      "aggr_write_sectors" : 10712,
      "aggr_read_merges" : 0,
      "aggr_write_merge" : 0,
      "aggr_read_ticks" : 132152,
      "aggr_write_ticks" : 90,
      "aggr_in_queue" : 132242,
      "aggr_util" : 98.745803
    },
    {
      "name" : "dm-0",
      "read_ios" : 844367,
      "write_ios" : 1090,
      "read_sectors" : 108078632,
      "write_sectors" : 10712,
      "read_merges" : 0,
      "write_merges" : 0,
      "read_ticks" : 132152,
      "write_ticks" : 90,
      "in_queue" : 132242,
      "util" : 98.745803,
      "aggr_read_ios" : 844367,
      "aggr_write_ios" : 641,
      "aggr_read_sectors" : 108078632,
      "aggr_write_sectors" : 10712,
      "aggr_read_merges" : 0,
      "aggr_write_merge" : 449,
      "aggr_read_ticks" : 103315,
      "aggr_write_ticks" : 66,
      "aggr_in_queue" : 103406,
      "aggr_util" : 59.841975
    },
    {
      "name" : "nvme0n1",
      "read_ios" : 844367,
      "write_ios" : 641,
      "read_sectors" : 108078632,
      "write_sectors" : 10712,
      "read_merges" : 0,
      "write_merges" : 449,
      "read_ticks" : 103315,
      "write_ticks" : 66,