{
  "fio version" : "fio-3.41",
  "timestamp" : 1783610504,
  "timestamp_ms" : 1783610504590,
  "time" : "Thu Jul  9 17:21:44 2026",
  "jobs" : [
    {
      "jobname" : "sweep",
      "groupid" : 0,
      "job_start" : 1783610482069,
      "error" : 0,
      "eta" : 0,
      "elapsed" : 23,
      "job options" : {
        "name" : "sweep",
        "filename" : "./fio-testfile",
        "rw" : "read",
        "ioengine" : "libaio",
        "iodepth" : "4",
        "bs" : "1M",
        "direct" : "1",
        "group_reporting" : ""
      },
      "read" : {
        "io_bytes" : 107374182400,
        "io_kbytes" : 104857600,
        "bw_bytes" : 4782601327,
        "bw" : 4670509,
        "iops" : 4561.044051,
        "runtime" : 22451,
        "total_ios" : 102400,
        "short_ios" : 0,
        "drop_ios" : 0,
        "slat_ns" : {
          "min" : 76713,
          "max" : 2862695,
          "mean" : 205240.611230,
          "stddev" : 56530.015262,
          "N" : 102400
        },
        "clat_ns" : {
          "min" : 205480,
          "max" : 4569993,
          "mean" : 670931.029512,
          "stddev" : 142769.035121,
          "N" : 102400,
          "percentile" : {
            "1.000000" : 395264,
            "5.000000" : 460800,
            "10.000000" : 501760,
            "20.000000" : 552960,
            "30.000000" : 602112,
            "40.000000" : 651264,
            "50.000000" : 684032,
            "60.000000" : 716800,
            "70.000000" : 741376,
            "80.000000" : 765952,
            "90.000000" : 806912,
            "95.000000" : 831488,
            "99.000000" : 1011712,
            "99.500000" : 1155072,
            "99.900000" : 1826816,
            "99.950000" : 2441216,
            "99.990000" : 3489792
          }
        },
        "lat_ns" : {
          "min" : 369884,
          "max" : 4834917,
          "mean" : 876171.640742,
          "stddev" : 179353.731198,
          "N" : 102400
        },
        "bw_min" : 4265984,
        "bw_max" : 5756928,
        "bw_agg" : 100.000000,
        "bw_mean" : 4673536.000000,
        "bw_dev" : 329313.139562,
        "bw_samples" : 44,
        "iops_min" : 4166,
        "iops_max" : 5622,
        "iops_mean" : 4564.000000,
        "iops_stddev" : 321.594863,
        "iops_samples" : 44
      },
      "write" : {
        "io_bytes" : 0,
        "io_kbytes" : 0,
        "bw_bytes" : 0,
        "bw" : 0,
        "iops" : 0.000000,
        "runtime" : 0,
        "total_ios" : 0,
        "short_ios" : 0,
        "drop_ios" : 0,
        "slat_ns" : {
          "min" : 0,
          "max" : 0,
          "mean" : 0.000000,
          "stddev" : 0.000000,
          "N" : 0
        },
        "clat_ns" : {
          "min" : 0,
          "max" : 0,
          "mean" : 0.000000,
          "stddev" : 0.000000,
          "N" : 0
        },
        "lat_ns" : {
          "min" : 0,
          "max" : 0,
          "mean" : 0.000000,
          "stddev" : 0.000000,
          "N" : 0
        },
        "bw_min" : 0,
        "bw_max" : 0,
        "bw_agg" : 0.000000,
        "bw_mean" : 0.000000,
        "bw_dev" : 0.000000,
        "bw_samples" : 0,
        "iops_min" : 0,
        "iops_max" : 0,
        "iops_mean" : 0.000000,
        "iops_stddev" : 0.000000,
        "iops_samples" : 0
      },
      "trim" : {
        "io_bytes" : 0,
        "io_kbytes" : 0,
        "bw_bytes" : 0,
        "bw" : 0,
        "iops" : 0.000000,
        "runtime" : 0,
        "total_ios" : 0,
        "short_ios" : 0,
        "drop_ios" : 0,
        "slat_ns" : {
          "min" : 0,
          "max" : 0,
          "mean" : 0.000000,
          "stddev" : 0.000000,
          "N" : 0
        },
        "clat_ns" : {
          "min" : 0,
          "max" : 0,
          "mean" : 0.000000,
          "stddev" : 0.000000,
          "N" : 0
        },
        "lat_ns" : {
          "min" : 0,
          "max" : 0,
          "mean" : 0.000000,
          "stddev" : 0.000000,
          "N" : 0
        },
        "bw_min" : 0,
        "bw_max" : 0,
        "bw_agg" : 0.000000,
        "bw_mean" : 0.000000,
        "bw_dev" : 0.000000,
        "bw_samples" : 0,
        "iops_min" : 0,
        "iops_max" : 0,
        "iops_mean" : 0.000000,
        "iops_stddev" : 0.000000,
        "iops_samples" : 0
      },
      "sync" : {
        "total_ios" : 0,
        "lat_ns" : {
          "min" : 0,
          "max" : 0,
          "mean" : 0.000000,
          "stddev" : 0.000000,
          "N" : 0
        }
      },
      "job_runtime" : 22450,
      "usr_cpu" : 0.757238,
      "sys_cpu" : 93.594655,
      "ctx" : 15645,
      "majf" : 0,
      "minf" : 1034,
      "iodepth_level" : {
        "1" : 0.100000,
        "2" : 0.100000,
        "4" : 99.997070,
        "8" : 0.000000,
        "16" : 0.000000,
        "32" : 0.000000,
        ">=64" : 0.000000
      },
      "iodepth_submit" : {
        "0" : 0.000000,
        "4" : 100.000000,
        "8" : 0.000000,
        "16" : 0.000000,
        "32" : 0.000000,
        "64" : 0.000000,
        ">=64" : 0.000000
      },
      "iodepth_complete" : {
        "0" : 0.000000,
        "4" : 100.000000,
        "8" : 0.000000,
        "16" : 0.000000,
        "32" : 0.000000,
        "64" : 0.000000,
        ">=64" : 0.000000
      },
      "latency_ns" : {
        "2" : 0.000000,
        "4" : 0.000000,
        "10" : 0.000000,
        "20" : 0.000000,
        "50" : 0.000000,
        "100" : 0.000000,
        "250" : 0.000000,
        "500" : 0.000000,
        "750" : 0.000000,
        "1000" : 0.000000
      },
      "latency_us" : {
        "2" : 0.000000,
        "4" : 0.000000,
        "10" : 0.000000,
        "20" : 0.000000,
        "50" : 0.000000,
        "100" : 0.000000,
        "250" : 0.010000,
        "500" : 10.023438,
        "750" : 62.322266,
        "1000" : 26.586914
      },
      "latency_ms" : {
        "2" : 0.993164,
        "4" : 0.069336,
        "10" : 0.010000,
        "20" : 0.000000,
        "50" : 0.000000,
        "100" : 0.000000,
        "250" : 0.000000,
        "500" : 0.000000,
        "750" : 0.000000,
        "1000" : 0.000000,
        "2000" : 0.000000,
        ">=2000" : 0.000000
      },
      "latency_depth" : 4,
      "latency_target" : 0,
      "latency_percentile" : 100.000000,
      "latency_window" : 0
    }
  ],
  "disk_util" : [
    {
      "name" : "dm-1",
      "read_ios" : 109666,
      "write_ios" : 2728,
      "read_sectors" : 209428720,
      "write_sectors" : 36328,
      "read_merges" : 0,
      "write_merges" : 0,
      "read_ticks" : 59732,
      "write_ticks" : 406,
      "in_queue" : 60138,
      "util" : 99.612938,
      "aggr_read_ios" : 826719,
      "aggr_write_ios" : 2938,
      "aggr_read_sectors" : 209946864,
      "aggr_write_sectors" : 36504,
      "aggr_read_merges" : 0,
      "aggr_write_merge" : 0,
      "aggr_read_ticks" : 326732,
      "aggr_write_ticks" : 490,
      "aggr_in_queue" : 327222,
      "aggr_util" : 99.410957
    },
    {
      "name" : "dm-0",
      "read_ios" : 826719,
      "write_ios" : 2938,
      "read_sectors" : 209946864,
      "write_sectors" : 36504,
      "read_merges" : 0,
      "write_merges" : 0,
      "read_ticks" : 326732,
      "write_ticks" : 490,
      "in_queue" : 327222,
      "util" : 99.410957,
      "aggr_read_ios" : 822818,
      "aggr_write_ios" : 1519,
      "aggr_read_sectors" : 209946864,
      "aggr_write_sectors" : 36504,
      "aggr_read_merges" : 3901,
      "aggr_write_merge" : 1419,
      "aggr_read_ticks" : 273111,
      "aggr_write_ticks" : 308,
      "aggr_in_queue" : 273490,
      "aggr_util" : 65.135746
    },
    {
      "name" : "nvme0n1",
      "read_ios" : 822818,
      "write_ios" : 1519,
      "read_sectors" : 209946864,
      "write_sectors" : 36504,
      "read_merges" : 3901,
      "write_merges" : 1419,
      "read_ticks" : 273111,
      "write_ticks" : 308,
      "in_queue" : 273490,
      "util" : 65.135746
    }
  ]
}
