{
  "fio version" : "fio-3.36",
  "timestamp" : 1783508882,
  "timestamp_ms" : 1783508882080,
  "time" : "Wed Jul  8 13:08:02 2026",
  "jobs" : [
    {
      "jobname" : "sweep",
      "groupid" : 0,
      "job_start" : 1783508860071,
      "error" : 0,
      "eta" : 0,
      "elapsed" : 23,
      "job options" : {
        "name" : "sweep",
        "filename" : "./fio-testfile",
        "rw" : "read",
        "ioengine" : "libaio",
        "iodepth" : "8",
        "bs" : "4k",
        "direct" : "1"
      },
      "read" : {
        "io_bytes" : 8589934592,
        "io_kbytes" : 8388608,
        "bw_bytes" : 390984733,
        "bw" : 381821,
        "iops" : 95455.257169,
        "runtime" : 21970,
        "total_ios" : 2097152,
        "short_ios" : 0,
        "drop_ios" : 0,
        "slat_ns" : {
          "min" : 2720,
          "max" : 1774529,
          "mean" : 4123.145134,
          "stddev" : 3327.498506,
          "N" : 2097152
        },
        "clat_ns" : {
          "min" : 13650,
          "max" : 4740794,
          "mean" : 79493.233074,
          "stddev" : 112888.872144,
          "N" : 2097152,
          "percentile" : {
            "1.000000" : 30080,
            "5.000000" : 32384,
            "10.000000" : 33536,
            "20.000000" : 35584,
            "30.000000" : 37120,
            "40.000000" : 39168,
            "50.000000" : 42752,
            "60.000000" : 47360,
            "70.000000" : 66048,
            "80.000000" : 102912,
            "90.000000" : 168960,
            "95.000000" : 244736,
            "99.000000" : 370688,
            "99.500000" : 489472,
            "99.900000" : 1482752,
            "99.950000" : 1777664,
            "99.990000" : 2007040
          }
        },
        "lat_ns" : {
          "min" : 17350,
          "max" : 4743823,
          "mean" : 83616.378208,
          "stddev" : 112774.001614,
          "N" : 2097152
        },
        "bw_min" : 185000,
        "bw_max" : 456024,
        "bw_agg" : 100.000000,
        "bw_mean" : 382443.162791,
        "bw_dev" : 62662.334841,
        "bw_samples" : 43,
        "iops_min" : 46250,
        "iops_max" : 114006,
        "iops_mean" : 95610.837209,
        "iops_stddev" : 15665.617439,
        "iops_samples" : 43
      },
      "write" : {
        "io_bytes" : 0,
        "io_kbytes" : 0,
        "bw_bytes" : 0,
        "bw" : 0,
        "iops" : 0.000000,
        "runtime" : 0,
        "total_ios" : 0,
        "short_ios" : 0,
        "drop_ios" : 0,
        "slat_ns" : {
          "min" : 0,
          "max" : 0,
          "mean" : 0.000000,
          "stddev" : 0.000000,
          "N" : 0
        },
        "clat_ns" : {
          "min" : 0,
          "max" : 0,
          "mean" : 0.000000,
          "stddev" : 0.000000,
          "N" : 0
        },
        "lat_ns" : {
          "min" : 0,
          "max" : 0,
          "mean" : 0.000000,
          "stddev" : 0.000000,
          "N" : 0
        },
        "bw_min" : 0,
        "bw_max" : 0,
        "bw_agg" : 0.000000,
        "bw_mean" : 0.000000,
        "bw_dev" : 0.000000,
        "bw_samples" : 0,
        "iops_min" : 0,
        "iops_max" : 0,
        "iops_mean" : 0.000000,
        "iops_stddev" : 0.000000,
        "iops_samples" : 0
      },
      "trim" : {
        "io_bytes" : 0,
        "io_kbytes" : 0,
        "bw_bytes" : 0,
        "bw" : 0,
        "iops" : 0.000000,
        "runtime" : 0,
        "total_ios" : 0,
        "short_ios" : 0,
        "drop_ios" : 0,
        "slat_ns" : {
          "min" : 0,
          "max" : 0,
          "mean" : 0.000000,
          "stddev" : 0.000000,
          "N" : 0
        },
        "clat_ns" : {
          "min" : 0,
          "max" : 0,
          "mean" : 0.000000,
          "stddev" : 0.000000,
          "N" : 0
        },
        "lat_ns" : {
          "min" : 0,
          "max" : 0,
          "mean" : 0.000000,
          "stddev" : 0.000000,
          "N" : 0
        },
        "bw_min" : 0,
        "bw_max" : 0,
        "bw_agg" : 0.000000,
        "bw_mean" : 0.000000,
        "bw_dev" : 0.000000,
        "bw_samples" : 0,
        "iops_min" : 0,
        "iops_max" : 0,
        "iops_mean" : 0.000000,
        "iops_stddev" : 0.000000,
        "iops_samples" : 0
      },
      "sync" : {
        "total_ios" : 0,
        "lat_ns" : {
          "min" : 0,
          "max" : 0,
          "mean" : 0.000000,
          "stddev" : 0.000000,
          "N" : 0
        }
      },
      "job_runtime" : 21969,
      "usr_cpu" : 10.168874,
      "sys_cpu" : 40.975921,
      "ctx" : 220631,
      "majf" : 0,
      "minf" : 22,
      "iodepth_level" : {
        "1" : 0.100000,
        "2" : 0.100000,
        "4" : 0.100000,
        "8" : 99.999666,
        "16" : 0.000000,
        "32" : 0.000000,
        ">=64" : 0.000000
      },
      "iodepth_submit" : {
        "0" : 0.000000,
        "4" : 100.000000,
        "8" : 0.000000,
        "16" : 0.000000,
        "32" : 0.000000,
        "64" : 0.000000,
        ">=64" : 0.000000
      },
      "iodepth_complete" : {
        "0" : 0.000000,
        "4" : 99.999952,
        "8" : 0.100000,
        "16" : 0.000000,
        "32" : 0.000000,
        "64" : 0.000000,
        ">=64" : 0.000000
      },
      "latency_ns" : {
        "2" : 0.000000,
        "4" : 0.000000,
        "10" : 0.000000,
        "20" : 0.000000,
        "50" : 0.000000,
        "100" : 0.000000,
        "250" : 0.000000,
        "500" : 0.000000,
        "750" : 0.000000,
        "1000" : 0.000000
      },
      "latency_us" : {
        "2" : 0.000000,
        "4" : 0.000000,
        "10" : 0.000000,
        "20" : 0.013494,
        "50" : 62.626982,
        "100" : 15.426540,
        "250" : 17.203331,
        "500" : 4.239702,
        "750" : 0.062799,
        "1000" : 0.015783
      },
      "latency_ms" : {
        "2" : 0.400877,
        "4" : 0.010000,
        "10" : 0.010000,
        "20" : 0.000000,
        "50" : 0.000000,
        "100" : 0.000000,
        "250" : 0.000000,
        "500" : 0.000000,
        "750" : 0.000000,
        "1000" : 0.000000,
        "2000" : 0.000000,
        ">=2000" : 0.000000
      },
      "latency_depth" : 8,
      "latency_target" : 0,
      "latency_percentile" : 100.000000,
      "latency_window" : 0
    }
  ],
  "disk_util" : [
    {
      "name" : "dm-1",
      "read_ios" : 2107078,
      "write_ios" : 8871,
      "read_sectors" : 17095664,
      "write_sectors" : 825560,
      "read_merges" : 0,
      "write_merges" : 0,
      "read_ticks" : 140887,
      "write_ticks" : 5692,
      "in_queue" : 146579,
      "util" : 99.463270,
      "aggr_read_ios" : 2115002,
      "aggr_write_ios" : 11316,
      "aggr_read_sectors" : 17159056,
      "aggr_write_sectors" : 825816,
      "aggr_read_merges" : 0,
      "aggr_write_merge" : 0,
      "aggr_read_ticks" : 140104,
      "aggr_write_ticks" : 9498,
      "aggr_in_queue" : 149602,
      "aggr_util" : 99.244310
    },
    {
      "name" : "dm-0",
      "read_ios" : 2115002,
      "write_ios" : 11316,
      "read_sectors" : 17159056,
      "write_sectors" : 825816,
      "read_merges" : 0,
      "write_merges" : 0,
      "read_ticks" : 140104,
      "write_ticks" : 9498,
      "in_queue" : 149602,
      "util" : 99.244310,
      "aggr_read_ios" : 2106775,
      "aggr_write_ios" : 8136,
      "aggr_read_sectors" : 17159056,
      "aggr_write_sectors" : 825816,
      "aggr_read_merges" : 8227,
      "aggr_write_merge" : 3180,
      "aggr_read_ticks" : 124235,
      "aggr_write_ticks" : 8506,
      "aggr_in_queue" : 133539,
      "aggr_util" : 67.138785
    },
    {
      "name" : "nvme0n1",
      "read_ios" : 2106775,
      "write_ios" : 8136,
      "read_sectors" : 17159056,
      "write_sectors" : 825816,
      "read_merges" : 8227,
      "write_merges" : 3180,
      "read_ticks" : 124235,
      "write_ticks" : 8506,
      "in_queue" : 133539,
      "util" : 67.138785
    }
  ]
}
