{
  "fio version" : "fio-3.41",
  "timestamp" : 1783610480,
  "timestamp_ms" : 1783610480094,
  "time" : "Thu Jul  9 17:21:20 2026",
  "jobs" : [
    {
      "jobname" : "sweep",
      "groupid" : 0,
      "job_start" : 1783610427033,
      "error" : 0,
      "eta" : 0,
      "elapsed" : 54,
      "job options" : {
        "name" : "sweep",
        "filename" : "./fio-testfile",
        "rw" : "read",
        "ioengine" : "libaio",
        "iodepth" : "1",
        "bs" : "1M",
        "direct" : "1",
        "group_reporting" : ""
      },
      "read" : {
        "io_bytes" : 107374182400,
        "io_kbytes" : 104857600,
        "bw_bytes" : 2031024692,
        "bw" : 1983422,
        "iops" : 1936.936085,
        "runtime" : 52867,
        "total_ios" : 102400,
        "short_ios" : 0,
        "drop_ios" : 0,
        "slat_ns" : {
          "min" : 77290,
          "max" : 1393293,
          "mean" : 279975.444238,
          "stddev" : 75889.915692,
          "N" : 102400
        },
        "clat_ns" : {
          "min" : 1052,
          "max" : 4356666,
          "mean" : 234761.069102,
          "stddev" : 72925.950721,
          "N" : 102400,
          "percentile" : {
            "1.000000" : 148480,
            "5.000000" : 162816,
            "10.000000" : 171008,
            "20.000000" : 185344,
            "30.000000" : 195584,
            "40.000000" : 207872,
            "50.000000" : 220160,
            "60.000000" : 234496,
            "70.000000" : 250880,
            "80.000000" : 272384,
            "90.000000" : 313344,
            "95.000000" : 354304,
            "99.000000" : 448512,
            "99.500000" : 505856,
            "99.900000" : 864256,
            "99.950000" : 1056768,
            "99.990000" : 1744896
          }
        },
        "lat_ns" : {
          "min" : 256376,
          "max" : 4596478,
          "mean" : 514736.513340,
          "stddev" : 96844.707005,
          "N" : 102400
        },
        "bw_min" : 1808384,
        "bw_max" : 2414592,
        "bw_agg" : 99.934933,
        "bw_mean" : 1982132.419048,
        "bw_dev" : 122970.591856,
        "bw_samples" : 105,
        "iops_min" : 1766,
        "iops_max" : 2358,
        "iops_mean" : 1935.676190,
        "iops_stddev" : 120.088469,
        "iops_samples" : 105
      },
      "write" : {
        "io_bytes" : 0,
        "io_kbytes" : 0,
        "bw_bytes" : 0,
        "bw" : 0,
        "iops" : 0.000000,
        "runtime" : 0,
        "total_ios" : 0,
        "short_ios" : 0,
        "drop_ios" : 0,
        "slat_ns" : {
          "min" : 0,
          "max" : 0,
          "mean" : 0.000000,
          "stddev" : 0.000000,
          "N" : 0
        },
        "clat_ns" : {
          "min" : 0,
          "max" : 0,
          "mean" : 0.000000,
          "stddev" : 0.000000,
          "N" : 0
        },
        "lat_ns" : {
          "min" : 0,
          "max" : 0,
          "mean" : 0.000000,
          "stddev" : 0.000000,
          "N" : 0
        },
        "bw_min" : 0,
        "bw_max" : 0,
        "bw_agg" : 0.000000,
        "bw_mean" : 0.000000,
        "bw_dev" : 0.000000,
        "bw_samples" : 0,
        "iops_min" : 0,
        "iops_max" : 0,
        "iops_mean" : 0.000000,
        "iops_stddev" : 0.000000,
        "iops_samples" : 0
      },
      "trim" : {
        "io_bytes" : 0,
        "io_kbytes" : 0,
        "bw_bytes" : 0,
        "bw" : 0,
        "iops" : 0.000000,
        "runtime" : 0,
        "total_ios" : 0,
        "short_ios" : 0,
        "drop_ios" : 0,
        "slat_ns" : {
          "min" : 0,
          "max" : 0,
          "mean" : 0.000000,
          "stddev" : 0.000000,
          "N" : 0
        },
        "clat_ns" : {
          "min" : 0,
          "max" : 0,
          "mean" : 0.000000,
          "stddev" : 0.000000,
          "N" : 0
        },
        "lat_ns" : {
          "min" : 0,
          "max" : 0,
          "mean" : 0.000000,
          "stddev" : 0.000000,
          "N" : 0
        },
        "bw_min" : 0,
        "bw_max" : 0,
        "bw_agg" : 0.000000,
        "bw_mean" : 0.000000,
        "bw_dev" : 0.000000,
        "bw_samples" : 0,
        "iops_min" : 0,
        "iops_max" : 0,
        "iops_mean" : 0.000000,
        "iops_stddev" : 0.000000,
        "iops_samples" : 0
      },
      "sync" : {
        "total_ios" : 0,
        "lat_ns" : {
          "min" : 0,
          "max" : 0,
          "mean" : 0.000000,
          "stddev" : 0.000000,
          "N" : 0
        }
      },
      "job_runtime" : 52866,
      "usr_cpu" : 0.779329,
      "sys_cpu" : 55.160216,
      "ctx" : 104646,
      "majf" : 0,
      "minf" : 269,
      "iodepth_level" : {
        "1" : 100.000000,
        "2" : 0.000000,
        "4" : 0.000000,
        "8" : 0.000000,
        "16" : 0.000000,
        "32" : 0.000000,
        ">=64" : 0.000000
      },
      "iodepth_submit" : {
        "0" : 0.000000,
        "4" : 100.000000,
        "8" : 0.000000,
        "16" : 0.000000,
        "32" : 0.000000,
        "64" : 0.000000,
        ">=64" : 0.000000
      },
      "iodepth_complete" : {
        "0" : 0.000000,
        "4" : 100.000000,
        "8" : 0.000000,
        "16" : 0.000000,
        "32" : 0.000000,
        "64" : 0.000000,
        ">=64" : 0.000000
      },
      "latency_ns" : {
        "2" : 0.000000,
        "4" : 0.000000,
        "10" : 0.000000,
        "20" : 0.000000,
        "50" : 0.000000,
        "100" : 0.000000,
        "250" : 0.000000,
        "500" : 0.000000,
        "750" : 0.000000,
        "1000" : 0.000000
      },
      "latency_us" : {
        "2" : 0.010000,
        "4" : 0.010000,
        "10" : 0.010000,
        "20" : 0.000000,
        "50" : 0.010000,
        "100" : 0.019531,
        "250" : 68.891602,
        "500" : 30.542969,
        "750" : 0.380859,
        "1000" : 0.076172
      },
      "latency_ms" : {
        "2" : 0.063477,
        "4" : 0.010000,
        "10" : 0.010000,
        "20" : 0.000000,
        "50" : 0.000000,
        "100" : 0.000000,
        "250" : 0.000000,
        "500" : 0.000000,
        "750" : 0.000000,
        "1000" : 0.000000,
        "2000" : 0.000000,
        ">=2000" : 0.000000
      },
      "latency_depth" : 1,
      "latency_target" : 0,
      "latency_percentile" : 100.000000,
      "latency_window" : 0
    }
  ],
  "disk_util" : [
    {
      "name" : "dm-1",
      "read_ios" : 111230,
      "write_ios" : 5118,
      "read_sectors" : 208656200,
      "write_sectors" : 60856,
      "read_merges" : 0,
      "write_merges" : 0,
      "read_ticks" : 47701,
      "write_ticks" : 1248,
      "in_queue" : 48949,
      "util" : 86.343621,
      "aggr_read_ios" : 828654,
      "aggr_write_ios" : 5480,
      "aggr_read_sectors" : 209934152,
      "aggr_write_sectors" : 61232,
      "aggr_read_merges" : 0,
      "aggr_write_merge" : 0,
      "aggr_read_ticks" : 208598,
      "aggr_write_ticks" : 1271,
      "aggr_in_queue" : 209869,
      "aggr_util" : 85.944700
    },
    {
      "name" : "dm-0",
      "read_ios" : 828654,
      "write_ios" : 5480,
      "read_sectors" : 209934152,
      "write_sectors" : 61232,
      "read_merges" : 0,
      "write_merges" : 0,
      "read_ticks" : 208598,
      "write_ticks" : 1271,
      "in_queue" : 209869,
      "util" : 85.944700,
      "aggr_read_ios" : 824332,
      "aggr_write_ios" : 3215,
      "aggr_read_sectors" : 209934152,
      "aggr_write_sectors" : 61232,
      "aggr_read_merges" : 4322,
      "aggr_write_merge" : 2265,
      "aggr_read_ticks" : 147594,
      "aggr_write_ticks" : 633,
      "aggr_in_queue" : 148323,
      "aggr_util" : 47.480547
    },
    {
      "name" : "nvme0n1",
      "read_ios" : 824332,
      "write_ios" : 3215,
      "read_sectors" : 209934152,
      "write_sectors" : 61232,
      "read_merges" : 4322,
      "write_merges" : 2265,
      "read_ticks" : 147594,
      "write_ticks" : 633,
      "in_queue" : 148323,
      "util" : 47.480547
    }
  ]
}
