{
  "fio version" : "fio-3.36",
  "timestamp" : 1783086623,
  "timestamp_ms" : 1783086623015,
  "time" : "Fri Jul  3 15:50:23 2026",
  "jobs" : [
    {
      "jobname" : "sweep",
      "groupid" : 0,
      "job_start" : 1783086612950,
      "error" : 0,
      "eta" : 0,
      "elapsed" : 11,
      "job options" : {
        "name" : "sweep",
        "filename" : "./fio-testfile",
        "rw" : "read",
        "ioengine" : "libaio",
        "iodepth" : "32",
        "bs" : "4M",
        "direct" : "1",
        "runtime" : "10s",
        "loops" : "1000"
      },
      "read" : {
        "io_bytes" : 45017464832,
        "io_kbytes" : 43962368,
        "bw_bytes" : 4489624497,
        "bw" : 4384398,
        "iops" : 1070.409893,
        "runtime" : 10027,
        "total_ios" : 10733,
        "short_ios" : 0,
        "drop_ios" : 0,
        "slat_ns" : {
          "min" : 179767,
          "max" : 1933504,
          "mean" : 291773.074443,
          "stddev" : 89457.700065,
          "N" : 10733
        },
        "clat_ns" : {
          "min" : 2824783,
          "max" : 108576223,
          "mean" : 29525762.509550,
          "stddev" : 19092476.041504,
          "N" : 10733,
          "percentile" : {
            "1.000000" : 3588096,
            "5.000000" : 6389760,
            "10.000000" : 8978432,
            "20.000000" : 12779520,
            "30.000000" : 16449536,
            "40.000000" : 20316160,
            "50.000000" : 24772608,
            "60.000000" : 30277632,
            "70.000000" : 36962304,
            "80.000000" : 45350912,
            "90.000000" : 57409536,
            "95.000000" : 67633152,
            "99.000000" : 85458944,
            "99.500000" : 89653248,
            "99.900000" : 98041856,
            "99.950000" : 101187584,
            "99.990000" : 104333312
          }
        },
        "lat_ns" : {
          "min" : 3078649,
          "max" : 108886729,
          "mean" : 29817535.583993,
          "stddev" : 19091402.295946,
          "N" : 10733
        },
        "bw_min" : 4243456,
        "bw_max" : 4440064,
        "bw_agg" : 99.980387,
        "bw_mean" : 4383539.200000,
        "bw_dev" : 44147.284088,
        "bw_samples" : 20,
        "iops_min" : 1036,
        "iops_max" : 1084,
        "iops_mean" : 1070.200000,
        "iops_stddev" : 10.778146,
        "iops_samples" : 20
      },
      "write" : {
        "io_bytes" : 0,
        "io_kbytes" : 0,
        "bw_bytes" : 0,
        "bw" : 0,
        "iops" : 0.000000,
        "runtime" : 0,
        "total_ios" : 0,
        "short_ios" : 0,
        "drop_ios" : 0,
        "slat_ns" : {
          "min" : 0,
          "max" : 0,
          "mean" : 0.000000,
          "stddev" : 0.000000,
          "N" : 0
        },
        "clat_ns" : {
          "min" : 0,
          "max" : 0,
          "mean" : 0.000000,
          "stddev" : 0.000000,
          "N" : 0
        },
        "lat_ns" : {
          "min" : 0,
          "max" : 0,
          "mean" : 0.000000,
          "stddev" : 0.000000,
          "N" : 0
        },
        "bw_min" : 0,
        "bw_max" : 0,
        "bw_agg" : 0.000000,
        "bw_mean" : 0.000000,
        "bw_dev" : 0.000000,
        "bw_samples" : 0,
        "iops_min" : 0,
        "iops_max" : 0,
        "iops_mean" : 0.000000,
        "iops_stddev" : 0.000000,
        "iops_samples" : 0
      },
      "trim" : {
        "io_bytes" : 0,
        "io_kbytes" : 0,
        "bw_bytes" : 0,
        "bw" : 0,
        "iops" : 0.000000,
        "runtime" : 0,
        "total_ios" : 0,
        "short_ios" : 0,
        "drop_ios" : 0,
        "slat_ns" : {
          "min" : 0,
          "max" : 0,
          "mean" : 0.000000,
          "stddev" : 0.000000,
          "N" : 0
        },
        "clat_ns" : {
          "min" : 0,
          "max" : 0,
          "mean" : 0.000000,
          "stddev" : 0.000000,
          "N" : 0
        },
        "lat_ns" : {
          "min" : 0,
          "max" : 0,
          "mean" : 0.000000,
          "stddev" : 0.000000,
          "N" : 0
        },
        "bw_min" : 0,
        "bw_max" : 0,
        "bw_agg" : 0.000000,
        "bw_mean" : 0.000000,
        "bw_dev" : 0.000000,
        "bw_samples" : 0,
        "iops_min" : 0,
        "iops_max" : 0,
        "iops_mean" : 0.000000,
        "iops_stddev" : 0.000000,
        "iops_samples" : 0
      },
      "sync" : {
        "total_ios" : 0,
        "lat_ns" : {
          "min" : 0,
          "max" : 0,
          "mean" : 0.000000,
          "stddev" : 0.000000,
          "N" : 0
        }
      },
      "job_runtime" : 10026,
      "usr_cpu" : 0.289248,
      "sys_cpu" : 31.149013,
      "ctx" : 11175,
      "majf" : 0,
      "minf" : 32783,
      "iodepth_level" : {
        "1" : 0.100000,
        "2" : 0.100000,
        "4" : 0.100000,
        "8" : 0.100000,
        "16" : 0.149073,
        "32" : 99.711171,
        ">=64" : 0.000000
      },
      "iodepth_submit" : {
        "0" : 0.000000,
        "4" : 100.000000,
        "8" : 0.000000,
        "16" : 0.000000,
        "32" : 0.000000,
        "64" : 0.000000,
        ">=64" : 0.000000
      },
      "iodepth_complete" : {
        "0" : 0.000000,
        "4" : 99.990657,
        "8" : 0.000000,
        "16" : 0.000000,
        "32" : 0.100000,
        "64" : 0.000000,
        ">=64" : 0.000000
      },
      "latency_ns" : {
        "2" : 0.000000,
        "4" : 0.000000,
        "10" : 0.000000,
        "20" : 0.000000,
        "50" : 0.000000,
        "100" : 0.000000,
        "250" : 0.000000,
        "500" : 0.000000,
        "750" : 0.000000,
        "1000" : 0.000000
      },
      "latency_us" : {
        "2" : 0.000000,
        "4" : 0.000000,
        "10" : 0.000000,
        "20" : 0.000000,
        "50" : 0.000000,
        "100" : 0.000000,
        "250" : 0.000000,
        "500" : 0.000000,
        "750" : 0.000000,
        "1000" : 0.000000
      },
      "latency_ms" : {
        "2" : 0.000000,
        "4" : 1.481412,
        "10" : 10.900960,
        "20" : 26.963570,
        "50" : 45.047983,
        "100" : 15.550172,
        "250" : 0.055902,
        "500" : 0.000000,
        "750" : 0.000000,
        "1000" : 0.000000,
        "2000" : 0.000000,
        ">=2000" : 0.000000
      },
      "latency_depth" : 32,
      "latency_target" : 0,
      "latency_percentile" : 100.000000,
      "latency_window" : 0
    }
  ],
  "disk_util" : [
    {
      "name" : "dm-1",
      "read_ios" : 104250,
      "write_ios" : 1396,
      "read_sectors" : 86769920,
      "write_sectors" : 31536,
      "read_merges" : 0,
      "write_merges" : 0,
      "read_ticks" : 2861020,
      "write_ticks" : 76766,
      "in_queue" : 2937786,
      "util" : 99.049239,
      "aggr_read_ios" : 372079,
      "aggr_write_ios" : 1680,
      "aggr_read_sectors" : 87940464,
      "aggr_write_sectors" : 40736,
      "aggr_read_merges" : 0,
      "aggr_write_merge" : 0,
      "aggr_read_ticks" : 10035609,
      "aggr_write_ticks" : 116487,
      "aggr_in_queue" : 10152096,
      "aggr_util" : 98.887795
    },
    {
      "name" : "dm-0",
      "read_ios" : 372079,
      "write_ios" : 1680,
      "read_sectors" : 87940464,
      "write_sectors" : 40736,
      "read_merges" : 0,
      "write_merges" : 0,
      "read_ticks" : 10035609,
      "write_ticks" : 116487,
      "in_queue" : 10152096,
      "util" : 98.887795,
      "aggr_read_ios" : 371201,
      "aggr_write_ios" : 1036,
      "aggr_read_sectors" : 87940464,
      "aggr_write_sectors" : 40736,
      "aggr_read_merges" : 878,
      "aggr_write_merge" : 644,
      "aggr_read_ticks" : 10035401,
      "aggr_write_ticks" : 21253,
      "aggr_in_queue" : 10057706,
      "aggr_util" : 83.690945
    },
    {
      "name" : "nvme0n1",
      "read_ios" : 371201,
      "write_ios" : 1036,
      "read_sectors" : 87940464,
      "write_sectors" : 40736,
      "read_merges" : 878,
      "write_merges" : 644,
      "read_ticks" : 10035401,
      "write_ticks" : 21253,