{
  "fio version" : "fio-3.41",
  "timestamp" : 1783091438,
  "timestamp_ms" : 1783091438228,
  "time" : "Fri Jul  3 17:10:38 2026",
  "jobs" : [
    {
      "jobname" : "sweep",
      "groupid" : 0,
      "job_start" : 1783091428082,
      "error" : 0,
      "eta" : 0,
      "elapsed" : 11,
      "job options" : {
        "name" : "sweep",
        "filename" : "./fio-testfile",
        "rw" : "read",
        "ioengine" : "libaio",
        "iodepth" : "8",
        "bs" : "4k",
        "direct" : "1",
        "time_based" : "",
        "runtime" : "10s",
        "loops" : "1000",
        "group_reporting" : ""
      },
      "read" : {
        "io_bytes" : 7385133056,
        "io_kbytes" : 7212044,
        "bw_bytes" : 738439461,
        "bw" : 721132,
        "iops" : 180283.071693,
        "runtime" : 10001,
        "total_ios" : 1803011,
        "short_ios" : 0,
        "drop_ios" : 0,
        "slat_ns" : {
          "min" : 2214,
          "max" : 450843,
          "mean" : 4189.497760,
          "stddev" : 2115.487521,
          "N" : 1803011
        },
        "clat_ns" : {
          "min" : 17430,
          "max" : 2129736,
          "mean" : 39905.118709,
          "stddev" : 9769.218792,
          "N" : 1803011,
          "percentile" : {
            "1.000000" : 32384,
            "5.000000" : 34560,
            "10.000000" : 36096,
            "20.000000" : 36608,
            "30.000000" : 37632,
            "40.000000" : 38144,
            "50.000000" : 38656,
            "60.000000" : 39168,
            "70.000000" : 39680,
            "80.000000" : 40704,
            "90.000000" : 42752,
            "95.000000" : 47360,
            "99.000000" : 76288,
            "99.500000" : 83456,
            "99.900000" : 101888,
            "99.950000" : 128512,
            "99.990000" : 268288
          }
        },
        "lat_ns" : {
          "min" : 22117,
          "max" : 2137310,
          "mean" : 44094.616468,
          "stddev" : 10385.170396,
          "N" : 1803011
        },
        "bw_min" : 531776,
        "bw_max" : 750432,
        "bw_agg" : 100.000000,
        "bw_mean" : 721204.400000,
        "bw_dev" : 55362.595283,
        "bw_samples" : 20,
        "iops_min" : 132944,
        "iops_max" : 187608,
        "iops_mean" : 180301.100000,
        "iops_stddev" : 13840.654631,
        "iops_samples" : 20
      },
      "write" : {
        "io_bytes" : 0,
        "io_kbytes" : 0,
        "bw_bytes" : 0,
        "bw" : 0,
        "iops" : 0.000000,
        "runtime" : 0,
        "total_ios" : 0,
        "short_ios" : 0,
        "drop_ios" : 0,
        "slat_ns" : {
          "min" : 0,
          "max" : 0,
          "mean" : 0.000000,
          "stddev" : 0.000000,
          "N" : 0
        },
        "clat_ns" : {
          "min" : 0,
          "max" : 0,
          "mean" : 0.000000,
          "stddev" : 0.000000,
          "N" : 0
        },
        "lat_ns" : {
          "min" : 0,
          "max" : 0,
          "mean" : 0.000000,
          "stddev" : 0.000000,
          "N" : 0
        },
        "bw_min" : 0,
        "bw_max" : 0,
        "bw_agg" : 0.000000,
        "bw_mean" : 0.000000,
        "bw_dev" : 0.000000,
        "bw_samples" : 0,
        "iops_min" : 0,
        "iops_max" : 0,
        "iops_mean" : 0.000000,
        "iops_stddev" : 0.000000,
        "iops_samples" : 0
      },
      "trim" : {
        "io_bytes" : 0,
        "io_kbytes" : 0,
        "bw_bytes" : 0,
        "bw" : 0,
        "iops" : 0.000000,
        "runtime" : 0,
        "total_ios" : 0,
        "short_ios" : 0,
        "drop_ios" : 0,
        "slat_ns" : {
          "min" : 0,
          "max" : 0,
          "mean" : 0.000000,
          "stddev" : 0.000000,
          "N" : 0
        },
        "clat_ns" : {
          "min" : 0,
          "max" : 0,
          "mean" : 0.000000,
          "stddev" : 0.000000,
          "N" : 0
        },
        "lat_ns" : {
          "min" : 0,
          "max" : 0,
          "mean" : 0.000000,
          "stddev" : 0.000000,
          "N" : 0
        },
        "bw_min" : 0,
        "bw_max" : 0,
        "bw_agg" : 0.000000,
        "bw_mean" : 0.000000,
        "bw_dev" : 0.000000,
        "bw_samples" : 0,
        "iops_min" : 0,
        "iops_max" : 0,
        "iops_mean" : 0.000000,
        "iops_stddev" : 0.000000,
        "iops_samples" : 0
      },
      "sync" : {
        "total_ios" : 0,
        "lat_ns" : {
          "min" : 0,
          "max" : 0,
          "mean" : 0.000000,
          "stddev" : 0.000000,
          "N" : 0
        }
      },
      "job_runtime" : 10000,
      "usr_cpu" : 15.620000,
      "sys_cpu" : 84.170000,
      "ctx" : 406,
      "majf" : 0,
      "minf" : 20,
      "iodepth_level" : {
        "1" : 0.100000,
        "2" : 0.100000,
        "4" : 0.100000,
        "8" : 99.999612,
        "16" : 0.000000,
        "32" : 0.000000,
        ">=64" : 0.000000
      },
      "iodepth_submit" : {
        "0" : 0.000000,
        "4" : 100.000000,
        "8" : 0.000000,
        "16" : 0.000000,
        "32" : 0.000000,
        "64" : 0.000000,
        ">=64" : 0.000000
      },
      "iodepth_complete" : {
        "0" : 0.000000,
        "4" : 99.999945,
        "8" : 0.100000,
        "16" : 0.000000,
        "32" : 0.000000,
        "64" : 0.000000,
        ">=64" : 0.000000
      },
      "latency_ns" : {
        "2" : 0.000000,
        "4" : 0.000000,
        "10" : 0.000000,
        "20" : 0.000000,
        "50" : 0.000000,
        "100" : 0.000000,
        "250" : 0.000000,
        "500" : 0.000000,
        "750" : 0.000000,
        "1000" : 0.000000
      },
      "latency_us" : {
        "2" : 0.000000,
        "4" : 0.000000,
        "10" : 0.000000,
        "20" : 0.010000,
        "50" : 96.263639,
        "100" : 3.629041,
        "250" : 0.095562,
        "500" : 0.010000,
        "750" : 0.010000,
        "1000" : 0.010000
      },
      "latency_ms" : {
        "2" : 0.010000,
        "4" : 0.010000,
        "10" : 0.000000,
        "20" : 0.000000,
        "50" : 0.000000,
        "100" : 0.000000,
        "250" : 0.000000,
        "500" : 0.000000,
        "750" : 0.000000,
        "1000" : 0.000000,
        "2000" : 0.000000,
        ">=2000" : 0.000000
      },
      "latency_depth" : 8,
      "latency_target" : 0,
      "latency_percentile" : 100.000000,
      "latency_window" : 0
    }
  ],
  "disk_util" : [
    {
      "name" : "dm-1",
      "read_ios" : 1783408,
      "write_ios" : 1282,
      "read_sectors" : 14267600,
      "write_sectors" : 15016,
      "read_merges" : 0,
      "write_merges" : 0,
      "read_ticks" : 24646,
      "write_ticks" : 79,
      "in_queue" : 24725,
      "util" : 98.998899,
      "aggr_read_ios" : 1803037,
      "aggr_write_ios" : 1400,
      "aggr_read_sectors" : 14424632,
      "aggr_write_sectors" : 16136,
      "aggr_read_merges" : 0,
      "aggr_write_merge" : 0,
      "aggr_read_ticks" : 24079,
      "aggr_write_ticks" : 80,
      "aggr_in_queue" : 24159,
      "aggr_util" : 98.599053
    },
    {
      "name" : "dm-0",
      "read_ios" : 1803037,
      "write_ios" : 1400,
      "read_sectors" : 14424632,
      "write_sectors" : 16136,
      "read_merges" : 0,
      "write_merges" : 0,
      "read_ticks" : 24079,
      "write_ticks" : 80,
      "in_queue" : 24159,
      "util" : 98.599053,
      "aggr_read_ios" : 1803037,
      "aggr_write_ios" : 895,
      "aggr_read_sectors" : 14424632,
      "aggr_write_sectors" : 16136,
      "aggr_read_merges" : 0,
      "aggr_write_merge" : 505,
      "aggr_read_ticks" : 15346,
      "aggr_write_ticks" : 62,
      "aggr_in_queue" : 15424,
      "aggr_util" : 87.638122
    },
    {
      "name" : "nvme0n1",
      "read_ios" : 1803037,
      "write_ios" : 895,
      "read_sectors" : 14424632,
      "write_sectors" : 16136,
      "read_merges" : 0,
      "write_merges" : 505,
      "read_ticks" : 15346,
      "write_ticks" : 62,
      "in_queue" : 15424,