{
  "fio version" : "fio-3.41",
  "timestamp" : 1783610400,
  "timestamp_ms" : 1783610400817,
  "time" : "Thu Jul  9 17:20:00 2026",
  "jobs" : [
    {
      "jobname" : "sweep",
      "groupid" : 0,
      "job_start" : 1783610377794,
      "error" : 0,
      "eta" : 0,
      "elapsed" : 24,
      "job options" : {
        "name" : "sweep",
        "filename" : "./fio-testfile",
        "rw" : "read",
        "ioengine" : "libaio",
        "iodepth" : "32",
        "bs" : "256k",
        "direct" : "1",
        "group_reporting" : ""
      },
      "read" : {
        "io_bytes" : 107374182400,
        "io_kbytes" : 104857600,
        "bw_bytes" : 4675557692,
        "bw" : 4565974,
        "iops" : 17835.837143,
        "runtime" : 22965,
        "total_ios" : 409600,
        "short_ios" : 0,
        "drop_ios" : 0,
        "slat_ns" : {
          "min" : 22172,
          "max" : 1829145,
          "mean" : 53384.003625,
          "stddev" : 17180.388128,
          "N" : 409600
        },
        "clat_ns" : {
          "min" : 310993,
          "max" : 7449314,
          "mean" : 1739866.879368,
          "stddev" : 352992.048818,
          "N" : 409600,
          "percentile" : {
            "1.000000" : 1056768,
            "5.000000" : 1171456,
            "10.000000" : 1269760,
            "20.000000" : 1384448,
            "30.000000" : 1531904,
            "40.000000" : 1679360,
            "50.000000" : 1810432,
            "60.000000" : 1892352,
            "70.000000" : 1941504,
            "80.000000" : 2023424,
            "90.000000" : 2113536,
            "95.000000" : 2211840,
            "99.000000" : 2539520,
            "99.500000" : 2670592,
            "99.900000" : 3555328,
            "99.950000" : 4751360,
            "99.990000" : 6651904
          }
        },
        "lat_ns" : {
          "min" : 386070,
          "max" : 8144906,
          "mean" : 1793250.882993,
          "stddev" : 364167.369906,
          "N" : 409600
        },
        "bw_min" : 4107264,
        "bw_max" : 4893696,
        "bw_agg" : 100.000000,
        "bw_mean" : 4570009.600000,
        "bw_dev" : 197409.716917,
        "bw_samples" : 45,
        "iops_min" : 16044,
        "iops_max" : 19116,
        "iops_mean" : 17851.644444,
        "iops_stddev" : 771.079679,
        "iops_samples" : 45
      },
      "write" : {
        "io_bytes" : 0,
        "io_kbytes" : 0,
        "bw_bytes" : 0,
        "bw" : 0,
        "iops" : 0.000000,
        "runtime" : 0,
        "total_ios" : 0,
        "short_ios" : 0,
        "drop_ios" : 0,
        "slat_ns" : {
          "min" : 0,
          "max" : 0,
          "mean" : 0.000000,
          "stddev" : 0.000000,
          "N" : 0
        },
        "clat_ns" : {
          "min" : 0,
          "max" : 0,
          "mean" : 0.000000,
          "stddev" : 0.000000,
          "N" : 0
        },
        "lat_ns" : {
          "min" : 0,
          "max" : 0,
          "mean" : 0.000000,
          "stddev" : 0.000000,
          "N" : 0
        },
        "bw_min" : 0,
        "bw_max" : 0,
        "bw_agg" : 0.000000,
        "bw_mean" : 0.000000,
        "bw_dev" : 0.000000,
        "bw_samples" : 0,
        "iops_min" : 0,
        "iops_max" : 0,
        "iops_mean" : 0.000000,
        "iops_stddev" : 0.000000,
        "iops_samples" : 0
      },
      "trim" : {
        "io_bytes" : 0,
        "io_kbytes" : 0,
        "bw_bytes" : 0,
        "bw" : 0,
        "iops" : 0.000000,
        "runtime" : 0,
        "total_ios" : 0,
        "short_ios" : 0,
        "drop_ios" : 0,
        "slat_ns" : {
          "min" : 0,
          "max" : 0,
          "mean" : 0.000000,
          "stddev" : 0.000000,
          "N" : 0
        },
        "clat_ns" : {
          "min" : 0,
          "max" : 0,
          "mean" : 0.000000,
          "stddev" : 0.000000,
          "N" : 0
        },
        "lat_ns" : {
          "min" : 0,
          "max" : 0,
          "mean" : 0.000000,
          "stddev" : 0.000000,
          "N" : 0
        },
        "bw_min" : 0,
        "bw_max" : 0,
        "bw_agg" : 0.000000,
        "bw_mean" : 0.000000,
        "bw_dev" : 0.000000,
        "bw_samples" : 0,
        "iops_min" : 0,
        "iops_max" : 0,
        "iops_mean" : 0.000000,
        "iops_stddev" : 0.000000,
        "iops_samples" : 0
      },
      "sync" : {
        "total_ios" : 0,
        "lat_ns" : {
          "min" : 0,
          "max" : 0,
          "mean" : 0.000000,
          "stddev" : 0.000000,
          "N" : 0
        }
      },
      "job_runtime" : 22964,
      "usr_cpu" : 2.303606,
      "sys_cpu" : 95.527783,
      "ctx" : 13957,
      "majf" : 0,
      "minf" : 2058,
      "iodepth_level" : {
        "1" : 0.100000,
        "2" : 0.100000,
        "4" : 0.100000,
        "8" : 0.100000,
        "16" : 0.100000,
        "32" : 99.992432,
        ">=64" : 0.000000
      },
      "iodepth_submit" : {
        "0" : 0.000000,
        "4" : 100.000000,
        "8" : 0.000000,
        "16" : 0.000000,
        "32" : 0.000000,
        "64" : 0.000000,
        ">=64" : 0.000000
      },
      "iodepth_complete" : {
        "0" : 0.000000,
        "4" : 99.999756,
        "8" : 0.000000,
        "16" : 0.000000,
        "32" : 0.100000,
        "64" : 0.000000,
        ">=64" : 0.000000
      },
      "latency_ns" : {
        "2" : 0.000000,
        "4" : 0.000000,
        "10" : 0.000000,
        "20" : 0.000000,
        "50" : 0.000000,
        "100" : 0.000000,
        "250" : 0.000000,
        "500" : 0.000000,
        "750" : 0.000000,
        "1000" : 0.000000
      },
      "latency_us" : {
        "2" : 0.000000,
        "4" : 0.000000,
        "10" : 0.000000,
        "20" : 0.000000,
        "50" : 0.000000,
        "100" : 0.000000,
        "250" : 0.000000,
        "500" : 0.010000,
        "750" : 0.010000,
        "1000" : 0.226074
      },
      "latency_ms" : {
        "2" : 77.121094,
        "4" : 22.587646,
        "10" : 0.063232,
        "20" : 0.000000,
        "50" : 0.000000,
        "100" : 0.000000,
        "250" : 0.000000,
        "500" : 0.000000,
        "750" : 0.000000,
        "1000" : 0.000000,
        "2000" : 0.000000,
        ">=2000" : 0.000000
      },
      "latency_depth" : 32,
      "latency_target" : 0,
      "latency_percentile" : 100.000000,
      "latency_window" : 0
    }
  ],
  "disk_util" : [
    {
      "name" : "dm-1",
      "read_ios" : 417051,
      "write_ios" : 2057,
      "read_sectors" : 209348440,
      "write_sectors" : 23736,
      "read_merges" : 0,
      "write_merges" : 0,
      "read_ticks" : 219867,
      "write_ticks" : 336,
      "in_queue" : 220203,
      "util" : 99.643059,
      "aggr_read_ios" : 827753,
      "aggr_write_ios" : 2204,
      "aggr_read_sectors" : 209912160,
      "aggr_write_sectors" : 23736,
      "aggr_read_merges" : 0,
      "aggr_write_merge" : 0,
      "aggr_read_ticks" : 416726,
      "aggr_write_ticks" : 341,
      "aggr_in_queue" : 417067,
      "aggr_util" : 99.471473
    },
    {
      "name" : "dm-0",
      "read_ios" : 827753,
      "write_ios" : 2204,
      "read_sectors" : 209912160,
      "write_sectors" : 23736,
      "read_merges" : 0,
      "write_merges" : 0,
      "read_ticks" : 416726,
      "write_ticks" : 341,
      "in_queue" : 417067,
      "util" : 99.471473,
      "aggr_read_ios" : 823833,
      "aggr_write_ios" : 1145,
      "aggr_read_sectors" : 209912160,
      "aggr_write_sectors" : 23736,
      "aggr_read_merges" : 3920,
      "aggr_write_merge" : 1059,
      "aggr_read_ticks" : 320732,
      "aggr_write_ticks" : 178,
      "aggr_in_queue" : 320972,
      "aggr_util" : 70.827016
    },
    {
      "name" : "nvme0n1",
      "read_ios" : 823833,
      "write_ios" : 1145,
      "read_sectors" : 209912160,
      "write_sectors" : 23736,
      "read_merges" : 3920,
      "write_merges" : 1059,
      "read_ticks" : 320732,
      "write_ticks" : 178,
      "in_queue" : 320972,
      "util" : 70.827016
    }
  ]
}
