{
  "fio version" : "fio-3.36",
  "timestamp" : 1783509086,
  "timestamp_ms" : 1783509086987,
  "time" : "Wed Jul  8 13:11:26 2026",
  "jobs" : [
    {
      "jobname" : "sweep",
      "groupid" : 0,
      "job_start" : 1783509084943,
      "error" : 0,
      "eta" : 0,
      "elapsed" : 3,
      "job options" : {
        "name" : "sweep",
        "filename" : "./fio-testfile",
        "rw" : "read",
        "ioengine" : "libaio",
        "iodepth" : "16",
        "bs" : "1M",
        "direct" : "1"
      },
      "read" : {
        "io_bytes" : 8589934592,
        "io_kbytes" : 8388608,
        "bw_bytes" : 4271474187,
        "bw" : 4171361,
        "iops" : 4073.595226,
        "runtime" : 2011,
        "total_ios" : 8192,
        "short_ios" : 0,
        "drop_ios" : 0,
        "slat_ns" : {
          "min" : 53528,
          "max" : 5696252,
          "mean" : 110906.890381,
          "stddev" : 359490.523521,
          "N" : 8192
        },
        "clat_ns" : {
          "min" : 866229,
          "max" : 9426795,
          "mean" : 3807689.499756,
          "stddev" : 1303667.844413,
          "N" : 8192,
          "percentile" : {
            "1.000000" : 1056768,
            "5.000000" : 1548288,
            "10.000000" : 2244608,
            "20.000000" : 2998272,
            "30.000000" : 3391488,
            "40.000000" : 3522560,
            "50.000000" : 3620864,
            "60.000000" : 3751936,
            "70.000000" : 3981312,
            "80.000000" : 4751360,
            "90.000000" : 5734400,
            "95.000000" : 6389760,
            "99.000000" : 7241728,
            "99.500000" : 7700480,
            "99.900000" : 8847360,
            "99.950000" : 9109504,
            "99.990000" : 9371648
          }
        },
        "lat_ns" : {
          "min" : 969914,
          "max" : 9494283,
          "mean" : 3918596.390137,
          "stddev" : 1279253.739684,
          "N" : 8192
        },
        "bw_min" : 4114432,
        "bw_max" : 4220928,
        "bw_agg" : 100.000000,
        "bw_mean" : 4176384.000000,
        "bw_dev" : 45005.547510,
        "bw_samples" : 4,
        "iops_min" : 4018,
        "iops_max" : 4122,
        "iops_mean" : 4078.500000,
        "iops_stddev" : 43.950730,
        "iops_samples" : 4
      },
      "write" : {
        "io_bytes" : 0,
        "io_kbytes" : 0,
        "bw_bytes" : 0,
        "bw" : 0,
        "iops" : 0.000000,
        "runtime" : 0,
        "total_ios" : 0,
        "short_ios" : 0,
        "drop_ios" : 0,
        "slat_ns" : {
          "min" : 0,
          "max" : 0,
          "mean" : 0.000000,
          "stddev" : 0.000000,
          "N" : 0
        },
        "clat_ns" : {
          "min" : 0,
          "max" : 0,
          "mean" : 0.000000,
          "stddev" : 0.000000,
          "N" : 0
        },
        "lat_ns" : {
          "min" : 0,
          "max" : 0,
          "mean" : 0.000000,
          "stddev" : 0.000000,
          "N" : 0
        },
        "bw_min" : 0,
        "bw_max" : 0,
        "bw_agg" : 0.000000,
        "bw_mean" : 0.000000,
        "bw_dev" : 0.000000,
        "bw_samples" : 0,
        "iops_min" : 0,
        "iops_max" : 0,
        "iops_mean" : 0.000000,
        "iops_stddev" : 0.000000,
        "iops_samples" : 0
      },
      "trim" : {
        "io_bytes" : 0,
        "io_kbytes" : 0,
        "bw_bytes" : 0,
        "bw" : 0,
        "iops" : 0.000000,
        "runtime" : 0,
        "total_ios" : 0,
        "short_ios" : 0,
        "drop_ios" : 0,
        "slat_ns" : {
          "min" : 0,
          "max" : 0,
          "mean" : 0.000000,
          "stddev" : 0.000000,
          "N" : 0
        },
        "clat_ns" : {
          "min" : 0,
          "max" : 0,
          "mean" : 0.000000,
          "stddev" : 0.000000,
          "N" : 0
        },
        "lat_ns" : {
          "min" : 0,
          "max" : 0,
          "mean" : 0.000000,
          "stddev" : 0.000000,
          "N" : 0
        },
        "bw_min" : 0,
        "bw_max" : 0,
        "bw_agg" : 0.000000,
        "bw_mean" : 0.000000,
        "bw_dev" : 0.000000,
        "bw_samples" : 0,
        "iops_min" : 0,
        "iops_max" : 0,
        "iops_mean" : 0.000000,
        "iops_stddev" : 0.000000,
        "iops_samples" : 0
      },
      "sync" : {
        "total_ios" : 0,
        "lat_ns" : {
          "min" : 0,
          "max" : 0,
          "mean" : 0.000000,
          "stddev" : 0.000000,
          "N" : 0
        }
      },
      "job_runtime" : 2010,
      "usr_cpu" : 0.497512,
      "sys_cpu" : 30.597015,
      "ctx" : 6106,
      "majf" : 0,
      "minf" : 4109,
      "iodepth_level" : {
        "1" : 0.100000,
        "2" : 0.100000,
        "4" : 0.100000,
        "8" : 0.100000,
        "16" : 99.816895,
        "32" : 0.000000,
        ">=64" : 0.000000
      },
      "iodepth_submit" : {
        "0" : 0.000000,
        "4" : 100.000000,
        "8" : 0.000000,
        "16" : 0.000000,
        "32" : 0.000000,
        "64" : 0.000000,
        ">=64" : 0.000000
      },
      "iodepth_complete" : {
        "0" : 0.000000,
        "4" : 99.987772,
        "8" : 0.000000,
        "16" : 0.100000,
        "32" : 0.000000,
        "64" : 0.000000,
        ">=64" : 0.000000
      },
      "latency_ns" : {
        "2" : 0.000000,
        "4" : 0.000000,
        "10" : 0.000000,
        "20" : 0.000000,
        "50" : 0.000000,
        "100" : 0.000000,
        "250" : 0.000000,
        "500" : 0.000000,
        "750" : 0.000000,
        "1000" : 0.000000
      },
      "latency_us" : {
        "2" : 0.000000,
        "4" : 0.000000,
        "10" : 0.000000,
        "20" : 0.000000,
        "50" : 0.000000,
        "100" : 0.000000,
        "250" : 0.000000,
        "500" : 0.000000,
        "750" : 0.000000,
        "1000" : 0.451660
      },
      "latency_ms" : {
        "2" : 7.592773,
        "4" : 62.512207,
        "10" : 29.443359,
        "20" : 0.000000,
        "50" : 0.000000,
        "100" : 0.000000,
        "250" : 0.000000,
        "500" : 0.000000,
        "750" : 0.000000,
        "1000" : 0.000000,
        "2000" : 0.000000,
        ">=2000" : 0.000000
      },
      "latency_depth" : 16,
      "latency_target" : 0,
      "latency_percentile" : 100.000000,
      "latency_window" : 0
    }
  ],
  "disk_util" : [
    {
      "name" : "dm-1",
      "read_ios" : 26163,
      "write_ios" : 467,
      "read_sectors" : 15946856,
      "write_sectors" : 39248,
      "read_merges" : 0,
      "write_merges" : 0,
      "read_ticks" : 85942,
      "write_ticks" : 4971,
      "in_queue" : 90913,
      "util" : 95.338346,
      "aggr_read_ios" : 79029,
      "aggr_write_ios" : 593,
      "aggr_read_sectors" : 16909864,
      "aggr_write_sectors" : 39432,
      "aggr_read_merges" : 0,
      "aggr_write_merge" : 0,
      "aggr_read_ticks" : 252059,
      "aggr_write_ticks" : 11687,
      "aggr_in_queue" : 263746,
      "aggr_util" : 95.660289
    },
    {
      "name" : "dm-0",
      "read_ios" : 79029,
      "write_ios" : 593,
      "read_sectors" : 16909864,
      "write_sectors" : 39432,
      "read_merges" : 0,
      "write_merges" : 0,
      "read_ticks" : 252059,
      "write_ticks" : 11687,
      "in_queue" : 263746,
      "util" : 95.660289,
      "aggr_read_ios" : 75697,
      "aggr_write_ios" : 418,
      "aggr_read_sectors" : 16909872,
      "aggr_write_sectors" : 39432,
      "aggr_read_merges" : 3333,
      "aggr_write_merge" : 175,
      "aggr_read_ticks" : 243715,
      "aggr_write_ticks" : 11410,
      "aggr_in_queue" : 255235,
      "aggr_util" : 74.288381
    },
    {
      "name" : "nvme0n1",
      "read_ios" : 75697,
      "write_ios" : 418,
      "read_sectors" : 16909872,
      "write_sectors" : 39432,
      "read_merges" : 3333,
      "write_merges" : 175,
      "read_ticks" : 243715,
      "write_ticks" : 11410,
      "in_queue" : 255235,
      "util" : 74.288381
    }
  ]
}
