{
  "fio version" : "fio-3.41",
  "timestamp" : 1783610575,
  "timestamp_ms" : 1783610575803,
  "time" : "Thu Jul  9 17:22:55 2026",
  "jobs" : [
    {
      "jobname" : "sweep",
      "groupid" : 0,
      "job_start" : 1783610555403,
      "error" : 0,
      "eta" : 0,
      "elapsed" : 21,
      "job options" : {
        "name" : "sweep",
        "filename" : "./fio-testfile",
        "rw" : "read",
        "ioengine" : "libaio",
        "iodepth" : "32",
        "bs" : "1M",
        "direct" : "1",
        "group_reporting" : ""
      },
      "read" : {
        "io_bytes" : 107374182400,
        "io_kbytes" : 104857600,
        "bw_bytes" : 5322404203,
        "bw" : 5197660,
        "iops" : 5075.840190,
        "runtime" : 20174,
        "total_ios" : 102400,
        "short_ios" : 0,
        "drop_ios" : 0,
        "slat_ns" : {
          "min" : 74063,
          "max" : 5342055,
          "mean" : 182313.538477,
          "stddev" : 66424.336205,
          "N" : 102400
        },
        "clat_ns" : {
          "min" : 2881065,
          "max" : 15224014,
          "mean" : 6119601.025986,
          "stddev" : 1228715.484881,
          "N" : 102400,
          "percentile" : {
            "1.000000" : 3850240,
            "5.000000" : 4112384,
            "10.000000" : 4423680,
            "20.000000" : 5144576,
            "30.000000" : 5406720,
            "40.000000" : 5537792,
            "50.000000" : 5931008,
            "60.000000" : 6586368,
            "70.000000" : 6979584,
            "80.000000" : 7372800,
            "90.000000" : 7700480,
            "95.000000" : 8028160,
            "99.000000" : 8355840,
            "99.500000" : 8585216,
            "99.900000" : 10551296,
            "99.950000" : 10944512,
            "99.990000" : 11730944
          }
        },
        "lat_ns" : {
          "min" : 2988600,
          "max" : 15400933,
          "mean" : 6301914.564463,
          "stddev" : 1270520.800647,
          "N" : 102400
        },
        "bw_min" : 4802560,
        "bw_max" : 5881856,
        "bw_agg" : 100.000000,
        "bw_mean" : 5203046.400000,
        "bw_dev" : 273535.839814,
        "bw_samples" : 40,
        "iops_min" : 4690,
        "iops_max" : 5744,
        "iops_mean" : 5081.100000,
        "iops_stddev" : 267.124844,
        "iops_samples" : 40
      },
      "write" : {
        "io_bytes" : 0,
        "io_kbytes" : 0,
        "bw_bytes" : 0,
        "bw" : 0,
        "iops" : 0.000000,
        "runtime" : 0,
        "total_ios" : 0,
        "short_ios" : 0,
        "drop_ios" : 0,
        "slat_ns" : {
          "min" : 0,
          "max" : 0,
          "mean" : 0.000000,
          "stddev" : 0.000000,
          "N" : 0
        },
        "clat_ns" : {
          "min" : 0,
          "max" : 0,
          "mean" : 0.000000,
          "stddev" : 0.000000,
          "N" : 0
        },
        "lat_ns" : {
          "min" : 0,
          "max" : 0,
          "mean" : 0.000000,
          "stddev" : 0.000000,
          "N" : 0
        },
        "bw_min" : 0,
        "bw_max" : 0,
        "bw_agg" : 0.000000,
        "bw_mean" : 0.000000,
        "bw_dev" : 0.000000,
        "bw_samples" : 0,
        "iops_min" : 0,
        "iops_max" : 0,
        "iops_mean" : 0.000000,
        "iops_stddev" : 0.000000,
        "iops_samples" : 0
      },
      "trim" : {
        "io_bytes" : 0,
        "io_kbytes" : 0,
        "bw_bytes" : 0,
        "bw" : 0,
        "iops" : 0.000000,
        "runtime" : 0,
        "total_ios" : 0,
        "short_ios" : 0,
        "drop_ios" : 0,
        "slat_ns" : {
          "min" : 0,
          "max" : 0,
          "mean" : 0.000000,
          "stddev" : 0.000000,
          "N" : 0
        },
        "clat_ns" : {
          "min" : 0,
          "max" : 0,
          "mean" : 0.000000,
          "stddev" : 0.000000,
          "N" : 0
        },
        "lat_ns" : {
          "min" : 0,
          "max" : 0,
          "mean" : 0.000000,
          "stddev" : 0.000000,
          "N" : 0
        },
        "bw_min" : 0,
        "bw_max" : 0,
        "bw_agg" : 0.000000,
        "bw_mean" : 0.000000,
        "bw_dev" : 0.000000,
        "bw_samples" : 0,
        "iops_min" : 0,
        "iops_max" : 0,
        "iops_mean" : 0.000000,
        "iops_stddev" : 0.000000,
        "iops_samples" : 0
      },
      "sync" : {
        "total_ios" : 0,
        "lat_ns" : {
          "min" : 0,
          "max" : 0,
          "mean" : 0.000000,
          "stddev" : 0.000000,
          "N" : 0
        }
      },
      "job_runtime" : 20173,
      "usr_cpu" : 0.703911,
      "sys_cpu" : 92.326377,
      "ctx" : 15953,
      "majf" : 0,
      "minf" : 8200,
      "iodepth_level" : {
        "1" : 0.100000,
        "2" : 0.100000,
        "4" : 0.100000,
        "8" : 0.100000,
        "16" : 0.100000,
        "32" : 99.969727,
        ">=64" : 0.000000
      },
      "iodepth_submit" : {
        "0" : 0.000000,
        "4" : 100.000000,
        "8" : 0.000000,
        "16" : 0.000000,
        "32" : 0.000000,
        "64" : 0.000000,
        ">=64" : 0.000000
      },
      "iodepth_complete" : {
        "0" : 0.000000,
        "4" : 99.999023,
        "8" : 0.000000,
        "16" : 0.000000,
        "32" : 0.100000,
        "64" : 0.000000,
        ">=64" : 0.000000
      },
      "latency_ns" : {
        "2" : 0.000000,
        "4" : 0.000000,
        "10" : 0.000000,
        "20" : 0.000000,
        "50" : 0.000000,
        "100" : 0.000000,
        "250" : 0.000000,
        "500" : 0.000000,
        "750" : 0.000000,
        "1000" : 0.000000
      },
      "latency_us" : {
        "2" : 0.000000,
        "4" : 0.000000,
        "10" : 0.000000,
        "20" : 0.000000,
        "50" : 0.000000,
        "100" : 0.000000,
        "250" : 0.000000,
        "500" : 0.000000,
        "750" : 0.000000,
        "1000" : 0.000000
      },
      "latency_ms" : {
        "2" : 0.000000,
        "4" : 2.523438,
        "10" : 97.275391,
        "20" : 0.201172,
        "50" : 0.000000,
        "100" : 0.000000,
        "250" : 0.000000,
        "500" : 0.000000,
        "750" : 0.000000,
        "1000" : 0.000000,
        "2000" : 0.000000,
        ">=2000" : 0.000000
      },
      "latency_depth" : 32,
      "latency_target" : 0,
      "latency_percentile" : 100.000000,
      "latency_window" : 0
    }
  ],
  "disk_util" : [
    {
      "name" : "dm-1",
      "read_ios" : 113251,
      "write_ios" : 2322,
      "read_sectors" : 209717720,
      "write_sectors" : 21640,
      "read_merges" : 0,
      "write_merges" : 0,
      "read_ticks" : 275305,
      "write_ticks" : 655,
      "in_queue" : 275960,
      "util" : 99.594701,
      "aggr_read_ios" : 830185,
      "aggr_write_ios" : 2440,
      "aggr_read_sectors" : 209978344,
      "aggr_write_sectors" : 21640,
      "aggr_read_merges" : 0,
      "aggr_write_merge" : 0,
      "aggr_read_ticks" : 1938779,
      "aggr_write_ticks" : 642,
      "aggr_in_queue" : 1939421,
      "aggr_util" : 99.384206
    },
    {
      "name" : "dm-0",
      "read_ios" : 830185,
      "write_ios" : 2440,
      "read_sectors" : 209978344,
      "write_sectors" : 21640,
      "read_merges" : 0,
      "write_merges" : 0,
      "read_ticks" : 1938779,
      "write_ticks" : 642,
      "in_queue" : 1939421,
      "util" : 99.384206,
      "aggr_read_ios" : 825946,
      "aggr_write_ios" : 1206,
      "aggr_read_sectors" : 209978344,
      "aggr_write_sectors" : 21640,
      "aggr_read_merges" : 4239,
      "aggr_write_merge" : 1234,
      "aggr_read_ticks" : 1864921,
      "aggr_write_ticks" : 301,
      "aggr_in_queue" : 1865285,
      "aggr_util" : 64.062269
    },
    {
      "name" : "nvme0n1",
      "read_ios" : 825946,
      "write_ios" : 1206,
      "read_sectors" : 209978344,
      "write_sectors" : 21640,
      "read_merges" : 4239,
      "write_merges" : 1234,
      "read_ticks" : 1864921,
      "write_ticks" : 301,
      "in_queue" : 1865285,