{
  "fio version" : "fio-3.36",
  "timestamp" : 1783086530,
  "timestamp_ms" : 1783086530288,
  "time" : "Fri Jul  3 15:48:50 2026",
  "jobs" : [
    {
      "jobname" : "sweep",
      "groupid" : 0,
      "job_start" : 1783086520250,
      "error" : 0,
      "eta" : 0,
      "elapsed" : 11,
      "job options" : {
        "name" : "sweep",
        "filename" : "./fio-testfile",
        "rw" : "read",
        "ioengine" : "libaio",
        "iodepth" : "4",
        "bs" : "1M",
        "direct" : "1",
        "runtime" : "10s",
        "loops" : "1000"
      },
      "read" : {
        "io_bytes" : 43857739776,
        "io_kbytes" : 42829824,
        "bw_bytes" : 4385335444,
        "bw" : 4282554,
        "iops" : 4182.181782,
        "runtime" : 10001,
        "total_ios" : 41826,
        "short_ios" : 0,
        "drop_ios" : 0,
        "slat_ns" : {
          "min" : 52399,
          "max" : 892439,
          "mean" : 72267.463085,
          "stddev" : 15593.220066,
          "N" : 41826
        },
        "clat_ns" : {
          "min" : 219667,
          "max" : 4378362,
          "mean" : 883578.117941,
          "stddev" : 250531.302599,
          "N" : 41826,
          "percentile" : {
            "1.000000" : 577536,
            "5.000000" : 667648,
            "10.000000" : 708608,
            "20.000000" : 757760,
            "30.000000" : 790528,
            "40.000000" : 823296,
            "50.000000" : 847872,
            "60.000000" : 880640,
            "70.000000" : 913408,
            "80.000000" : 954368,
            "90.000000" : 1019904,
            "95.000000" : 1105920,
            "99.000000" : 2310144,
            "99.500000" : 2703360,
            "99.900000" : 3129344,
            "99.950000" : 3424256,
            "99.990000" : 4145152
          }
        },
        "lat_ns" : {
          "min" : 491063,
          "max" : 4433011,
          "mean" : 955845.581026,
          "stddev" : 250265.210001,
          "N" : 41826
        },
        "bw_min" : 3899392,
        "bw_max" : 4435968,
        "bw_agg" : 100.000000,
        "bw_mean" : 4286248.421053,
        "bw_dev" : 127080.366088,
        "bw_samples" : 19,
        "iops_min" : 3808,
        "iops_max" : 4332,
        "iops_mean" : 4185.789474,
        "iops_stddev" : 124.101920,
        "iops_samples" : 19
      },
      "write" : {
        "io_bytes" : 0,
        "io_kbytes" : 0,
        "bw_bytes" : 0,
        "bw" : 0,
        "iops" : 0.000000,
        "runtime" : 0,
        "total_ios" : 0,
        "short_ios" : 0,
        "drop_ios" : 0,
        "slat_ns" : {
          "min" : 0,
          "max" : 0,
          "mean" : 0.000000,
          "stddev" : 0.000000,
          "N" : 0
        },
        "clat_ns" : {
          "min" : 0,
          "max" : 0,
          "mean" : 0.000000,
          "stddev" : 0.000000,
          "N" : 0
        },
        "lat_ns" : {
          "min" : 0,
          "max" : 0,
          "mean" : 0.000000,
          "stddev" : 0.000000,
          "N" : 0
        },
        "bw_min" : 0,
        "bw_max" : 0,
        "bw_agg" : 0.000000,
        "bw_mean" : 0.000000,
        "bw_dev" : 0.000000,
        "bw_samples" : 0,
        "iops_min" : 0,
        "iops_max" : 0,
        "iops_mean" : 0.000000,
        "iops_stddev" : 0.000000,
        "iops_samples" : 0
      },
      "trim" : {
        "io_bytes" : 0,
        "io_kbytes" : 0,
        "bw_bytes" : 0,
        "bw" : 0,
        "iops" : 0.000000,
        "runtime" : 0,
        "total_ios" : 0,
        "short_ios" : 0,
        "drop_ios" : 0,
        "slat_ns" : {
          "min" : 0,
          "max" : 0,
          "mean" : 0.000000,
          "stddev" : 0.000000,
          "N" : 0
        },
        "clat_ns" : {
          "min" : 0,
          "max" : 0,
          "mean" : 0.000000,
          "stddev" : 0.000000,
          "N" : 0
        },
        "lat_ns" : {
          "min" : 0,
          "max" : 0,
          "mean" : 0.000000,
          "stddev" : 0.000000,
          "N" : 0
        },
        "bw_min" : 0,
        "bw_max" : 0,
        "bw_agg" : 0.000000,
        "bw_mean" : 0.000000,
        "bw_dev" : 0.000000,
        "bw_samples" : 0,
        "iops_min" : 0,
        "iops_max" : 0,
        "iops_mean" : 0.000000,
        "iops_stddev" : 0.000000,
        "iops_samples" : 0
      },
      "sync" : {
        "total_ios" : 0,
        "lat_ns" : {
          "min" : 0,
          "max" : 0,
          "mean" : 0.000000,
          "stddev" : 0.000000,
          "N" : 0
        }
      },
      "job_runtime" : 10000,
      "usr_cpu" : 0.660000,
      "sys_cpu" : 31.130000,
      "ctx" : 39810,
      "majf" : 0,
      "minf" : 1038,
      "iodepth_level" : {
        "1" : 0.100000,
        "2" : 0.100000,
        "4" : 99.992827,
        "8" : 0.000000,
        "16" : 0.000000,
        "32" : 0.000000,
        ">=64" : 0.000000
      },
      "iodepth_submit" : {
        "0" : 0.000000,
        "4" : 100.000000,
        "8" : 0.000000,
        "16" : 0.000000,
        "32" : 0.000000,
        "64" : 0.000000,
        ">=64" : 0.000000
      },
      "iodepth_complete" : {
        "0" : 0.000000,
        "4" : 100.000000,
        "8" : 0.000000,
        "16" : 0.000000,
        "32" : 0.000000,
        "64" : 0.000000,
        ">=64" : 0.000000
      },
      "latency_ns" : {
        "2" : 0.000000,
        "4" : 0.000000,
        "10" : 0.000000,
        "20" : 0.000000,
        "50" : 0.000000,
        "100" : 0.000000,
        "250" : 0.000000,
        "500" : 0.000000,
        "750" : 0.000000,
        "1000" : 0.000000
      },
      "latency_us" : {
        "2" : 0.000000,
        "4" : 0.000000,
        "10" : 0.000000,
        "20" : 0.000000,
        "50" : 0.000000,
        "100" : 0.000000,
        "250" : 0.010000,
        "500" : 0.112370,
        "750" : 17.888395,
        "1000" : 69.440061
      },
      "latency_ms" : {
        "2" : 11.117487,
        "4" : 1.424951,
        "10" : 0.011954,
        "20" : 0.000000,
        "50" : 0.000000,
        "100" : 0.000000,
        "250" : 0.000000,
        "500" : 0.000000,
        "750" : 0.000000,
        "1000" : 0.000000,
        "2000" : 0.000000,
        ">=2000" : 0.000000
      },
      "latency_depth" : 4,
      "latency_target" : 0,
      "latency_percentile" : 100.000000,
      "latency_window" : 0
    }
  ],
  "disk_util" : [
    {
      "name" : "dm-1",
      "read_ios" : 123188,
      "write_ios" : 1813,
      "read_sectors" : 84754784,
      "write_sectors" : 23352,
      "read_merges" : 0,
      "write_merges" : 0,
      "read_ticks" : 98874,
      "write_ticks" : 5875,
      "in_queue" : 104749,
      "util" : 98.999199,
      "aggr_read_ios" : 374991,
      "aggr_write_ios" : 1824,
      "aggr_read_sectors" : 85660000,
      "aggr_write_sectors" : 23368,
      "aggr_read_merges" : 0,
      "aggr_write_merge" : 0,
      "aggr_read_ticks" : 278005,
      "aggr_write_ticks" : 5984,
      "aggr_in_queue" : 283989,
      "aggr_util" : 98.657851
    },
    {
      "name" : "dm-0",
      "read_ios" : 374991,
      "write_ios" : 1824,
      "read_sectors" : 85660000,
      "write_sectors" : 23368,
      "read_merges" : 0,
      "write_merges" : 0,
      "read_ticks" : 278005,
      "write_ticks" : 5984,
      "in_queue" : 283989,
      "util" : 98.657851,
      "aggr_read_ios" : 374962,
      "aggr_write_ios" : 1053,
      "aggr_read_sectors" : 85660000,
      "aggr_write_sectors" : 23368,
      "aggr_read_merges" : 29,
      "aggr_write_merge" : 771,
      "aggr_read_ticks" : 267230,
      "aggr_write_ticks" : 5510,
      "aggr_in_queue" : 272981,
      "aggr_util" : 79.226290
    },
    {
      "name" : "nvme0n1",
      "read_ios" : 374962,
      "write_ios" : 1053,
      "read_sectors" : 85660000,
      "write_sectors" : 23368,
      "read_merges" : 29,
      "write_merges" : 771,
      "read_ticks" : 267230,
      "write_ticks" : 5510,
      "in_queue" : 272981,
      "util" : 79.226290
    }
  ]
}
