{
  "fio version" : "fio-3.36",
  "timestamp" : 1783509071,
  "timestamp_ms" : 1783509071713,
  "time" : "Wed Jul  8 13:11:11 2026",
  "jobs" : [
    {
      "jobname" : "sweep",
      "groupid" : 0,
      "job_start" : 1783509065915,
      "error" : 0,
      "eta" : 0,
      "elapsed" : 6,
      "job options" : {
        "name" : "sweep",
        "filename" : "./fio-testfile",
        "rw" : "read",
        "ioengine" : "libaio",
        "iodepth" : "1",
        "bs" : "1M",
        "direct" : "1"
      },
      "read" : {
        "io_bytes" : 8589934592,
        "io_kbytes" : 8388608,
        "bw_bytes" : 1493122647,
        "bw" : 1458127,
        "iops" : 1423.952720,
        "runtime" : 5753,
        "total_ios" : 8192,
        "short_ios" : 0,
        "drop_ios" : 0,
        "slat_ns" : {
          "min" : 52898,
          "max" : 5767595,
          "mean" : 79030.179321,
          "stddev" : 101896.889008,
          "N" : 8192
        },
        "clat_ns" : {
          "min" : 99947,
          "max" : 9710699,
          "mean" : 622607.903198,
          "stddev" : 461320.320169,
          "N" : 8192,
          "percentile" : {
            "1.000000" : 419840,
            "5.000000" : 448512,
            "10.000000" : 460800,
            "20.000000" : 473088,
            "30.000000" : 485376,
            "40.000000" : 497664,
            "50.000000" : 509952,
            "60.000000" : 528384,
            "70.000000" : 552960,
            "80.000000" : 585728,
            "90.000000" : 675840,
            "95.000000" : 1531904,
            "99.000000" : 2211840,
            "99.500000" : 3031040,
            "99.900000" : 6062080,
            "99.950000" : 6979584,
            "99.990000" : 9764864
          }
        },
        "lat_ns" : {
          "min" : 448513,
          "max" : 9771867,
          "mean" : 701638.082520,
          "stddev" : 472757.642587,
          "N" : 8192
        },
        "bw_min" : 1239040,
        "bw_max" : 1650688,
        "bw_agg" : 99.735168,
        "bw_mean" : 1454266.181818,
        "bw_dev" : 121083.242036,
        "bw_samples" : 11,
        "iops_min" : 1210,
        "iops_max" : 1612,
        "iops_mean" : 1420.363636,
        "iops_stddev" : 118.219518,
        "iops_samples" : 11
      },
      "write" : {
        "io_bytes" : 0,
        "io_kbytes" : 0,
        "bw_bytes" : 0,
        "bw" : 0,
        "iops" : 0.000000,
        "runtime" : 0,
        "total_ios" : 0,
        "short_ios" : 0,
        "drop_ios" : 0,
        "slat_ns" : {
          "min" : 0,
          "max" : 0,
          "mean" : 0.000000,
          "stddev" : 0.000000,
          "N" : 0
        },
        "clat_ns" : {
          "min" : 0,
          "max" : 0,
          "mean" : 0.000000,
          "stddev" : 0.000000,
          "N" : 0
        },
        "lat_ns" : {
          "min" : 0,
          "max" : 0,
          "mean" : 0.000000,
          "stddev" : 0.000000,
          "N" : 0
        },
        "bw_min" : 0,
        "bw_max" : 0,
        "bw_agg" : 0.000000,
        "bw_mean" : 0.000000,
        "bw_dev" : 0.000000,
        "bw_samples" : 0,
        "iops_min" : 0,
        "iops_max" : 0,
        "iops_mean" : 0.000000,
        "iops_stddev" : 0.000000,
        "iops_samples" : 0
      },
      "trim" : {
        "io_bytes" : 0,
        "io_kbytes" : 0,
        "bw_bytes" : 0,
        "bw" : 0,
        "iops" : 0.000000,
        "runtime" : 0,
        "total_ios" : 0,
        "short_ios" : 0,
        "drop_ios" : 0,
        "slat_ns" : {
          "min" : 0,
          "max" : 0,
          "mean" : 0.000000,
          "stddev" : 0.000000,
          "N" : 0
        },
        "clat_ns" : {
          "min" : 0,
          "max" : 0,
          "mean" : 0.000000,
          "stddev" : 0.000000,
          "N" : 0
        },
        "lat_ns" : {
          "min" : 0,
          "max" : 0,
          "mean" : 0.000000,
          "stddev" : 0.000000,
          "N" : 0
        },
        "bw_min" : 0,
        "bw_max" : 0,
        "bw_agg" : 0.000000,
        "bw_mean" : 0.000000,
        "bw_dev" : 0.000000,
        "bw_samples" : 0,
        "iops_min" : 0,
        "iops_max" : 0,
        "iops_mean" : 0.000000,
        "iops_stddev" : 0.000000,
        "iops_samples" : 0
      },
      "sync" : {
        "total_ios" : 0,
        "lat_ns" : {
          "min" : 0,
          "max" : 0,
          "mean" : 0.000000,
          "stddev" : 0.000000,
          "N" : 0
        }
      },
      "job_runtime" : 5752,
      "usr_cpu" : 0.208623,
      "sys_cpu" : 10.900556,
      "ctx" : 8438,
      "majf" : 0,
      "minf" : 269,
      "iodepth_level" : {
        "1" : 100.000000,
        "2" : 0.000000,
        "4" : 0.000000,
        "8" : 0.000000,
        "16" : 0.000000,
        "32" : 0.000000,
        ">=64" : 0.000000
      },
      "iodepth_submit" : {
        "0" : 0.000000,
        "4" : 100.000000,
        "8" : 0.000000,
        "16" : 0.000000,
        "32" : 0.000000,
        "64" : 0.000000,
        ">=64" : 0.000000
      },
      "iodepth_complete" : {
        "0" : 0.000000,
        "4" : 100.000000,
        "8" : 0.000000,
        "16" : 0.000000,
        "32" : 0.000000,
        "64" : 0.000000,
        ">=64" : 0.000000
      },
      "latency_ns" : {
        "2" : 0.000000,
        "4" : 0.000000,
        "10" : 0.000000,
        "20" : 0.000000,
        "50" : 0.000000,
        "100" : 0.000000,
        "250" : 0.000000,
        "500" : 0.000000,
        "750" : 0.000000,
        "1000" : 0.000000
      },
      "latency_us" : {
        "2" : 0.000000,
        "4" : 0.000000,
        "10" : 0.000000,
        "20" : 0.000000,
        "50" : 0.000000,
        "100" : 0.012207,
        "250" : 0.158691,
        "500" : 41.552734,
        "750" : 50.341797,
        "1000" : 1.135254
      },
      "latency_ms" : {
        "2" : 4.528809,
        "4" : 1.940918,
        "10" : 0.329590,
        "20" : 0.000000,
        "50" : 0.000000,
        "100" : 0.000000,
        "250" : 0.000000,
        "500" : 0.000000,
        "750" : 0.000000,
        "1000" : 0.000000,
        "2000" : 0.000000,
        ">=2000" : 0.000000
      },
      "latency_depth" : 1,
      "latency_target" : 0,
      "latency_percentile" : 100.000000,
      "latency_window" : 0
    }
  ],
  "disk_util" : [
    {
      "name" : "dm-1",
      "read_ios" : 36593,
      "write_ios" : 3564,
      "read_sectors" : 16928784,
      "write_sectors" : 429872,
      "read_merges" : 0,
      "write_merges" : 0,
      "read_ticks" : 18079,
      "write_ticks" : 2132,
      "in_queue" : 20211,
      "util" : 97.248825,
      "aggr_read_ios" : 86191,
      "aggr_write_ios" : 5015,
      "aggr_read_sectors" : 17271008,
      "aggr_write_sectors" : 445560,
      "aggr_read_merges" : 0,
      "aggr_write_merge" : 0,
      "aggr_read_ticks" : 40520,
      "aggr_write_ticks" : 3993,
      "aggr_in_queue" : 44513,
      "aggr_util" : 96.659318
    },
    {
      "name" : "dm-0",
      "read_ios" : 86191,
      "write_ios" : 5015,
      "read_sectors" : 17271008,
      "write_sectors" : 445560,
      "read_merges" : 0,
      "write_merges" : 0,
      "read_ticks" : 40520,
      "write_ticks" : 3993,
      "in_queue" : 44513,
      "util" : 96.659318,
      "aggr_read_ios" : 80806,
      "aggr_write_ios" : 3723,
      "aggr_read_sectors" : 17271008,
      "aggr_write_sectors" : 445560,
      "aggr_read_merges" : 5355,
      "aggr_write_merge" : 1292,
      "aggr_read_ticks" : 35616,
      "aggr_write_ticks" : 3604,
      "aggr_in_queue" : 39631,
      "aggr_util" : 81.109038
    },
    {
      "name" : "nvme0n1",
      "read_ios" : 80806,
      "write_ios" : 3723,
      "read_sectors" : 17271008,
      "write_sectors" : 445560,
      "read_merges" : 5355,
      "write_merges" : 1292,
      "read_ticks" : 35616,
      "write_ticks" : 3604,
      "in_queue" : 39631,
      "util" : 81.109038
    }
  ]
}
