{
  "fio version" : "fio-3.41",
  "timestamp" : 1783610553,
  "timestamp_ms" : 1783610553502,
  "time" : "Thu Jul  9 17:22:33 2026",
  "jobs" : [
    {
      "jobname" : "sweep",
      "groupid" : 0,
      "job_start" : 1783610532108,
      "error" : 0,
      "eta" : 0,
      "elapsed" : 22,
      "job options" : {
        "name" : "sweep",
        "filename" : "./fio-testfile",
        "rw" : "read",
        "ioengine" : "libaio",
        "iodepth" : "16",
        "bs" : "1M",
        "direct" : "1",
        "group_reporting" : ""
      },
      "read" : {
        "io_bytes" : 107374182400,
        "io_kbytes" : 104857600,
        "bw_bytes" : 5071997279,
        "bw" : 4953122,
        "iops" : 4837.033538,
        "runtime" : 21170,
        "total_ios" : 102400,
        "short_ios" : 0,
        "drop_ios" : 0,
        "slat_ns" : {
          "min" : 73956,
          "max" : 6049342,
          "mean" : 196083.644932,
          "stddev" : 58568.357404,
          "N" : 102400
        },
        "clat_ns" : {
          "min" : 366779,
          "max" : 13311377,
          "mean" : 3110045.887324,
          "stddev" : 595827.408199,
          "N" : 102400,
          "percentile" : {
            "1.000000" : 1908736,
            "5.000000" : 2113536,
            "10.000000" : 2342912,
            "20.000000" : 2605056,
            "30.000000" : 2703360,
            "40.000000" : 2899968,
            "50.000000" : 3162112,
            "60.000000" : 3358720,
            "70.000000" : 3489792,
            "80.000000" : 3653632,
            "90.000000" : 3817472,
            "95.000000" : 3948544,
            "99.000000" : 4227072,
            "99.500000" : 4423680,
            "99.900000" : 5799936,
            "99.950000" : 7241728,
            "99.990000" : 8847360
          }
        },
        "lat_ns" : {
          "min" : 601206,
          "max" : 13525274,
          "mean" : 3306129.532256,
          "stddev" : 636813.328818,
          "N" : 102400
        },
        "bw_min" : 4489216,
        "bw_max" : 5500928,
        "bw_agg" : 100.000000,
        "bw_mean" : 4959475.809524,
        "bw_dev" : 205064.546815,
        "bw_samples" : 42,
        "iops_min" : 4384,
        "iops_max" : 5372,
        "iops_mean" : 4843.238095,
        "iops_stddev" : 200.258346,
        "iops_samples" : 42
      },
      "write" : {
        "io_bytes" : 0,
        "io_kbytes" : 0,
        "bw_bytes" : 0,
        "bw" : 0,
        "iops" : 0.000000,
        "runtime" : 0,
        "total_ios" : 0,
        "short_ios" : 0,
        "drop_ios" : 0,
        "slat_ns" : {
          "min" : 0,
          "max" : 0,
          "mean" : 0.000000,
          "stddev" : 0.000000,
          "N" : 0
        },
        "clat_ns" : {
          "min" : 0,
          "max" : 0,
          "mean" : 0.000000,
          "stddev" : 0.000000,
          "N" : 0
        },
        "lat_ns" : {
          "min" : 0,
          "max" : 0,
          "mean" : 0.000000,
          "stddev" : 0.000000,
          "N" : 0
        },
        "bw_min" : 0,
        "bw_max" : 0,
        "bw_agg" : 0.000000,
        "bw_mean" : 0.000000,
        "bw_dev" : 0.000000,
        "bw_samples" : 0,
        "iops_min" : 0,
        "iops_max" : 0,
        "iops_mean" : 0.000000,
        "iops_stddev" : 0.000000,
        "iops_samples" : 0
      },
      "trim" : {
        "io_bytes" : 0,
        "io_kbytes" : 0,
        "bw_bytes" : 0,
        "bw" : 0,
        "iops" : 0.000000,
        "runtime" : 0,
        "total_ios" : 0,
        "short_ios" : 0,
        "drop_ios" : 0,
        "slat_ns" : {
          "min" : 0,
          "max" : 0,
          "mean" : 0.000000,
          "stddev" : 0.000000,
          "N" : 0
        },
        "clat_ns" : {
          "min" : 0,
          "max" : 0,
          "mean" : 0.000000,
          "stddev" : 0.000000,
          "N" : 0
        },
        "lat_ns" : {
          "min" : 0,
          "max" : 0,
          "mean" : 0.000000,
          "stddev" : 0.000000,
          "N" : 0
        },
        "bw_min" : 0,
        "bw_max" : 0,
        "bw_agg" : 0.000000,
        "bw_mean" : 0.000000,
        "bw_dev" : 0.000000,
        "bw_samples" : 0,
        "iops_min" : 0,
        "iops_max" : 0,
        "iops_mean" : 0.000000,
        "iops_stddev" : 0.000000,
        "iops_samples" : 0
      },
      "sync" : {
        "total_ios" : 0,
        "lat_ns" : {
          "min" : 0,
          "max" : 0,
          "mean" : 0.000000,
          "stddev" : 0.000000,
          "N" : 0
        }
      },
      "job_runtime" : 21169,
      "usr_cpu" : 0.727479,
      "sys_cpu" : 94.803722,
      "ctx" : 12163,
      "majf" : 0,
      "minf" : 4106,
      "iodepth_level" : {
        "1" : 0.100000,
        "2" : 0.100000,
        "4" : 0.100000,
        "8" : 0.100000,
        "16" : 99.985352,
        "32" : 0.000000,
        ">=64" : 0.000000
      },
      "iodepth_submit" : {
        "0" : 0.000000,
        "4" : 100.000000,
        "8" : 0.000000,
        "16" : 0.000000,
        "32" : 0.000000,
        "64" : 0.000000,
        ">=64" : 0.000000
      },
      "iodepth_complete" : {
        "0" : 0.000000,
        "4" : 99.999023,
        "8" : 0.000000,
        "16" : 0.100000,
        "32" : 0.000000,
        "64" : 0.000000,
        ">=64" : 0.000000
      },
      "latency_ns" : {
        "2" : 0.000000,
        "4" : 0.000000,
        "10" : 0.000000,
        "20" : 0.000000,
        "50" : 0.000000,
        "100" : 0.000000,
        "250" : 0.000000,
        "500" : 0.000000,
        "750" : 0.000000,
        "1000" : 0.000000
      },
      "latency_us" : {
        "2" : 0.000000,
        "4" : 0.000000,
        "10" : 0.000000,
        "20" : 0.000000,
        "50" : 0.000000,
        "100" : 0.000000,
        "250" : 0.000000,
        "500" : 0.010000,
        "750" : 0.010000,
        "1000" : 0.010000
      },
      "latency_ms" : {
        "2" : 2.950195,
        "4" : 93.159180,
        "10" : 3.882812,
        "20" : 0.010000,
        "50" : 0.000000,
        "100" : 0.000000,
        "250" : 0.000000,
        "500" : 0.000000,
        "750" : 0.000000,
        "1000" : 0.000000,
        "2000" : 0.000000,
        ">=2000" : 0.000000
      },
      "latency_depth" : 16,
      "latency_target" : 0,
      "latency_percentile" : 100.000000,
      "latency_window" : 0
    }
  ],
  "disk_util" : [
    {
      "name" : "dm-1",
      "read_ios" : 113043,
      "write_ios" : 2200,
      "read_sectors" : 209923144,
      "write_sectors" : 24512,
      "read_merges" : 0,
      "write_merges" : 0,
      "read_ticks" : 124109,
      "write_ticks" : 395,
      "in_queue" : 124504,
      "util" : 99.755041,
      "aggr_read_ios" : 831697,
      "aggr_write_ios" : 2331,
      "aggr_read_sectors" : 210146064,
      "aggr_write_sectors" : 24512,
      "aggr_read_merges" : 0,
      "aggr_write_merge" : 0,
      "aggr_read_ticks" : 816875,
      "aggr_write_ticks" : 388,
      "aggr_in_queue" : 817263,
      "aggr_util" : 99.689995
    },
    {
      "name" : "dm-0",
      "read_ios" : 831697,
      "write_ios" : 2331,
      "read_sectors" : 210146064,
      "write_sectors" : 24512,
      "read_merges" : 0,
      "write_merges" : 0,
      "read_ticks" : 816875,
      "write_ticks" : 388,
      "in_queue" : 817263,
      "util" : 99.689995,
      "aggr_read_ios" : 824457,
      "aggr_write_ios" : 1278,
      "aggr_read_sectors" : 210146072,
      "aggr_write_sectors" : 24512,
      "aggr_read_merges" : 7241,
      "aggr_write_merge" : 1053,
      "aggr_read_ticks" : 750488,
      "aggr_write_ticks" : 232,
      "aggr_in_queue" : 750789,
      "aggr_util" : 64.232034
    },
    {
      "name" : "nvme0n1",
      "read_ios" : 824457,
      "write_ios" : 1278,
      "read_sectors" : 210146072,
      "write_sectors" : 24512,
      "read_merges" : 7241,
      "write_merges" : 1053,
      "read_ticks" : 750488,
      "write_ticks" : 232,
      "in_queue" : 750789,
      "util" : 64.232034
    }
  ]
}
