{
  "fio version" : "fio-3.36",
  "timestamp" : 1783509042,
  "timestamp_ms" : 1783509042075,
  "time" : "Wed Jul  8 13:10:42 2026",
  "jobs" : [
    {
      "jobname" : "sweep",
      "groupid" : 0,
      "job_start" : 1783509038171,
      "error" : 0,
      "eta" : 0,
      "elapsed" : 5,
      "job options" : {
        "name" : "sweep",
        "filename" : "./fio-testfile",
        "rw" : "read",
        "ioengine" : "libaio",
        "iodepth" : "4",
        "bs" : "256k",
        "direct" : "1"
      },
      "read" : {
        "io_bytes" : 8589934592,
        "io_kbytes" : 8388608,
        "bw_bytes" : 2234053209,
        "bw" : 2181692,
        "iops" : 8522.236671,
        "runtime" : 3845,
        "total_ios" : 32768,
        "short_ios" : 0,
        "drop_ios" : 0,
        "slat_ns" : {
          "min" : 14189,
          "max" : 6056247,
          "mean" : 21739.648682,
          "stddev" : 71236.717023,
          "N" : 32768
        },
        "clat_ns" : {
          "min" : 93456,
          "max" : 7960454,
          "mean" : 447129.626617,
          "stddev" : 265769.905819,
          "N" : 32768,
          "percentile" : {
            "1.000000" : 272384,
            "5.000000" : 301056,
            "10.000000" : 317440,
            "20.000000" : 337920,
            "30.000000" : 354304,
            "40.000000" : 370688,
            "50.000000" : 391168,
            "60.000000" : 415744,
            "70.000000" : 444416,
            "80.000000" : 485376,
            "90.000000" : 561152,
            "95.000000" : 643072,
            "99.000000" : 1810432,
            "99.500000" : 2039808,
            "99.900000" : 3129344,
            "99.950000" : 3784704,
            "99.990000" : 5931008
          }
        },
        "lat_ns" : {
          "min" : 237331,
          "max" : 7987873,
          "mean" : 468869.275299,
          "stddev" : 274606.402695,
          "N" : 32768
        },
        "bw_min" : 2011136,
        "bw_max" : 2362368,
        "bw_agg" : 99.631773,
        "bw_mean" : 2173659.428571,
        "bw_dev" : 121503.708441,
        "bw_samples" : 7,
        "iops_min" : 7856,
        "iops_max" : 9228,
        "iops_mean" : 8490.857143,
        "iops_stddev" : 474.623861,
        "iops_samples" : 7
      },
      "write" : {
        "io_bytes" : 0,
        "io_kbytes" : 0,
        "bw_bytes" : 0,
        "bw" : 0,
        "iops" : 0.000000,
        "runtime" : 0,
        "total_ios" : 0,
        "short_ios" : 0,
        "drop_ios" : 0,
        "slat_ns" : {
          "min" : 0,
          "max" : 0,
          "mean" : 0.000000,
          "stddev" : 0.000000,
          "N" : 0
        },
        "clat_ns" : {
          "min" : 0,
          "max" : 0,
          "mean" : 0.000000,
          "stddev" : 0.000000,
          "N" : 0
        },
        "lat_ns" : {
          "min" : 0,
          "max" : 0,
          "mean" : 0.000000,
          "stddev" : 0.000000,
          "N" : 0
        },
        "bw_min" : 0,
        "bw_max" : 0,
        "bw_agg" : 0.000000,
        "bw_mean" : 0.000000,
        "bw_dev" : 0.000000,
        "bw_samples" : 0,
        "iops_min" : 0,
        "iops_max" : 0,
        "iops_mean" : 0.000000,
        "iops_stddev" : 0.000000,
        "iops_samples" : 0
      },
      "trim" : {
        "io_bytes" : 0,
        "io_kbytes" : 0,
        "bw_bytes" : 0,
        "bw" : 0,
        "iops" : 0.000000,
        "runtime" : 0,
        "total_ios" : 0,
        "short_ios" : 0,
        "drop_ios" : 0,
        "slat_ns" : {
          "min" : 0,
          "max" : 0,
          "mean" : 0.000000,
          "stddev" : 0.000000,
          "N" : 0
        },
        "clat_ns" : {
          "min" : 0,
          "max" : 0,
          "mean" : 0.000000,
          "stddev" : 0.000000,
          "N" : 0
        },
        "lat_ns" : {
          "min" : 0,
          "max" : 0,
          "mean" : 0.000000,
          "stddev" : 0.000000,
          "N" : 0
        },
        "bw_min" : 0,
        "bw_max" : 0,
        "bw_agg" : 0.000000,
        "bw_mean" : 0.000000,
        "bw_dev" : 0.000000,
        "bw_samples" : 0,
        "iops_min" : 0,
        "iops_max" : 0,
        "iops_mean" : 0.000000,
        "iops_stddev" : 0.000000,
        "iops_samples" : 0
      },
      "sync" : {
        "total_ios" : 0,
        "lat_ns" : {
          "min" : 0,
          "max" : 0,
          "mean" : 0.000000,
          "stddev" : 0.000000,
          "N" : 0
        }
      },
      "job_runtime" : 3844,
      "usr_cpu" : 0.910510,
      "sys_cpu" : 19.120708,
      "ctx" : 29858,
      "majf" : 0,
      "minf" : 270,
      "iodepth_level" : {
        "1" : 0.100000,
        "2" : 0.100000,
        "4" : 99.990845,
        "8" : 0.000000,
        "16" : 0.000000,
        "32" : 0.000000,
        ">=64" : 0.000000
      },
      "iodepth_submit" : {
        "0" : 0.000000,
        "4" : 100.000000,
        "8" : 0.000000,
        "16" : 0.000000,
        "32" : 0.000000,
        "64" : 0.000000,
        ">=64" : 0.000000
      },
      "iodepth_complete" : {
        "0" : 0.000000,
        "4" : 100.000000,
        "8" : 0.000000,
        "16" : 0.000000,
        "32" : 0.000000,
        "64" : 0.000000,
        ">=64" : 0.000000
      },
      "latency_ns" : {
        "2" : 0.000000,
        "4" : 0.000000,
        "10" : 0.000000,
        "20" : 0.000000,
        "50" : 0.000000,
        "100" : 0.000000,
        "250" : 0.000000,
        "500" : 0.000000,
        "750" : 0.000000,
        "1000" : 0.000000
      },
      "latency_us" : {
        "2" : 0.000000,
        "4" : 0.000000,
        "10" : 0.000000,
        "20" : 0.000000,
        "50" : 0.000000,
        "100" : 0.010000,
        "250" : 0.302124,
        "500" : 82.052612,
        "750" : 14.450073,
        "1000" : 0.582886
      },
      "latency_ms" : {
        "2" : 1.968384,
        "4" : 0.595093,
        "10" : 0.045776,
        "20" : 0.000000,
        "50" : 0.000000,
        "100" : 0.000000,
        "250" : 0.000000,
        "500" : 0.000000,
        "750" : 0.000000,
        "1000" : 0.000000,
        "2000" : 0.000000,
        ">=2000" : 0.000000
      },
      "latency_depth" : 4,
      "latency_target" : 0,
      "latency_percentile" : 100.000000,
      "latency_window" : 0
    }
  ],
  "disk_util" : [
    {
      "name" : "dm-1",
      "read_ios" : 63875,
      "write_ios" : 1418,
      "read_sectors" : 16237000,
      "write_sectors" : 167592,
      "read_merges" : 0,
      "write_merges" : 0,
      "read_ticks" : 26797,
      "write_ticks" : 819,
      "in_queue" : 27616,
      "util" : 98.476750,
      "aggr_read_ios" : 96241,
      "aggr_write_ios" : 1974,
      "aggr_read_sectors" : 17172272,
      "aggr_write_sectors" : 167840,
      "aggr_read_merges" : 0,
      "aggr_write_merge" : 0,
      "aggr_read_ticks" : 39039,
      "aggr_write_ticks" : 1597,
      "aggr_in_queue" : 40636,
      "aggr_util" : 97.101449
    },
    {
      "name" : "dm-0",
      "read_ios" : 96241,
      "write_ios" : 1974,
      "read_sectors" : 17172272,
      "write_sectors" : 167840,
      "read_merges" : 0,
      "write_merges" : 0,
      "read_ticks" : 39039,
      "write_ticks" : 1597,
      "in_queue" : 40636,
      "util" : 97.101449,
      "aggr_read_ios" : 85683,
      "aggr_write_ios" : 1390,
      "aggr_read_sectors" : 17172272,
      "aggr_write_sectors" : 167840,
      "aggr_read_merges" : 10558,
      "aggr_write_merge" : 584,
      "aggr_read_ticks" : 30550,
      "aggr_write_ticks" : 1379,
      "aggr_in_queue" : 32090,
      "aggr_util" : 70.189905
    },
    {
      "name" : "nvme0n1",
      "read_ios" : 85683,
      "write_ios" : 1390,
      "read_sectors" : 17172272,
      "write_sectors" : 167840,
      "read_merges" : 10558,
      "write_merges" : 584,
      "read_ticks" : 30550,
      "write_ticks" : 1379,
      "in_queue" : 32090,
      "util" : 70.189905
    }
  ]
}
