{
  "fio version" : "fio-3.41",
  "timestamp" : 1783610635,
  "timestamp_ms" : 1783610635470,
  "time" : "Thu Jul  9 17:23:55 2026",
  "jobs" : [
    {
      "jobname" : "sweep",
      "groupid" : 0,
      "job_start" : 1783610600434,
      "error" : 0,
      "eta" : 0,
      "elapsed" : 36,
      "job options" : {
        "name" : "sweep",
        "filename" : "./fio-testfile",
        "rw" : "read",
        "ioengine" : "libaio",
        "iodepth" : "1",
        "bs" : "4M",
        "direct" : "1",
        "group_reporting" : ""
      },
      "read" : {
        "io_bytes" : 107374182400,
        "io_kbytes" : 104857600,
        "bw_bytes" : 3076535984,
        "bw" : 3004429,
        "iops" : 733.503338,
        "runtime" : 34901,
        "total_ios" : 25600,
        "short_ios" : 0,
        "drop_ios" : 0,
        "slat_ns" : {
          "min" : 379180,
          "max" : 3794085,
          "mean" : 911740.107539,
          "stddev" : 168071.901734,
          "N" : 25600
        },
        "clat_ns" : {
          "min" : 2362,
          "max" : 6412414,
          "mean" : 449147.991523,
          "stddev" : 163423.127563,
          "N" : 25600,
          "percentile" : {
            "1.000000" : 197632,
            "5.000000" : 280576,
            "10.000000" : 317440,
            "20.000000" : 337920,
            "30.000000" : 358400,
            "40.000000" : 378880,
            "50.000000" : 403456,
            "60.000000" : 444416,
            "70.000000" : 493568,
            "80.000000" : 561152,
            "90.000000" : 651264,
            "95.000000" : 724992,
            "99.000000" : 856064,
            "99.500000" : 929792,
            "99.900000" : 1613824,
            "99.950000" : 2539520,
            "99.990000" : 3915776
          }
        },
        "lat_ns" : {
          "min" : 863694,
          "max" : 7070760,
          "mean" : 1360888.099063,
          "stddev" : 134307.578067,
          "N" : 25600
        },
        "bw_min" : 2842624,
        "bw_max" : 3162112,
        "bw_agg" : 100.000000,
        "bw_mean" : 3007057.623188,
        "bw_dev" : 56761.384729,
        "bw_samples" : 69,
        "iops_min" : 694,
        "iops_max" : 772,
        "iops_mean" : 734.144928,
        "iops_stddev" : 13.857760,
        "iops_samples" : 69
      },
      "write" : {
        "io_bytes" : 0,
        "io_kbytes" : 0,
        "bw_bytes" : 0,
        "bw" : 0,
        "iops" : 0.000000,
        "runtime" : 0,
        "total_ios" : 0,
        "short_ios" : 0,
        "drop_ios" : 0,
        "slat_ns" : {
          "min" : 0,
          "max" : 0,
          "mean" : 0.000000,
          "stddev" : 0.000000,
          "N" : 0
        },
        "clat_ns" : {
          "min" : 0,
          "max" : 0,
          "mean" : 0.000000,
          "stddev" : 0.000000,
          "N" : 0
        },
        "lat_ns" : {
          "min" : 0,
          "max" : 0,
          "mean" : 0.000000,
          "stddev" : 0.000000,
          "N" : 0
        },
        "bw_min" : 0,
        "bw_max" : 0,
        "bw_agg" : 0.000000,
        "bw_mean" : 0.000000,
        "bw_dev" : 0.000000,
        "bw_samples" : 0,
        "iops_min" : 0,
        "iops_max" : 0,
        "iops_mean" : 0.000000,
        "iops_stddev" : 0.000000,
        "iops_samples" : 0
      },
      "trim" : {
        "io_bytes" : 0,
        "io_kbytes" : 0,
        "bw_bytes" : 0,
        "bw" : 0,
        "iops" : 0.000000,
        "runtime" : 0,
        "total_ios" : 0,
        "short_ios" : 0,
        "drop_ios" : 0,
        "slat_ns" : {
          "min" : 0,
          "max" : 0,
          "mean" : 0.000000,
          "stddev" : 0.000000,
          "N" : 0
        },
        "clat_ns" : {
          "min" : 0,
          "max" : 0,
          "mean" : 0.000000,
          "stddev" : 0.000000,
          "N" : 0
        },
        "lat_ns" : {
          "min" : 0,
          "max" : 0,
          "mean" : 0.000000,
          "stddev" : 0.000000,
          "N" : 0
        },
        "bw_min" : 0,
        "bw_max" : 0,
        "bw_agg" : 0.000000,
        "bw_mean" : 0.000000,
        "bw_dev" : 0.000000,
        "bw_samples" : 0,
        "iops_min" : 0,
        "iops_max" : 0,
        "iops_mean" : 0.000000,
        "iops_stddev" : 0.000000,
        "iops_samples" : 0
      },
      "sync" : {
        "total_ios" : 0,
        "lat_ns" : {
          "min" : 0,
          "max" : 0,
          "mean" : 0.000000,
          "stddev" : 0.000000,
          "N" : 0
        }
      },
      "job_runtime" : 34900,
      "usr_cpu" : 0.438395,
      "sys_cpu" : 67.189112,
      "ctx" : 27388,
      "majf" : 0,
      "minf" : 1035,
      "iodepth_level" : {
        "1" : 100.000000,
        "2" : 0.000000,
        "4" : 0.000000,
        "8" : 0.000000,
        "16" : 0.000000,
        "32" : 0.000000,
        ">=64" : 0.000000
      },
      "iodepth_submit" : {
        "0" : 0.000000,
        "4" : 100.000000,
        "8" : 0.000000,
        "16" : 0.000000,
        "32" : 0.000000,
        "64" : 0.000000,
        ">=64" : 0.000000
      },
      "iodepth_complete" : {
        "0" : 0.000000,
        "4" : 100.000000,
        "8" : 0.000000,
        "16" : 0.000000,
        "32" : 0.000000,
        "64" : 0.000000,
        ">=64" : 0.000000
      },
      "latency_ns" : {
        "2" : 0.000000,
        "4" : 0.000000,
        "10" : 0.000000,
        "20" : 0.000000,
        "50" : 0.000000,
        "100" : 0.000000,
        "250" : 0.000000,
        "500" : 0.000000,
        "750" : 0.000000,
        "1000" : 0.000000
      },
      "latency_us" : {
        "2" : 0.000000,
        "4" : 0.010000,
        "10" : 0.011719,
        "20" : 0.000000,
        "50" : 0.011719,
        "100" : 0.011719,
        "250" : 3.785156,
        "500" : 67.121094,
        "750" : 25.601563,
        "1000" : 3.113281
      },
      "latency_ms" : {
        "2" : 0.273438,
        "4" : 0.058594,
        "10" : 0.010000,
        "20" : 0.000000,
        "50" : 0.000000,
        "100" : 0.000000,
        "250" : 0.000000,
        "500" : 0.000000,
        "750" : 0.000000,
        "1000" : 0.000000,
        "2000" : 0.000000,
        ">=2000" : 0.000000
      },
      "latency_depth" : 1,
      "latency_target" : 0,
      "latency_percentile" : 100.000000,
      "latency_window" : 0
    }
  ],
  "disk_util" : [
    {
      "name" : "dm-1",
      "read_ios" : 108818,
      "write_ios" : 3288,
      "read_sectors" : 209802904,
      "write_sectors" : 40464,
      "read_merges" : 0,
      "write_merges" : 0,
      "read_ticks" : 79010,
      "write_ticks" : 483,
      "in_queue" : 79493,
      "util" : 94.159039,
      "aggr_read_ios" : 825640,
      "aggr_write_ios" : 3556,
      "aggr_read_sectors" : 209847960,
      "aggr_write_sectors" : 40920,
      "aggr_read_merges" : 0,
      "aggr_write_merge" : 0,
      "aggr_read_ticks" : 434023,
      "aggr_write_ticks" : 498,
      "aggr_in_queue" : 434521,
      "aggr_util" : 93.895681
    },
    {
      "name" : "dm-0",
      "read_ios" : 825640,
      "write_ios" : 3556,
      "read_sectors" : 209847960,
      "write_sectors" : 40920,
      "read_merges" : 0,
      "write_merges" : 0,
      "read_ticks" : 434023,
      "write_ticks" : 498,
      "in_queue" : 434521,
      "util" : 93.895681,
      "aggr_read_ios" : 822180,
      "aggr_write_ios" : 2149,
      "aggr_read_sectors" : 209847960,
      "aggr_write_sectors" : 40920,
      "aggr_read_merges" : 3460,
      "aggr_write_merge" : 1407,
      "aggr_read_ticks" : 629703,
      "aggr_write_ticks" : 309,
      "aggr_in_queue" : 630095,
      "aggr_util" : 50.032851
    },
    {
      "name" : "nvme0n1",
      "read_ios" : 822180,
      "write_ios" : 2149,
      "read_sectors" : 209847960,
      "write_sectors" : 40920,
      "read_merges" : 3460,
      "write_merges" : 1407,
      "read_ticks" : 629703,
      "write_ticks" : 309,
      "in_queue" : 630095,
      "util" : 50.032851
    }
  ]
}
