{
  "fio version" : "fio-3.41",
  "timestamp" : 1783091709,
  "timestamp_ms" : 1783091709996,
  "time" : "Fri Jul  3 17:15:09 2026",
  "jobs" : [
    {
      "jobname" : "sweep",
      "groupid" : 0,
      "job_start" : 1783091699847,
      "error" : 0,
      "eta" : 0,
      "elapsed" : 11,
      "job options" : {
        "name" : "sweep",
        "filename" : "./fio-testfile",
        "rw" : "read",
        "ioengine" : "libaio",
        "iodepth" : "32",
        "bs" : "4M",
        "direct" : "1",
        "time_based" : "",
        "runtime" : "10s",
        "loops" : "1000",
        "group_reporting" : ""
      },
      "read" : {
        "io_bytes" : 64223182848,
        "io_kbytes" : 62717952,
        "bw_bytes" : 6408859679,
        "bw" : 6258652,
        "iops" : 1527.991218,
        "runtime" : 10021,
        "total_ios" : 15312,
        "short_ios" : 0,
        "drop_ios" : 0,
        "slat_ns" : {
          "min" : 243538,
          "max" : 3093954,
          "mean" : 587652.671042,
          "stddev" : 203413.743783,
          "N" : 15312
        },
        "clat_ns" : {
          "min" : 8406276,
          "max" : 69067630,
          "mean" : 20274247.801594,
          "stddev" : 5624364.709583,
          "N" : 15312,
          "percentile" : {
            "1.000000" : 9633792,
            "5.000000" : 12386304,
            "10.000000" : 13172736,
            "20.000000" : 15269888,
            "30.000000" : 17694720,
            "40.000000" : 19529728,
            "50.000000" : 20578304,
            "60.000000" : 21626880,
            "70.000000" : 22675456,
            "80.000000" : 23199744,
            "90.000000" : 25034752,
            "95.000000" : 29229056,
            "99.000000" : 40632320,
            "99.500000" : 43778048,
            "99.900000" : 51118080,
            "99.950000" : 57409536,
            "99.990000" : 66846720
          }
        },
        "lat_ns" : {
          "min" : 8751334,
          "max" : 72161584,
          "mean" : 20861900.472636,
          "stddev" : 5673033.950025,
          "N" : 15312
        },
        "bw_min" : 5521408,
        "bw_max" : 6504448,
        "bw_agg" : 100.000000,
        "bw_mean" : 6259097.600000,
        "bw_dev" : 227497.001571,
        "bw_samples" : 20,
        "iops_min" : 1348,
        "iops_max" : 1588,
        "iops_mean" : 1528.100000,
        "iops_stddev" : 55.541260,
        "iops_samples" : 20
      },
      "write" : {
        "io_bytes" : 0,
        "io_kbytes" : 0,
        "bw_bytes" : 0,
        "bw" : 0,
        "iops" : 0.000000,
        "runtime" : 0,
        "total_ios" : 0,
        "short_ios" : 0,
        "drop_ios" : 0,
        "slat_ns" : {
          "min" : 0,
          "max" : 0,
          "mean" : 0.000000,
          "stddev" : 0.000000,
          "N" : 0
        },
        "clat_ns" : {
          "min" : 0,
          "max" : 0,
          "mean" : 0.000000,
          "stddev" : 0.000000,
          "N" : 0
        },
        "lat_ns" : {
          "min" : 0,
          "max" : 0,
          "mean" : 0.000000,
          "stddev" : 0.000000,
          "N" : 0
        },
        "bw_min" : 0,
        "bw_max" : 0,
        "bw_agg" : 0.000000,
        "bw_mean" : 0.000000,
        "bw_dev" : 0.000000,
        "bw_samples" : 0,
        "iops_min" : 0,
        "iops_max" : 0,
        "iops_mean" : 0.000000,
        "iops_stddev" : 0.000000,
        "iops_samples" : 0
      },
      "trim" : {
        "io_bytes" : 0,
        "io_kbytes" : 0,
        "bw_bytes" : 0,
        "bw" : 0,
        "iops" : 0.000000,
        "runtime" : 0,
        "total_ios" : 0,
        "short_ios" : 0,
        "drop_ios" : 0,
        "slat_ns" : {
          "min" : 0,
          "max" : 0,
          "mean" : 0.000000,
          "stddev" : 0.000000,
          "N" : 0
        },
        "clat_ns" : {
          "min" : 0,
          "max" : 0,
          "mean" : 0.000000,
          "stddev" : 0.000000,
          "N" : 0
        },
        "lat_ns" : {
          "min" : 0,
          "max" : 0,
          "mean" : 0.000000,
          "stddev" : 0.000000,
          "N" : 0
        },
        "bw_min" : 0,
        "bw_max" : 0,
        "bw_agg" : 0.000000,
        "bw_mean" : 0.000000,
        "bw_dev" : 0.000000,
        "bw_samples" : 0,
        "iops_min" : 0,
        "iops_max" : 0,
        "iops_mean" : 0.000000,
        "iops_stddev" : 0.000000,
        "iops_samples" : 0
      },
      "sync" : {
        "total_ios" : 0,
        "lat_ns" : {
          "min" : 0,
          "max" : 0,
          "mean" : 0.000000,
          "stddev" : 0.000000,
          "N" : 0
        }
      },
      "job_runtime" : 10020,
      "usr_cpu" : 0.219561,
      "sys_cpu" : 89.980040,
      "ctx" : 3595,
      "majf" : 0,
      "minf" : 32777,
      "iodepth_level" : {
        "1" : 0.100000,
        "2" : 0.100000,
        "4" : 0.100000,
        "8" : 0.100000,
        "16" : 0.104493,
        "32" : 99.797544,
        ">=64" : 0.000000
      },
      "iodepth_submit" : {
        "0" : 0.000000,
        "4" : 100.000000,
        "8" : 0.000000,
        "16" : 0.000000,
        "32" : 0.000000,
        "64" : 0.000000,
        ">=64" : 0.000000
      },
      "iodepth_complete" : {
        "0" : 0.000000,
        "4" : 99.993456,
        "8" : 0.000000,
        "16" : 0.000000,
        "32" : 0.100000,
        "64" : 0.000000,
        ">=64" : 0.000000
      },
      "latency_ns" : {
        "2" : 0.000000,
        "4" : 0.000000,
        "10" : 0.000000,
        "20" : 0.000000,
        "50" : 0.000000,
        "100" : 0.000000,
        "250" : 0.000000,
        "500" : 0.000000,
        "750" : 0.000000,
        "1000" : 0.000000
      },
      "latency_us" : {
        "2" : 0.000000,
        "4" : 0.000000,
        "10" : 0.000000,
        "20" : 0.000000,
        "50" : 0.000000,
        "100" : 0.000000,
        "250" : 0.000000,
        "500" : 0.000000,
        "750" : 0.000000,
        "1000" : 0.000000
      },
      "latency_ms" : {
        "2" : 0.000000,
        "4" : 0.000000,
        "10" : 1.423720,
        "20" : 44.383490,
        "50" : 54.075235,
        "100" : 0.117555,
        "250" : 0.000000,
        "500" : 0.000000,
        "750" : 0.000000,
        "1000" : 0.000000,
        "2000" : 0.000000,
        ">=2000" : 0.000000
      },
      "latency_depth" : 32,
      "latency_target" : 0,
      "latency_percentile" : 100.000000,
      "latency_window" : 0
    }
  ],
  "disk_util" : [
    {
      "name" : "dm-1",
      "read_ios" : 60551,
      "write_ios" : 1039,
      "read_sectors" : 123996208,
      "write_sectors" : 13680,
      "read_merges" : 0,
      "write_merges" : 0,
      "read_ticks" : 984353,
      "write_ticks" : 2706,
      "in_queue" : 987059,
      "util" : 99.049144,
      "aggr_read_ios" : 489990,
      "aggr_write_ios" : 1158,
      "aggr_read_sectors" : 125435952,
      "aggr_write_sectors" : 14280,
      "aggr_read_merges" : 0,
      "aggr_write_merge" : 0,
      "aggr_read_ticks" : 7837339,
      "aggr_write_ticks" : 2721,
      "aggr_in_queue" : 7840060,
      "aggr_util" : 98.622454
    },
    {
      "name" : "dm-0",
      "read_ios" : 489990,
      "write_ios" : 1158,
      "read_sectors" : 125435952,
      "write_sectors" : 14280,
      "read_merges" : 0,
      "write_merges" : 0,
      "read_ticks" : 7837339,
      "write_ticks" : 2721,
      "in_queue" : 7840060,
      "util" : 98.622454,
      "aggr_read_ios" : 489990,
      "aggr_write_ios" : 794,
      "aggr_read_sectors" : 125435952,
      "aggr_write_sectors" : 14280,
      "aggr_read_merges" : 0,
      "aggr_write_merge" : 364,
      "aggr_read_ticks" : 7907318,
      "aggr_write_ticks" : 443,
      "aggr_in_queue" : 7907836,
      "aggr_util" : 62.835777
    },
    {
      "name" : "nvme0n1",
      "read_ios" : 489990,
      "write_ios" : 794,
      "read_sectors" : 125435952,
      "write_sectors" : 14280,
      "read_merges" : 0,
      "write_merges" : 364,
      "read_ticks" : 7907318,