{
  "fio version" : "fio-3.36",
  "timestamp" : 1783086561,
  "timestamp_ms" : 1783086561174,
  "time" : "Fri Jul  3 15:49:21 2026",
  "jobs" : [
    {
      "jobname" : "sweep",
      "groupid" : 0,
      "job_start" : 1783086551130,
      "error" : 0,
      "eta" : 0,
      "elapsed" : 11,
      "job options" : {
        "name" : "sweep",
        "filename" : "./fio-testfile",
        "rw" : "read",
        "ioengine" : "libaio",
        "iodepth" : "32",
        "bs" : "1M",
        "direct" : "1",
        "runtime" : "10s",
        "loops" : "1000"
      },
      "read" : {
        "io_bytes" : 45062553600,
        "io_kbytes" : 44006400,
        "bw_bytes" : 4503103187,
        "bw" : 4397561,
        "iops" : 4294.493854,
        "runtime" : 10007,
        "total_ios" : 42975,
        "short_ios" : 0,
        "drop_ios" : 0,
        "slat_ns" : {
          "min" : 53519,
          "max" : 2780683,
          "mean" : 73776.609308,
          "stddev" : 24766.296454,
          "N" : 42975
        },
        "clat_ns" : {
          "min" : 2055643,
          "max" : 23765894,
          "mean" : 7372246.089238,
          "stddev" : 2990934.172181,
          "N" : 42975,
          "percentile" : {
            "1.000000" : 2670592,
            "5.000000" : 3325952,
            "10.000000" : 3817472,
            "20.000000" : 4685824,
            "30.000000" : 5472256,
            "40.000000" : 6258688,
            "50.000000" : 7045120,
            "60.000000" : 7700480,
            "70.000000" : 8585216,
            "80.000000" : 9633792,
            "90.000000" : 11468800,
            "95.000000" : 12910592,
            "99.000000" : 15925248,
            "99.500000" : 17170432,
            "99.900000" : 20316160,
            "99.950000" : 21364736,
            "99.990000" : 22675456
          }
        },
        "lat_ns" : {
          "min" : 2138362,
          "max" : 23848243,
          "mean" : 7446022.698546,
          "stddev" : 2989601.116238,
          "N" : 42975
        },
        "bw_min" : 4321280,
        "bw_max" : 4450304,
        "bw_agg" : 99.997801,
        "bw_mean" : 4397465.600000,
        "bw_dev" : 41054.745159,
        "bw_samples" : 20,
        "iops_min" : 4220,
        "iops_max" : 4346,
        "iops_mean" : 4294.400000,
        "iops_stddev" : 40.092525,
        "iops_samples" : 20
      },
      "write" : {
        "io_bytes" : 0,
        "io_kbytes" : 0,
        "bw_bytes" : 0,
        "bw" : 0,
        "iops" : 0.000000,
        "runtime" : 0,
        "total_ios" : 0,
        "short_ios" : 0,
        "drop_ios" : 0,
        "slat_ns" : {
          "min" : 0,
          "max" : 0,
          "mean" : 0.000000,
          "stddev" : 0.000000,
          "N" : 0
        },
        "clat_ns" : {
          "min" : 0,
          "max" : 0,
          "mean" : 0.000000,
          "stddev" : 0.000000,
          "N" : 0
        },
        "lat_ns" : {
          "min" : 0,
          "max" : 0,
          "mean" : 0.000000,
          "stddev" : 0.000000,
          "N" : 0
        },
        "bw_min" : 0,
        "bw_max" : 0,
        "bw_agg" : 0.000000,
        "bw_mean" : 0.000000,
        "bw_dev" : 0.000000,
        "bw_samples" : 0,
        "iops_min" : 0,
        "iops_max" : 0,
        "iops_mean" : 0.000000,
        "iops_stddev" : 0.000000,
        "iops_samples" : 0
      },
      "trim" : {
        "io_bytes" : 0,
        "io_kbytes" : 0,
        "bw_bytes" : 0,
        "bw" : 0,
        "iops" : 0.000000,
        "runtime" : 0,
        "total_ios" : 0,
        "short_ios" : 0,
        "drop_ios" : 0,
        "slat_ns" : {
          "min" : 0,
          "max" : 0,
          "mean" : 0.000000,
          "stddev" : 0.000000,
          "N" : 0
        },
        "clat_ns" : {
          "min" : 0,
          "max" : 0,
          "mean" : 0.000000,
          "stddev" : 0.000000,
          "N" : 0
        },
        "lat_ns" : {
          "min" : 0,
          "max" : 0,
          "mean" : 0.000000,
          "stddev" : 0.000000,
          "N" : 0
        },
        "bw_min" : 0,
        "bw_max" : 0,
        "bw_agg" : 0.000000,
        "bw_mean" : 0.000000,
        "bw_dev" : 0.000000,
        "bw_samples" : 0,
        "iops_min" : 0,
        "iops_max" : 0,
        "iops_mean" : 0.000000,
        "iops_stddev" : 0.000000,
        "iops_samples" : 0
      },
      "sync" : {
        "total_ios" : 0,
        "lat_ns" : {
          "min" : 0,
          "max" : 0,
          "mean" : 0.000000,
          "stddev" : 0.000000,
          "N" : 0
        }
      },
      "job_runtime" : 10006,
      "usr_cpu" : 0.609634,
      "sys_cpu" : 32.540476,
      "ctx" : 37956,
      "majf" : 0,
      "minf" : 8204,
      "iodepth_level" : {
        "1" : 0.100000,
        "2" : 0.100000,
        "4" : 0.100000,
        "8" : 0.100000,
        "16" : 0.100000,
        "32" : 99.927865,
        ">=64" : 0.000000
      },
      "iodepth_submit" : {
        "0" : 0.000000,
        "4" : 100.000000,
        "8" : 0.000000,
        "16" : 0.000000,
        "32" : 0.000000,
        "64" : 0.000000,
        ">=64" : 0.000000
      },
      "iodepth_complete" : {
        "0" : 0.000000,
        "4" : 99.997671,
        "8" : 0.000000,
        "16" : 0.000000,
        "32" : 0.100000,
        "64" : 0.000000,
        ">=64" : 0.000000
      },
      "latency_ns" : {
        "2" : 0.000000,
        "4" : 0.000000,
        "10" : 0.000000,
        "20" : 0.000000,
        "50" : 0.000000,
        "100" : 0.000000,
        "250" : 0.000000,
        "500" : 0.000000,
        "750" : 0.000000,
        "1000" : 0.000000
      },
      "latency_us" : {
        "2" : 0.000000,
        "4" : 0.000000,
        "10" : 0.000000,
        "20" : 0.000000,
        "50" : 0.000000,
        "100" : 0.000000,
        "250" : 0.000000,
        "500" : 0.000000,
        "750" : 0.000000,
        "1000" : 0.000000
      },
      "latency_ms" : {
        "2" : 0.000000,
        "4" : 12.279232,
        "10" : 69.852240,
        "20" : 17.756835,
        "50" : 0.111693,
        "100" : 0.000000,
        "250" : 0.000000,
        "500" : 0.000000,
        "750" : 0.000000,
        "1000" : 0.000000,
        "2000" : 0.000000,
        ">=2000" : 0.000000
      },
      "latency_depth" : 32,
      "latency_target" : 0,
      "latency_percentile" : 100.000000,
      "latency_window" : 0
    }
  ],
  "disk_util" : [
    {
      "name" : "dm-1",
      "read_ios" : 126387,
      "write_ios" : 1921,
      "read_sectors" : 87013512,
      "write_sectors" : 38144,
      "read_merges" : 0,
      "write_merges" : 0,
      "read_ticks" : 906023,
      "write_ticks" : 25615,
      "in_queue" : 931638,
      "util" : 99.109198,
      "aggr_read_ios" : 385254,
      "aggr_write_ios" : 2089,
      "aggr_read_sectors" : 88013736,
      "aggr_write_sectors" : 39232,
      "aggr_read_merges" : 0,
      "aggr_write_merge" : 0,
      "aggr_read_ticks" : 2715276,
      "aggr_write_ticks" : 26707,
      "aggr_in_queue" : 2741983,
      "aggr_util" : 99.053068
    },
    {
      "name" : "dm-0",
      "read_ios" : 385254,
      "write_ios" : 2089,
      "read_sectors" : 88013736,
      "write_sectors" : 39232,
      "read_merges" : 0,
      "write_merges" : 0,
      "read_ticks" : 2715276,
      "write_ticks" : 26707,
      "in_queue" : 2741983,
      "util" : 99.053068,
      "aggr_read_ios" : 385254,
      "aggr_write_ios" : 1481,
      "aggr_read_sectors" : 88013736,
      "aggr_write_sectors" : 39232,
      "aggr_read_merges" : 0,
      "aggr_write_merge" : 608,
      "aggr_read_ticks" : 2701439,
      "aggr_write_ticks" : 22892,
      "aggr_in_queue" : 2724814,
      "aggr_util" : 79.670546
    },
    {
      "name" : "nvme0n1",
      "read_ios" : 385254,
      "write_ios" : 1481,
      "read_sectors" : 88013736,
      "write_sectors" : 39232,
      "read_merges" : 0,
      "write_merges" : 608,
      "read_ticks" : 2701439,
      "write_ticks" : 22892,
      "in_queue" : 2724814,