{
  "fio version" : "fio-3.41",
  "timestamp" : 1783610658,
  "timestamp_ms" : 1783610658843,
  "time" : "Thu Jul  9 17:24:18 2026",
  "jobs" : [
    {
      "jobname" : "sweep",
      "groupid" : 0,
      "job_start" : 1783610637699,
      "error" : 0,
      "eta" : 0,
      "elapsed" : 22,
      "job options" : {
        "name" : "sweep",
        "filename" : "./fio-testfile",
        "rw" : "read",
        "ioengine" : "libaio",
        "iodepth" : "4",
        "bs" : "4M",
        "direct" : "1",
        "group_reporting" : ""
      },
      "read" : {
        "io_bytes" : 107374182400,
        "io_kbytes" : 104857600,
        "bw_bytes" : 5114517595,
        "bw" : 4994646,
        "iops" : 1219.396018,
        "runtime" : 20994,
        "total_ios" : 25600,
        "short_ios" : 0,
        "drop_ios" : 0,
        "slat_ns" : {
          "min" : 341963,
          "max" : 3641461,
          "mean" : 789196.553672,
          "stddev" : 188146.825049,
          "N" : 25600
        },
        "clat_ns" : {
          "min" : 450332,
          "max" : 9084450,
          "mean" : 2489293.371133,
          "stddev" : 443672.208646,
          "N" : 25600,
          "percentile" : {
            "1.000000" : 1531904,
            "5.000000" : 1728512,
            "10.000000" : 1892352,
            "20.000000" : 2146304,
            "30.000000" : 2277376,
            "40.000000" : 2408448,
            "50.000000" : 2539520,
            "60.000000" : 2637824,
            "70.000000" : 2736128,
            "80.000000" : 2834432,
            "90.000000" : 2965504,
            "95.000000" : 3031040,
            "99.000000" : 3260416,
            "99.500000" : 3653632,
            "99.900000" : 6062080,
            "99.950000" : 7241728,
            "99.990000" : 8290304
          }
        },
        "lat_ns" : {
          "min" : 980907,
          "max" : 11527475,
          "mean" : 3278489.924805,
          "stddev" : 591670.177176,
          "N" : 25600
        },
        "bw_min" : 4497408,
        "bw_max" : 5316608,
        "bw_agg" : 100.000000,
        "bw_mean" : 5001666.853659,
        "bw_dev" : 164670.325685,
        "bw_samples" : 41,
        "iops_min" : 1098,
        "iops_max" : 1298,
        "iops_mean" : 1221.097561,
        "iops_stddev" : 40.195650,
        "iops_samples" : 41
      },
      "write" : {
        "io_bytes" : 0,
        "io_kbytes" : 0,
        "bw_bytes" : 0,
        "bw" : 0,
        "iops" : 0.000000,
        "runtime" : 0,
        "total_ios" : 0,
        "short_ios" : 0,
        "drop_ios" : 0,
        "slat_ns" : {
          "min" : 0,
          "max" : 0,
          "mean" : 0.000000,
          "stddev" : 0.000000,
          "N" : 0
        },
        "clat_ns" : {
          "min" : 0,
          "max" : 0,
          "mean" : 0.000000,
          "stddev" : 0.000000,
          "N" : 0
        },
        "lat_ns" : {
          "min" : 0,
          "max" : 0,
          "mean" : 0.000000,
          "stddev" : 0.000000,
          "N" : 0
        },
        "bw_min" : 0,
        "bw_max" : 0,
        "bw_agg" : 0.000000,
        "bw_mean" : 0.000000,
        "bw_dev" : 0.000000,
        "bw_samples" : 0,
        "iops_min" : 0,
        "iops_max" : 0,
        "iops_mean" : 0.000000,
        "iops_stddev" : 0.000000,
        "iops_samples" : 0
      },
      "trim" : {
        "io_bytes" : 0,
        "io_kbytes" : 0,
        "bw_bytes" : 0,
        "bw" : 0,
        "iops" : 0.000000,
        "runtime" : 0,
        "total_ios" : 0,
        "short_ios" : 0,
        "drop_ios" : 0,
        "slat_ns" : {
          "min" : 0,
          "max" : 0,
          "mean" : 0.000000,
          "stddev" : 0.000000,
          "N" : 0
        },
        "clat_ns" : {
          "min" : 0,
          "max" : 0,
          "mean" : 0.000000,
          "stddev" : 0.000000,
          "N" : 0
        },
        "lat_ns" : {
          "min" : 0,
          "max" : 0,
          "mean" : 0.000000,
          "stddev" : 0.000000,
          "N" : 0
        },
        "bw_min" : 0,
        "bw_max" : 0,
        "bw_agg" : 0.000000,
        "bw_mean" : 0.000000,
        "bw_dev" : 0.000000,
        "bw_samples" : 0,
        "iops_min" : 0,
        "iops_max" : 0,
        "iops_mean" : 0.000000,
        "iops_stddev" : 0.000000,
        "iops_samples" : 0
      },
      "sync" : {
        "total_ios" : 0,
        "lat_ns" : {
          "min" : 0,
          "max" : 0,
          "mean" : 0.000000,
          "stddev" : 0.000000,
          "N" : 0
        }
      },
      "job_runtime" : 20993,
      "usr_cpu" : 0.304864,
      "sys_cpu" : 95.746201,
      "ctx" : 6502,
      "majf" : 0,
      "minf" : 4106,
      "iodepth_level" : {
        "1" : 0.100000,
        "2" : 0.100000,
        "4" : 99.988281,
        "8" : 0.000000,
        "16" : 0.000000,
        "32" : 0.000000,
        ">=64" : 0.000000
      },
      "iodepth_submit" : {
        "0" : 0.000000,
        "4" : 100.000000,
        "8" : 0.000000,
        "16" : 0.000000,
        "32" : 0.000000,
        "64" : 0.000000,
        ">=64" : 0.000000
      },
      "iodepth_complete" : {
        "0" : 0.000000,
        "4" : 100.000000,
        "8" : 0.000000,
        "16" : 0.000000,
        "32" : 0.000000,
        "64" : 0.000000,
        ">=64" : 0.000000
      },
      "latency_ns" : {
        "2" : 0.000000,
        "4" : 0.000000,
        "10" : 0.000000,
        "20" : 0.000000,
        "50" : 0.000000,
        "100" : 0.000000,
        "250" : 0.000000,
        "500" : 0.000000,
        "750" : 0.000000,
        "1000" : 0.000000
      },
      "latency_us" : {
        "2" : 0.000000,
        "4" : 0.000000,
        "10" : 0.000000,
        "20" : 0.000000,
        "50" : 0.000000,
        "100" : 0.000000,
        "250" : 0.000000,
        "500" : 0.010000,
        "750" : 0.000000,
        "1000" : 0.011719
      },
      "latency_ms" : {
        "2" : 12.753906,
        "4" : 86.863281,
        "10" : 0.367188,
        "20" : 0.000000,
        "50" : 0.000000,
        "100" : 0.000000,
        "250" : 0.000000,
        "500" : 0.000000,
        "750" : 0.000000,
        "1000" : 0.000000,
        "2000" : 0.000000,
        ">=2000" : 0.000000
      },
      "latency_depth" : 4,
      "latency_target" : 0,
      "latency_percentile" : 100.000000,
      "latency_window" : 0
    }
  ],
  "disk_util" : [
    {
      "name" : "dm-1",
      "read_ios" : 107682,
      "write_ios" : 2040,
      "read_sectors" : 208976448,
      "write_sectors" : 24384,
      "read_merges" : 0,
      "write_merges" : 0,
      "read_ticks" : 104592,
      "write_ticks" : 461,
      "in_queue" : 105053,
      "util" : 99.594794,
      "aggr_read_ios" : 824936,
      "aggr_write_ios" : 2168,
      "aggr_read_sectors" : 209906240,
      "aggr_write_sectors" : 24384,
      "aggr_read_merges" : 0,
      "aggr_write_merge" : 0,
      "aggr_read_ticks" : 665143,
      "aggr_write_ticks" : 451,
      "aggr_in_queue" : 665594,
      "aggr_util" : 99.431603
    },
    {
      "name" : "dm-0",
      "read_ios" : 824936,
      "write_ios" : 2168,
      "read_sectors" : 209906240,
      "write_sectors" : 24384,
      "read_merges" : 0,
      "write_merges" : 0,
      "read_ticks" : 665143,
      "write_ticks" : 451,
      "in_queue" : 665594,
      "util" : 99.431603,
      "aggr_read_ios" : 822619,
      "aggr_write_ios" : 1259,
      "aggr_read_sectors" : 209906240,
      "aggr_write_sectors" : 24384,
      "aggr_read_merges" : 2317,
      "aggr_write_merge" : 909,
      "aggr_read_ticks" : 843248,
      "aggr_write_ticks" : 207,
      "aggr_in_queue" : 843519,
      "aggr_util" : 60.003789
    },
    {
      "name" : "nvme0n1",
      "read_ios" : 822619,
      "write_ios" : 1259,
      "read_sectors" : 209906240,
      "write_sectors" : 24384,
      "read_merges" : 2317,
      "write_merges" : 909,
      "read_ticks" : 843248,
      "write_ticks" : 207,
      "in_queue" : 843519,
      "util" : 60.003789
    }
  ]
}
