{
  "fio version" : "fio-3.41",
  "timestamp" : 1783091720,
  "timestamp_ms" : 1783091720445,
  "time" : "Fri Jul  3 17:15:20 2026",
  "jobs" : [
    {
      "jobname" : "sweep",
      "groupid" : 0,
      "job_start" : 1783091710300,
      "error" : 0,
      "eta" : 0,
      "elapsed" : 11,
      "job options" : {
        "name" : "sweep",
        "filename" : "./fio-testfile",
        "rw" : "read",
        "ioengine" : "libaio",
        "iodepth" : "64",
        "bs" : "4M",
        "direct" : "1",
        "time_based" : "",
        "runtime" : "10s",
        "loops" : "1000",
        "group_reporting" : ""
      },
      "read" : {
        "io_bytes" : 63929581568,
        "io_kbytes" : 62431232,
        "bw_bytes" : 6368756880,
        "bw" : 6219489,
        "iops" : 1518.429966,
        "runtime" : 10038,
        "total_ios" : 15242,
        "short_ios" : 0,
        "drop_ios" : 0,
        "slat_ns" : {
          "min" : 185166,
          "max" : 3656501,
          "mean" : 618368.865831,
          "stddev" : 257821.308548,
          "N" : 15242
        },
        "clat_ns" : {
          "min" : 9277815,
          "max" : 129307729,
          "mean" : 41221210.293859,
          "stddev" : 16936299.809215,
          "N" : 15242,
          "percentile" : {
            "1.000000" : 11206656,
            "5.000000" : 15138816,
            "10.000000" : 19267584,
            "20.000000" : 26083328,
            "30.000000" : 31326208,
            "40.000000" : 35913728,
            "50.000000" : 40108032,
            "60.000000" : 44826624,
            "70.000000" : 49545216,
            "80.000000" : 55312384,
            "90.000000" : 63176704,
            "95.000000" : 70778880,
            "99.000000" : 85458944,
            "99.500000" : 90701824,
            "99.900000" : 106430464,
            "99.950000" : 117964800,
            "99.990000" : 126353408
          }
        },
        "lat_ns" : {
          "min" : 9810691,
          "max" : 132678781,
          "mean" : 41839579.159690,
          "stddev" : 17002210.260976,
          "N" : 15242
        },
        "bw_min" : 5021696,
        "bw_max" : 6447104,
        "bw_agg" : 99.965091,
        "bw_mean" : 6217318.400000,
        "bw_dev" : 294198.228632,
        "bw_samples" : 20,
        "iops_min" : 1226,
        "iops_max" : 1574,
        "iops_mean" : 1517.900000,
        "iops_stddev" : 71.825739,
        "iops_samples" : 20
      },
      "write" : {
        "io_bytes" : 0,
        "io_kbytes" : 0,
        "bw_bytes" : 0,
        "bw" : 0,
        "iops" : 0.000000,
        "runtime" : 0,
        "total_ios" : 0,
        "short_ios" : 0,
        "drop_ios" : 0,
        "slat_ns" : {
          "min" : 0,
          "max" : 0,
          "mean" : 0.000000,
          "stddev" : 0.000000,
          "N" : 0
        },
        "clat_ns" : {
          "min" : 0,
          "max" : 0,
          "mean" : 0.000000,
          "stddev" : 0.000000,
          "N" : 0
        },
        "lat_ns" : {
          "min" : 0,
          "max" : 0,
          "mean" : 0.000000,
          "stddev" : 0.000000,
          "N" : 0
        },
        "bw_min" : 0,
        "bw_max" : 0,
        "bw_agg" : 0.000000,
        "bw_mean" : 0.000000,
        "bw_dev" : 0.000000,
        "bw_samples" : 0,
        "iops_min" : 0,
        "iops_max" : 0,
        "iops_mean" : 0.000000,
        "iops_stddev" : 0.000000,
        "iops_samples" : 0
      },
      "trim" : {
        "io_bytes" : 0,
        "io_kbytes" : 0,
        "bw_bytes" : 0,
        "bw" : 0,
        "iops" : 0.000000,
        "runtime" : 0,
        "total_ios" : 0,
        "short_ios" : 0,
        "drop_ios" : 0,
        "slat_ns" : {
          "min" : 0,
          "max" : 0,
          "mean" : 0.000000,
          "stddev" : 0.000000,
          "N" : 0
        },
        "clat_ns" : {
          "min" : 0,
          "max" : 0,
          "mean" : 0.000000,
          "stddev" : 0.000000,
          "N" : 0
        },
        "lat_ns" : {
          "min" : 0,
          "max" : 0,
          "mean" : 0.000000,
          "stddev" : 0.000000,
          "N" : 0
        },
        "bw_min" : 0,
        "bw_max" : 0,
        "bw_agg" : 0.000000,
        "bw_mean" : 0.000000,
        "bw_dev" : 0.000000,
        "bw_samples" : 0,
        "iops_min" : 0,
        "iops_max" : 0,
        "iops_mean" : 0.000000,
        "iops_stddev" : 0.000000,
        "iops_samples" : 0
      },
      "sync" : {
        "total_ios" : 0,
        "lat_ns" : {
          "min" : 0,
          "max" : 0,
          "mean" : 0.000000,
          "stddev" : 0.000000,
          "N" : 0
        }
      },
      "job_runtime" : 10037,
      "usr_cpu" : 0.468267,
      "sys_cpu" : 89.817675,
      "ctx" : 2773,
      "majf" : 0,
      "minf" : 65544,
      "iodepth_level" : {
        "1" : 0.100000,
        "2" : 0.100000,
        "4" : 0.100000,
        "8" : 0.100000,
        "16" : 0.104973,
        "32" : 0.209946,
        ">=64" : 99.586668
      },
      "iodepth_submit" : {
        "0" : 0.000000,
        "4" : 100.000000,
        "8" : 0.000000,
        "16" : 0.000000,
        "32" : 0.000000,
        "64" : 0.000000,
        ">=64" : 0.000000
      },
      "iodepth_complete" : {
        "0" : 0.000000,
        "4" : 99.993412,
        "8" : 0.000000,
        "16" : 0.000000,
        "32" : 0.000000,
        "64" : 0.100000,
        ">=64" : 0.000000
      },
      "latency_ns" : {
        "2" : 0.000000,
        "4" : 0.000000,
        "10" : 0.000000,
        "20" : 0.000000,
        "50" : 0.000000,
        "100" : 0.000000,
        "250" : 0.000000,
        "500" : 0.000000,
        "750" : 0.000000,
        "1000" : 0.000000
      },
      "latency_us" : {
        "2" : 0.000000,
        "4" : 0.000000,
        "10" : 0.000000,
        "20" : 0.000000,
        "50" : 0.000000,
        "100" : 0.000000,
        "250" : 0.000000,
        "500" : 0.000000,
        "750" : 0.000000,
        "1000" : 0.000000
      },
      "latency_ms" : {
        "2" : 0.000000,
        "4" : 0.000000,
        "10" : 0.137777,
        "20" : 10.969689,
        "50" : 59.887154,
        "100" : 28.841359,
        "250" : 0.164020,
        "500" : 0.000000,
        "750" : 0.000000,
        "1000" : 0.000000,
        "2000" : 0.000000,
        ">=2000" : 0.000000
      },
      "latency_depth" : 64,
      "latency_target" : 0,
      "latency_percentile" : 100.000000,
      "latency_window" : 0
    }
  ],
  "disk_util" : [
    {
      "name" : "dm-1",
      "read_ios" : 60097,
      "write_ios" : 1002,
      "read_sectors" : 123074672,
      "write_sectors" : 10576,
      "read_merges" : 0,
      "write_merges" : 0,
      "read_ticks" : 2071434,
      "write_ticks" : 31430,
      "in_queue" : 2102864,
      "util" : 98.958855,
      "aggr_read_ios" : 487746,
      "aggr_write_ios" : 1066,
      "aggr_read_sectors" : 124862576,
      "aggr_write_sectors" : 10688,
      "aggr_read_merges" : 0,
      "aggr_write_merge" : 0,
      "aggr_read_ticks" : 16655039,
      "aggr_write_ticks" : 31438,
      "aggr_in_queue" : 16686477,
      "aggr_util" : 98.198022
    },
    {
      "name" : "dm-0",
      "read_ios" : 487746,
      "write_ios" : 1066,
      "read_sectors" : 124862576,
      "write_sectors" : 10688,
      "read_merges" : 0,
      "write_merges" : 0,
      "read_ticks" : 16655039,
      "write_ticks" : 31438,
      "in_queue" : 16686477,
      "util" : 98.198022,
      "aggr_read_ios" : 487746,
      "aggr_write_ios" : 703,
      "aggr_read_sectors" : 124862576,
      "aggr_write_sectors" : 10688,
      "aggr_read_merges" : 0,
      "aggr_write_merge" : 363,
      "aggr_read_ticks" : 16711993,
      "aggr_write_ticks" : 2867,
      "aggr_in_queue" : 16715110,
      "aggr_util" : 62.154750
    },
    {
      "name" : "nvme0n1",
      "read_ios" : 487746,
      "write_ios" : 703,
      "read_sectors" : 124862576,
      "write_sectors" : 10688,
      "read_merges" : 0,
      "write_merges" : 363,