{
  "fio version" : "fio-3.36",
  "timestamp" : 1783509035,
  "timestamp_ms" : 1783509035501,
  "time" : "Wed Jul  8 13:10:35 2026",
  "jobs" : [
    {
      "jobname" : "sweep",
      "groupid" : 0,
      "job_start" : 1783509023752,
      "error" : 0,
      "eta" : 0,
      "elapsed" : 12,
      "job options" : {
        "name" : "sweep",
        "filename" : "./fio-testfile",
        "rw" : "read",
        "ioengine" : "libaio",
        "iodepth" : "1",
        "bs" : "256k",
        "direct" : "1"
      },
      "read" : {
        "io_bytes" : 8589934592,
        "io_kbytes" : 8388608,
        "bw_bytes" : 733555473,
        "bw" : 716362,
        "iops" : 2798.292058,
        "runtime" : 11710,
        "total_ios" : 32768,
        "short_ios" : 0,
        "drop_ios" : 0,
        "slat_ns" : {
          "min" : 14480,
          "max" : 1885637,
          "mean" : 21528.610657,
          "stddev" : 17829.873903,
          "N" : 32768
        },
        "clat_ns" : {
          "min" : 89246,
          "max" : 4831151,
          "mean" : 335439.889465,
          "stddev" : 208760.855282,
          "N" : 32768,
          "percentile" : {
            "1.000000" : 234496,
            "5.000000" : 257024,
            "10.000000" : 268288,
            "20.000000" : 284672,
            "30.000000" : 292864,
            "40.000000" : 301056,
            "50.000000" : 309248,
            "60.000000" : 321536,
            "70.000000" : 329728,
            "80.000000" : 342016,
            "90.000000" : 350208,
            "95.000000" : 362496,
            "99.000000" : 1613824,
            "99.500000" : 1957888,
            "99.900000" : 2670592,
            "99.950000" : 3031040,
            "99.990000" : 4554752
          }
        },
        "lat_ns" : {
          "min" : 198373,
          "max" : 4848980,
          "mean" : 356968.500122,
          "stddev" : 209434.092850,
          "N" : 32768
        },
        "bw_min" : 591360,
        "bw_max" : 773120,
        "bw_agg" : 99.933586,
        "bw_mean" : 715887.304348,
        "bw_dev" : 36821.618149,
        "bw_samples" : 23,
        "iops_min" : 2310,
        "iops_max" : 3020,
        "iops_mean" : 2796.434783,
        "iops_stddev" : 143.834446,
        "iops_samples" : 23
      },
      "write" : {
        "io_bytes" : 0,
        "io_kbytes" : 0,
        "bw_bytes" : 0,
        "bw" : 0,
        "iops" : 0.000000,
        "runtime" : 0,
        "total_ios" : 0,
        "short_ios" : 0,
        "drop_ios" : 0,
        "slat_ns" : {
          "min" : 0,
          "max" : 0,
          "mean" : 0.000000,
          "stddev" : 0.000000,
          "N" : 0
        },
        "clat_ns" : {
          "min" : 0,
          "max" : 0,
          "mean" : 0.000000,
          "stddev" : 0.000000,
          "N" : 0
        },
        "lat_ns" : {
          "min" : 0,
          "max" : 0,
          "mean" : 0.000000,
          "stddev" : 0.000000,
          "N" : 0
        },
        "bw_min" : 0,
        "bw_max" : 0,
        "bw_agg" : 0.000000,
        "bw_mean" : 0.000000,
        "bw_dev" : 0.000000,
        "bw_samples" : 0,
        "iops_min" : 0,
        "iops_max" : 0,
        "iops_mean" : 0.000000,
        "iops_stddev" : 0.000000,
        "iops_samples" : 0
      },
      "trim" : {
        "io_bytes" : 0,
        "io_kbytes" : 0,
        "bw_bytes" : 0,
        "bw" : 0,
        "iops" : 0.000000,
        "runtime" : 0,
        "total_ios" : 0,
        "short_ios" : 0,
        "drop_ios" : 0,
        "slat_ns" : {
          "min" : 0,
          "max" : 0,
          "mean" : 0.000000,
          "stddev" : 0.000000,
          "N" : 0
        },
        "clat_ns" : {
          "min" : 0,
          "max" : 0,
          "mean" : 0.000000,
          "stddev" : 0.000000,
          "N" : 0
        },
        "lat_ns" : {
          "min" : 0,
          "max" : 0,
          "mean" : 0.000000,
          "stddev" : 0.000000,
          "N" : 0
        },
        "bw_min" : 0,
        "bw_max" : 0,
        "bw_agg" : 0.000000,
        "bw_mean" : 0.000000,
        "bw_dev" : 0.000000,
        "bw_samples" : 0,
        "iops_min" : 0,
        "iops_max" : 0,
        "iops_mean" : 0.000000,
        "iops_stddev" : 0.000000,
        "iops_samples" : 0
      },
      "sync" : {
        "total_ios" : 0,
        "lat_ns" : {
          "min" : 0,
          "max" : 0,
          "mean" : 0.000000,
          "stddev" : 0.000000,
          "N" : 0
        }
      },
      "job_runtime" : 11709,
      "usr_cpu" : 0.273294,
      "sys_cpu" : 6.695704,
      "ctx" : 33062,
      "majf" : 0,
      "minf" : 77,
      "iodepth_level" : {
        "1" : 100.000000,
        "2" : 0.000000,
        "4" : 0.000000,
        "8" : 0.000000,
        "16" : 0.000000,
        "32" : 0.000000,
        ">=64" : 0.000000
      },
      "iodepth_submit" : {
        "0" : 0.000000,
        "4" : 100.000000,
        "8" : 0.000000,
        "16" : 0.000000,
        "32" : 0.000000,
        "64" : 0.000000,
        ">=64" : 0.000000
      },
      "iodepth_complete" : {
        "0" : 0.000000,
        "4" : 100.000000,
        "8" : 0.000000,
        "16" : 0.000000,
        "32" : 0.000000,
        "64" : 0.000000,
        ">=64" : 0.000000
      },
      "latency_ns" : {
        "2" : 0.000000,
        "4" : 0.000000,
        "10" : 0.000000,
        "20" : 0.000000,
        "50" : 0.000000,
        "100" : 0.000000,
        "250" : 0.000000,
        "500" : 0.000000,
        "750" : 0.000000,
        "1000" : 0.000000
      },
      "latency_us" : {
        "2" : 0.000000,
        "4" : 0.000000,
        "10" : 0.000000,
        "20" : 0.000000,
        "50" : 0.000000,
        "100" : 0.010000,
        "250" : 3.121948,
        "500" : 94.976807,
        "750" : 0.262451,
        "1000" : 0.054932
      },
      "latency_ms" : {
        "2" : 1.104736,
        "4" : 0.436401,
        "10" : 0.033569,
        "20" : 0.000000,
        "50" : 0.000000,
        "100" : 0.000000,
        "250" : 0.000000,
        "500" : 0.000000,
        "750" : 0.000000,
        "1000" : 0.000000,
        "2000" : 0.000000,
        ">=2000" : 0.000000
      },
      "latency_depth" : 1,
      "latency_target" : 0,
      "latency_percentile" : 100.000000,
      "latency_window" : 0
    }
  ],
  "disk_util" : [
    {
      "name" : "dm-1",
      "read_ios" : 57751,
      "write_ios" : 2235,
      "read_sectors" : 16810104,
      "write_sectors" : 126616,
      "read_merges" : 0,
      "write_merges" : 0,
      "read_ticks" : 17786,
      "write_ticks" : 808,
      "in_queue" : 18594,
      "util" : 96.524702,
      "aggr_read_ios" : 87597,
      "aggr_write_ios" : 2534,
      "aggr_read_sectors" : 16910456,
      "aggr_write_sectors" : 126616,
      "aggr_read_merges" : 0,
      "aggr_write_merge" : 0,
      "aggr_read_ticks" : 25630,
      "aggr_write_ticks" : 1056,
      "aggr_in_queue" : 26686,
      "aggr_util" : 96.023303
    },
    {
      "name" : "dm-0",
      "read_ios" : 87597,
      "write_ios" : 2534,
      "read_sectors" : 16910456,
      "write_sectors" : 126616,
      "read_merges" : 0,
      "write_merges" : 0,
      "read_ticks" : 25630,
      "write_ticks" : 1056,
      "in_queue" : 26686,
      "util" : 96.023303,
      "aggr_read_ios" : 82239,
      "aggr_write_ios" : 1704,
      "aggr_read_sectors" : 16910456,
      "aggr_write_sectors" : 126616,
      "aggr_read_merges" : 5358,
      "aggr_write_merge" : 830,
      "aggr_read_ticks" : 20257,
      "aggr_write_ticks" : 1015,
      "aggr_in_queue" : 21561,
      "aggr_util" : 82.286390
    },
    {
      "name" : "nvme0n1",
      "read_ios" : 82239,
      "write_ios" : 1704,
      "read_sectors" : 16910456,
      "write_sectors" : 126616,
      "read_merges" : 5358,
      "write_merges" : 830,
      "read_ticks" : 20257,
      "write_ticks" : 1015,
      "in_queue" : 21561,
      "util" : 82.286390
    }
  ]
}
