{
  "fio version" : "fio-3.36",
  "timestamp" : 1783086417,
  "timestamp_ms" : 1783086417057,
  "time" : "Fri Jul  3 15:46:57 2026",
  "jobs" : [
    {
      "jobname" : "sweep",
      "groupid" : 0,
      "job_start" : 1783086407008,
      "error" : 0,
      "eta" : 0,
      "elapsed" : 11,
      "job options" : {
        "name" : "sweep",
        "filename" : "./fio-testfile",
        "rw" : "read",
        "ioengine" : "libaio",
        "iodepth" : "8",
        "bs" : "64k",
        "direct" : "1",
        "runtime" : "10s",
        "loops" : "1000"
      },
      "read" : {
        "io_bytes" : 16804216832,
        "io_kbytes" : 16410368,
        "bw_bytes" : 1679749783,
        "bw" : 1640380,
        "iops" : 25630.947621,
        "runtime" : 10004,
        "total_ios" : 256412,
        "short_ios" : 0,
        "drop_ios" : 0,
        "slat_ns" : {
          "min" : 5080,
          "max" : 2166921,
          "mean" : 7885.576057,
          "stddev" : 8268.741979,
          "N" : 256412
        },
        "clat_ns" : {
          "min" : 49389,
          "max" : 10162106,
          "mean" : 303953.829973,
          "stddev" : 243709.348863,
          "N" : 256412,
          "percentile" : {
            "1.000000" : 156672,
            "5.000000" : 179200,
            "10.000000" : 199680,
            "20.000000" : 226304,
            "30.000000" : 246784,
            "40.000000" : 264192,
            "50.000000" : 280576,
            "60.000000" : 296960,
            "70.000000" : 317440,
            "80.000000" : 333824,
            "90.000000" : 362496,
            "95.000000" : 391168,
            "99.000000" : 1482752,
            "99.500000" : 1810432,
            "99.900000" : 3063808,
            "99.950000" : 4685824,
            "99.990000" : 8454144
          }
        },
        "lat_ns" : {
          "min" : 124158,
          "max" : 10168196,
          "mean" : 311839.406030,
          "stddev" : 243923.489263,
          "N" : 256412
        },
        "bw_min" : 925696,
        "bw_max" : 1796096,
        "bw_agg" : 100.000000,
        "bw_mean" : 1641498.947368,
        "bw_dev" : 191891.333179,
        "bw_samples" : 19,
        "iops_min" : 14464,
        "iops_max" : 28064,
        "iops_mean" : 25648.421053,
        "iops_stddev" : 2998.302081,
        "iops_samples" : 19
      },
      "write" : {
        "io_bytes" : 0,
        "io_kbytes" : 0,
        "bw_bytes" : 0,
        "bw" : 0,
        "iops" : 0.000000,
        "runtime" : 0,
        "total_ios" : 0,
        "short_ios" : 0,
        "drop_ios" : 0,
        "slat_ns" : {
          "min" : 0,
          "max" : 0,
          "mean" : 0.000000,
          "stddev" : 0.000000,
          "N" : 0
        },
        "clat_ns" : {
          "min" : 0,
          "max" : 0,
          "mean" : 0.000000,
          "stddev" : 0.000000,
          "N" : 0
        },
        "lat_ns" : {
          "min" : 0,
          "max" : 0,
          "mean" : 0.000000,
          "stddev" : 0.000000,
          "N" : 0
        },
        "bw_min" : 0,
        "bw_max" : 0,
        "bw_agg" : 0.000000,
        "bw_mean" : 0.000000,
        "bw_dev" : 0.000000,
        "bw_samples" : 0,
        "iops_min" : 0,
        "iops_max" : 0,
        "iops_mean" : 0.000000,
        "iops_stddev" : 0.000000,
        "iops_samples" : 0
      },
      "trim" : {
        "io_bytes" : 0,
        "io_kbytes" : 0,
        "bw_bytes" : 0,
        "bw" : 0,
        "iops" : 0.000000,
        "runtime" : 0,
        "total_ios" : 0,
        "short_ios" : 0,
        "drop_ios" : 0,
        "slat_ns" : {
          "min" : 0,
          "max" : 0,
          "mean" : 0.000000,
          "stddev" : 0.000000,
          "N" : 0
        },
        "clat_ns" : {
          "min" : 0,
          "max" : 0,
          "mean" : 0.000000,
          "stddev" : 0.000000,
          "N" : 0
        },
        "lat_ns" : {
          "min" : 0,
          "max" : 0,
          "mean" : 0.000000,
          "stddev" : 0.000000,
          "N" : 0
        },
        "bw_min" : 0,
        "bw_max" : 0,
        "bw_agg" : 0.000000,
        "bw_mean" : 0.000000,
        "bw_dev" : 0.000000,
        "bw_samples" : 0,
        "iops_min" : 0,
        "iops_max" : 0,
        "iops_mean" : 0.000000,
        "iops_stddev" : 0.000000,
        "iops_samples" : 0
      },
      "sync" : {
        "total_ios" : 0,
        "lat_ns" : {
          "min" : 0,
          "max" : 0,
          "mean" : 0.000000,
          "stddev" : 0.000000,
          "N" : 0
        }
      },
      "job_runtime" : 10003,
      "usr_cpu" : 3.468959,
      "sys_cpu" : 24.512646,
      "ctx" : 194465,
      "majf" : 0,
      "minf" : 139,
      "iodepth_level" : {
        "1" : 0.100000,
        "2" : 0.100000,
        "4" : 0.100000,
        "8" : 99.997270,
        "16" : 0.000000,
        "32" : 0.000000,
        ">=64" : 0.000000
      },
      "iodepth_submit" : {
        "0" : 0.000000,
        "4" : 100.000000,
        "8" : 0.000000,
        "16" : 0.000000,
        "32" : 0.000000,
        "64" : 0.000000,
        ">=64" : 0.000000
      },
      "iodepth_complete" : {
        "0" : 0.000000,
        "4" : 99.999610,
        "8" : 0.100000,
        "16" : 0.000000,
        "32" : 0.000000,
        "64" : 0.000000,
        ">=64" : 0.000000
      },
      "latency_ns" : {
        "2" : 0.000000,
        "4" : 0.000000,
        "10" : 0.000000,
        "20" : 0.000000,
        "50" : 0.000000,
        "100" : 0.000000,
        "250" : 0.000000,
        "500" : 0.000000,
        "750" : 0.000000,
        "1000" : 0.000000
      },
      "latency_us" : {
        "2" : 0.000000,
        "4" : 0.000000,
        "10" : 0.000000,
        "20" : 0.000000,
        "50" : 0.010000,
        "100" : 0.010000,
        "250" : 31.679095,
        "500" : 66.523408,
        "750" : 0.376737,
        "1000" : 0.131819
      },
      "latency_ms" : {
        "2" : 0.948864,
        "4" : 0.272218,
        "10" : 0.063180,
        "20" : 0.010000,
        "50" : 0.000000,
        "100" : 0.000000,
        "250" : 0.000000,
        "500" : 0.000000,
        "750" : 0.000000,
        "1000" : 0.000000,
        "2000" : 0.000000,
        ">=2000" : 0.000000
      },
      "latency_depth" : 8,
      "latency_target" : 0,
      "latency_percentile" : 100.000000,
      "latency_window" : 0
    }
  ],
  "disk_util" : [
    {
      "name" : "dm-1",
      "read_ios" : 284490,
      "write_ios" : 4006,
      "read_sectors" : 32531936,
      "write_sectors" : 254336,
      "read_merges" : 0,
      "write_merges" : 0,
      "read_ticks" : 82716,
      "write_ticks" : 5819,
      "in_queue" : 88535,
      "util" : 98.878991,
      "aggr_read_ios" : 287069,
      "aggr_write_ios" : 4786,
      "aggr_read_sectors" : 32824904,
      "aggr_write_sectors" : 261792,
      "aggr_read_merges" : 0,
      "aggr_write_merge" : 0,
      "aggr_read_ticks" : 83432,
      "aggr_write_ticks" : 7670,
      "aggr_in_queue" : 91102,
      "aggr_util" : 98.580442
    },
    {
      "name" : "dm-0",
      "read_ios" : 287069,
      "write_ios" : 4786,
      "read_sectors" : 32824904,
      "write_sectors" : 261792,
      "read_merges" : 0,
      "write_merges" : 0,
      "read_ticks" : 83432,
      "write_ticks" : 7670,
      "in_queue" : 91102,
      "util" : 98.580442,
      "aggr_read_ios" : 287029,
      "aggr_write_ios" : 3381,
      "aggr_read_sectors" : 32824904,
      "aggr_write_sectors" : 261792,
      "aggr_read_merges" : 40,
      "aggr_write_merge" : 1405,
      "aggr_read_ticks" : 76220,
      "aggr_write_ticks" : 7008,
      "aggr_in_queue" : 83631,
      "aggr_util" : 61.731073
    },
    {
      "name" : "nvme0n1",
      "read_ios" : 287029,
      "write_ios" : 3381,
      "read_sectors" : 32824904,
      "write_sectors" : 261792,
      "read_merges" : 40,
      "write_merges" : 1405,
      "read_ticks" : 76220,
      "write_ticks" : 7008,
      "in_queue" : 83631,
      "util" : 61.731073
    }
  ]
}
