{
  "fio version" : "fio-3.36",
  "timestamp" : 1783086478,
  "timestamp_ms" : 1783086478828,
  "time" : "Fri Jul  3 15:47:58 2026",
  "jobs" : [
    {
      "jobname" : "sweep",
      "groupid" : 0,
      "job_start" : 1783086468790,
      "error" : 0,
      "eta" : 0,
      "elapsed" : 11,
      "job options" : {
        "name" : "sweep",
        "filename" : "./fio-testfile",
        "rw" : "read",
        "ioengine" : "libaio",
        "iodepth" : "8",
        "bs" : "256k",
        "direct" : "1",
        "runtime" : "10s",
        "loops" : "1000"
      },
      "read" : {
        "io_bytes" : 39697252352,
        "io_kbytes" : 38766848,
        "bw_bytes" : 3969328302,
        "bw" : 3876297,
        "iops" : 15141.785821,
        "runtime" : 10001,
        "total_ios" : 151433,
        "short_ios" : 0,
        "drop_ios" : 0,
        "slat_ns" : {
          "min" : 11849,
          "max" : 1323813,
          "mean" : 19776.874882,
          "stddev" : 6956.840813,
          "N" : 151433
        },
        "clat_ns" : {
          "min" : 131928,
          "max" : 5436058,
          "mean" : 508202.668764,
          "stddev" : 225230.043827,
          "N" : 151433,
          "percentile" : {
            "1.000000" : 321536,
            "5.000000" : 358400,
            "10.000000" : 378880,
            "20.000000" : 407552,
            "30.000000" : 428032,
            "40.000000" : 448512,
            "50.000000" : 468992,
            "60.000000" : 489472,
            "70.000000" : 518144,
            "80.000000" : 552960,
            "90.000000" : 618496,
            "95.000000" : 684032,
            "99.000000" : 1826816,
            "99.500000" : 2179072,
            "99.900000" : 2441216,
            "99.950000" : 2605056,
            "99.990000" : 5013504
          }
        },
        "lat_ns" : {
          "min" : 246297,
          "max" : 5454018,
          "mean" : 527979.543646,
          "stddev" : 225271.163706,
          "N" : 151433
        },
        "bw_min" : 3414528,
        "bw_max" : 4051456,
        "bw_agg" : 100.000000,
        "bw_mean" : 3890418.526316,
        "bw_dev" : 180846.953137,
        "bw_samples" : 19,
        "iops_min" : 13338,
        "iops_max" : 15826,
        "iops_mean" : 15196.947368,
        "iops_stddev" : 706.433411,
        "iops_samples" : 19
      },
      "write" : {
        "io_bytes" : 0,
        "io_kbytes" : 0,
        "bw_bytes" : 0,
        "bw" : 0,
        "iops" : 0.000000,
        "runtime" : 0,
        "total_ios" : 0,
        "short_ios" : 0,
        "drop_ios" : 0,
        "slat_ns" : {
          "min" : 0,
          "max" : 0,
          "mean" : 0.000000,
          "stddev" : 0.000000,
          "N" : 0
        },
        "clat_ns" : {
          "min" : 0,
          "max" : 0,
          "mean" : 0.000000,
          "stddev" : 0.000000,
          "N" : 0
        },
        "lat_ns" : {
          "min" : 0,
          "max" : 0,
          "mean" : 0.000000,
          "stddev" : 0.000000,
          "N" : 0
        },
        "bw_min" : 0,
        "bw_max" : 0,
        "bw_agg" : 0.000000,
        "bw_mean" : 0.000000,
        "bw_dev" : 0.000000,
        "bw_samples" : 0,
        "iops_min" : 0,
        "iops_max" : 0,
        "iops_mean" : 0.000000,
        "iops_stddev" : 0.000000,
        "iops_samples" : 0
      },
      "trim" : {
        "io_bytes" : 0,
        "io_kbytes" : 0,
        "bw_bytes" : 0,
        "bw" : 0,
        "iops" : 0.000000,
        "runtime" : 0,
        "total_ios" : 0,
        "short_ios" : 0,
        "drop_ios" : 0,
        "slat_ns" : {
          "min" : 0,
          "max" : 0,
          "mean" : 0.000000,
          "stddev" : 0.000000,
          "N" : 0
        },
        "clat_ns" : {
          "min" : 0,
          "max" : 0,
          "mean" : 0.000000,
          "stddev" : 0.000000,
          "N" : 0
        },
        "lat_ns" : {
          "min" : 0,
          "max" : 0,
          "mean" : 0.000000,
          "stddev" : 0.000000,
          "N" : 0
        },
        "bw_min" : 0,
        "bw_max" : 0,
        "bw_agg" : 0.000000,
        "bw_mean" : 0.000000,
        "bw_dev" : 0.000000,
        "bw_samples" : 0,
        "iops_min" : 0,
        "iops_max" : 0,
        "iops_mean" : 0.000000,
        "iops_stddev" : 0.000000,
        "iops_samples" : 0
      },
      "sync" : {
        "total_ios" : 0,
        "lat_ns" : {
          "min" : 0,
          "max" : 0,
          "mean" : 0.000000,
          "stddev" : 0.000000,
          "N" : 0
        }
      },
      "job_runtime" : 10000,
      "usr_cpu" : 2.090000,
      "sys_cpu" : 32.440000,
      "ctx" : 110502,
      "majf" : 0,
      "minf" : 525,
      "iodepth_level" : {
        "1" : 0.100000,
        "2" : 0.100000,
        "4" : 0.100000,
        "8" : 99.995377,
        "16" : 0.000000,
        "32" : 0.000000,
        ">=64" : 0.000000
      },
      "iodepth_submit" : {
        "0" : 0.000000,
        "4" : 100.000000,
        "8" : 0.000000,
        "16" : 0.000000,
        "32" : 0.000000,
        "64" : 0.000000,
        ">=64" : 0.000000
      },
      "iodepth_complete" : {
        "0" : 0.000000,
        "4" : 99.999340,
        "8" : 0.100000,
        "16" : 0.000000,
        "32" : 0.000000,
        "64" : 0.000000,
        ">=64" : 0.000000
      },
      "latency_ns" : {
        "2" : 0.000000,
        "4" : 0.000000,
        "10" : 0.000000,
        "20" : 0.000000,
        "50" : 0.000000,
        "100" : 0.000000,
        "250" : 0.000000,
        "500" : 0.000000,
        "750" : 0.000000,
        "1000" : 0.000000
      },
      "latency_us" : {
        "2" : 0.000000,
        "4" : 0.000000,
        "10" : 0.000000,
        "20" : 0.000000,
        "50" : 0.000000,
        "100" : 0.000000,
        "250" : 0.010000,
        "500" : 63.787946,
        "750" : 32.923471,
        "1000" : 1.303547
      },
      "latency_ms" : {
        "2" : 1.272510,
        "4" : 0.693376,
        "10" : 0.013207,
        "20" : 0.000000,
        "50" : 0.000000,
        "100" : 0.000000,
        "250" : 0.000000,
        "500" : 0.000000,
        "750" : 0.000000,
        "1000" : 0.000000,
        "2000" : 0.000000,
        ">=2000" : 0.000000
      },
      "latency_depth" : 8,
      "latency_target" : 0,
      "latency_percentile" : 100.000000,
      "latency_window" : 0
    }
  ],
  "disk_util" : [
    {
      "name" : "dm-1",
      "read_ios" : 223851,
      "write_ios" : 2529,
      "read_sectors" : 76879760,
      "write_sectors" : 211608,
      "read_merges" : 0,
      "write_merges" : 0,
      "read_ticks" : 105756,
      "write_ticks" : 2499,
      "in_queue" : 108255,
      "util" : 98.949159,
      "aggr_read_ios" : 362252,
      "aggr_write_ios" : 3258,
      "aggr_read_sectors" : 77534616,
      "aggr_write_sectors" : 212680,
      "aggr_read_merges" : 0,
      "aggr_write_merge" : 0,
      "aggr_read_ticks" : 164572,
      "aggr_write_ticks" : 3507,
      "aggr_in_queue" : 168079,
      "aggr_util" : 98.707322
    },
    {
      "name" : "dm-0",
      "read_ios" : 362252,
      "write_ios" : 3258,
      "read_sectors" : 77534616,
      "write_sectors" : 212680,
      "read_merges" : 0,
      "write_merges" : 0,
      "read_ticks" : 164572,
      "write_ticks" : 3507,
      "in_queue" : 168079,
      "util" : 98.707322,
      "aggr_read_ios" : 362228,
      "aggr_write_ios" : 2196,
      "aggr_read_sectors" : 77534616,
      "aggr_write_sectors" : 212680,
      "aggr_read_merges" : 24,
      "aggr_write_merge" : 1062,
      "aggr_read_ticks" : 149769,
      "aggr_write_ticks" : 3256,
      "aggr_in_queue" : 153329,
      "aggr_util" : 70.268403
    },
    {
      "name" : "nvme0n1",
      "read_ios" : 362228,
      "write_ios" : 2196,
      "read_sectors" : 77534616,
      "write_sectors" : 212680,
      "read_merges" : 24,
      "write_merges" : 1062,
      "read_ticks" : 149769,
      "write_ticks" : 3256,
      "in_queue" : 153329,