{
  "fio version" : "fio-3.36",
  "timestamp" : 1783086365,
  "timestamp_ms" : 1783086365567,
  "time" : "Fri Jul  3 15:46:05 2026",
  "jobs" : [
    {
      "jobname" : "sweep",
      "groupid" : 0,
      "job_start" : 1783086355530,
      "error" : 0,
      "eta" : 0,
      "elapsed" : 11,
      "job options" : {
        "name" : "sweep",
        "filename" : "./fio-testfile",
        "rw" : "read",
        "ioengine" : "libaio",
        "iodepth" : "16",
        "bs" : "4k",
        "direct" : "1",
        "runtime" : "10s",
        "loops" : "1000"
      },
      "read" : {
        "io_bytes" : 4288839680,
        "io_kbytes" : 4188320,
        "bw_bytes" : 428841083,
        "bw" : 418790,
        "iops" : 104697.530247,
        "runtime" : 10001,
        "total_ios" : 1047080,
        "short_ios" : 0,
        "drop_ios" : 0,
        "slat_ns" : {
          "min" : 2740,
          "max" : 1947075,
          "mean" : 4346.825998,
          "stddev" : 3724.801213,
          "N" : 1047080
        },
        "clat_ns" : {
          "min" : 14890,
          "max" : 5137782,
          "mean" : 148252.797598,
          "stddev" : 152974.045860,
          "N" : 1047080,
          "percentile" : {
            "1.000000" : 61696,
            "5.000000" : 69120,
            "10.000000" : 74240,
            "20.000000" : 80384,
            "30.000000" : 87552,
            "40.000000" : 95744,
            "50.000000" : 103936,
            "60.000000" : 114176,
            "70.000000" : 134144,
            "80.000000" : 181248,
            "90.000000" : 280576,
            "95.000000" : 346112,
            "99.000000" : 536576,
            "99.500000" : 1384448,
            "99.900000" : 1810432,
            "99.950000" : 1941504,
            "99.990000" : 2572288
          }
        },
        "lat_ns" : {
          "min" : 18040,
          "max" : 5141672,
          "mean" : 152599.623596,
          "stddev" : 152813.850604,
          "N" : 1047080
        },
        "bw_min" : 324704,
        "bw_max" : 476752,
        "bw_agg" : 100.000000,
        "bw_mean" : 423712.894737,
        "bw_dev" : 45461.170705,
        "bw_samples" : 19,
        "iops_min" : 81176,
        "iops_max" : 119188,
        "iops_mean" : 105928.210526,
        "iops_stddev" : 11365.301382,
        "iops_samples" : 19
      },
      "write" : {
        "io_bytes" : 0,
        "io_kbytes" : 0,
        "bw_bytes" : 0,
        "bw" : 0,
        "iops" : 0.000000,
        "runtime" : 0,
        "total_ios" : 0,
        "short_ios" : 0,
        "drop_ios" : 0,
        "slat_ns" : {
          "min" : 0,
          "max" : 0,
          "mean" : 0.000000,
          "stddev" : 0.000000,
          "N" : 0
        },
        "clat_ns" : {
          "min" : 0,
          "max" : 0,
          "mean" : 0.000000,
          "stddev" : 0.000000,
          "N" : 0
        },
        "lat_ns" : {
          "min" : 0,
          "max" : 0,
          "mean" : 0.000000,
          "stddev" : 0.000000,
          "N" : 0
        },
        "bw_min" : 0,
        "bw_max" : 0,
        "bw_agg" : 0.000000,
        "bw_mean" : 0.000000,
        "bw_dev" : 0.000000,
        "bw_samples" : 0,
        "iops_min" : 0,
        "iops_max" : 0,
        "iops_mean" : 0.000000,
        "iops_stddev" : 0.000000,
        "iops_samples" : 0
      },
      "trim" : {
        "io_bytes" : 0,
        "io_kbytes" : 0,
        "bw_bytes" : 0,
        "bw" : 0,
        "iops" : 0.000000,
        "runtime" : 0,
        "total_ios" : 0,
        "short_ios" : 0,
        "drop_ios" : 0,
        "slat_ns" : {
          "min" : 0,
          "max" : 0,
          "mean" : 0.000000,
          "stddev" : 0.000000,
          "N" : 0
        },
        "clat_ns" : {
          "min" : 0,
          "max" : 0,
          "mean" : 0.000000,
          "stddev" : 0.000000,
          "N" : 0
        },
        "lat_ns" : {
          "min" : 0,
          "max" : 0,
          "mean" : 0.000000,
          "stddev" : 0.000000,
          "N" : 0
        },
        "bw_min" : 0,
        "bw_max" : 0,
        "bw_agg" : 0.000000,
        "bw_mean" : 0.000000,
        "bw_dev" : 0.000000,
        "bw_samples" : 0,
        "iops_min" : 0,
        "iops_max" : 0,
        "iops_mean" : 0.000000,
        "iops_stddev" : 0.000000,
        "iops_samples" : 0
      },
      "sync" : {
        "total_ios" : 0,
        "lat_ns" : {
          "min" : 0,
          "max" : 0,
          "mean" : 0.000000,
          "stddev" : 0.000000,
          "N" : 0
        }
      },
      "job_runtime" : 10000,
      "usr_cpu" : 10.920000,
      "sys_cpu" : 48.170000,
      "ctx" : 107141,
      "majf" : 0,
      "minf" : 28,
      "iodepth_level" : {
        "1" : 0.100000,
        "2" : 0.100000,
        "4" : 0.100000,
        "8" : 0.100000,
        "16" : 99.998567,
        "32" : 0.000000,
        ">=64" : 0.000000
      },
      "iodepth_submit" : {
        "0" : 0.000000,
        "4" : 100.000000,
        "8" : 0.000000,
        "16" : 0.000000,
        "32" : 0.000000,
        "64" : 0.000000,
        ">=64" : 0.000000
      },
      "iodepth_complete" : {
        "0" : 0.000000,
        "4" : 99.999904,
        "8" : 0.000000,
        "16" : 0.100000,
        "32" : 0.000000,
        "64" : 0.000000,
        ">=64" : 0.000000
      },
      "latency_ns" : {
        "2" : 0.000000,
        "4" : 0.000000,
        "10" : 0.000000,
        "20" : 0.000000,
        "50" : 0.000000,
        "100" : 0.000000,
        "250" : 0.000000,
        "500" : 0.000000,
        "750" : 0.000000,
        "1000" : 0.000000
      },
      "latency_us" : {
        "2" : 0.000000,
        "4" : 0.000000,
        "10" : 0.000000,
        "20" : 0.010000,
        "50" : 0.042786,
        "100" : 45.719811,
        "250" : 41.480021,
        "500" : 11.573328,
        "750" : 0.333021,
        "1000" : 0.026073
      },
      "latency_ms" : {
        "2" : 0.785422,
        "4" : 0.036960,
        "10" : 0.010000,
        "20" : 0.000000,
        "50" : 0.000000,
        "100" : 0.000000,
        "250" : 0.000000,
        "500" : 0.000000,
        "750" : 0.000000,
        "1000" : 0.000000,
        "2000" : 0.000000,
        ">=2000" : 0.000000
      },
      "latency_depth" : 16,
      "latency_target" : 0,
      "latency_percentile" : 100.000000,
      "latency_window" : 0
    }
  ],
  "disk_util" : [
    {
      "name" : "dm-1",
      "read_ios" : 1041188,
      "write_ios" : 4338,
      "read_sectors" : 8347224,
      "write_sectors" : 266032,
      "read_merges" : 0,
      "write_merges" : 0,
      "read_ticks" : 110654,
      "write_ticks" : 3197,
      "in_queue" : 113851,
      "util" : 99.169252,
      "aggr_read_ios" : 1047518,
      "aggr_write_ios" : 5538,
      "aggr_read_sectors" : 8397864,
      "aggr_write_sectors" : 289840,
      "aggr_read_merges" : 0,
      "aggr_write_merge" : 0,
      "aggr_read_ticks" : 111344,
      "aggr_write_ticks" : 4147,
      "aggr_in_queue" : 115491,
      "aggr_util" : 99.032767
    },
    {
      "name" : "dm-0",
      "read_ios" : 1047518,
      "write_ios" : 5538,
      "read_sectors" : 8397864,
      "write_sectors" : 289840,
      "read_merges" : 0,
      "write_merges" : 0,
      "read_ticks" : 111344,
      "write_ticks" : 4147,
      "in_queue" : 115491,
      "util" : 99.032767,
      "aggr_read_ios" : 1047308,
      "aggr_write_ios" : 3742,
      "aggr_read_sectors" : 8397864,
      "aggr_write_sectors" : 289840,
      "aggr_read_merges" : 210,
      "aggr_write_merge" : 1796,
      "aggr_read_ticks" : 104253,
      "aggr_write_ticks" : 3520,
      "aggr_in_queue" : 108237,
      "aggr_util" : 61.843664
    },
    {
      "name" : "nvme0n1",
      "read_ios" : 1047308,
      "write_ios" : 3742,
      "read_sectors" : 8397864,
      "write_sectors" : 289840,
      "read_merges" : 210,
      "write_merges" : 1796,
      "read_ticks" : 104253,
      "write_ticks" : 3520,
      "in_queue" : 108237,
      "util" : 61.843664
    }
  ]
}
