{
  "fio version" : "fio-3.41",
  "timestamp" : 1783091427,
  "timestamp_ms" : 1783091427778,
  "time" : "Fri Jul  3 17:10:27 2026",
  "jobs" : [
    {
      "jobname" : "sweep",
      "groupid" : 0,
      "job_start" : 1783091417632,
      "error" : 0,
      "eta" : 0,
      "elapsed" : 11,
      "job options" : {
        "name" : "sweep",
        "filename" : "./fio-testfile",
        "rw" : "read",
        "ioengine" : "libaio",
        "iodepth" : "4",
        "bs" : "4k",
        "direct" : "1",
        "time_based" : "",
        "runtime" : "10s",
        "loops" : "1000",
        "group_reporting" : ""
      },
      "read" : {
        "io_bytes" : 4951052288,
        "io_kbytes" : 4835012,
        "bw_bytes" : 495055723,
        "bw" : 483452,
        "iops" : 120863.213679,
        "runtime" : 10001,
        "total_ios" : 1208753,
        "short_ios" : 0,
        "drop_ios" : 0,
        "slat_ns" : {
          "min" : 2324,
          "max" : 707880,
          "mean" : 6793.574382,
          "stddev" : 3517.489918,
          "N" : 1208753
        },
        "clat_ns" : {
          "min" : 8250,
          "max" : 1245705,
          "mean" : 25963.947804,
          "stddev" : 10592.586938,
          "N" : 1208753,
          "percentile" : {
            "1.000000" : 15040,
            "5.000000" : 16512,
            "10.000000" : 17280,
            "20.000000" : 18048,
            "30.000000" : 19072,
            "40.000000" : 20864,
            "50.000000" : 24448,
            "60.000000" : 29056,
            "70.000000" : 31360,
            "80.000000" : 33024,
            "90.000000" : 36096,
            "95.000000" : 38656,
            "99.000000" : 44800,
            "99.500000" : 48896,
            "99.900000" : 90624,
            "99.950000" : 117248,
            "99.990000" : 321536
          }
        },
        "lat_ns" : {
          "min" : 14383,
          "max" : 1298883,
          "mean" : 32757.522186,
          "stddev" : 12452.751695,
          "N" : 1208753
        },
        "bw_min" : 355136,
        "bw_max" : 597904,
        "bw_agg" : 100.000000,
        "bw_mean" : 483501.200000,
        "bw_dev" : 64857.968627,
        "bw_samples" : 20,
        "iops_min" : 88782,
        "iops_max" : 149476,
        "iops_mean" : 120875.200000,
        "iops_stddev" : 16214.709727,
        "iops_samples" : 20
      },
      "write" : {
        "io_bytes" : 0,
        "io_kbytes" : 0,
        "bw_bytes" : 0,
        "bw" : 0,
        "iops" : 0.000000,
        "runtime" : 0,
        "total_ios" : 0,
        "short_ios" : 0,
        "drop_ios" : 0,
        "slat_ns" : {
          "min" : 0,
          "max" : 0,
          "mean" : 0.000000,
          "stddev" : 0.000000,
          "N" : 0
        },
        "clat_ns" : {
          "min" : 0,
          "max" : 0,
          "mean" : 0.000000,
          "stddev" : 0.000000,
          "N" : 0
        },
        "lat_ns" : {
          "min" : 0,
          "max" : 0,
          "mean" : 0.000000,
          "stddev" : 0.000000,
          "N" : 0
        },
        "bw_min" : 0,
        "bw_max" : 0,
        "bw_agg" : 0.000000,
        "bw_mean" : 0.000000,
        "bw_dev" : 0.000000,
        "bw_samples" : 0,
        "iops_min" : 0,
        "iops_max" : 0,
        "iops_mean" : 0.000000,
        "iops_stddev" : 0.000000,
        "iops_samples" : 0
      },
      "trim" : {
        "io_bytes" : 0,
        "io_kbytes" : 0,
        "bw_bytes" : 0,
        "bw" : 0,
        "iops" : 0.000000,
        "runtime" : 0,
        "total_ios" : 0,
        "short_ios" : 0,
        "drop_ios" : 0,
        "slat_ns" : {
          "min" : 0,
          "max" : 0,
          "mean" : 0.000000,
          "stddev" : 0.000000,
          "N" : 0
        },
        "clat_ns" : {
          "min" : 0,
          "max" : 0,
          "mean" : 0.000000,
          "stddev" : 0.000000,
          "N" : 0
        },
        "lat_ns" : {
          "min" : 0,
          "max" : 0,
          "mean" : 0.000000,
          "stddev" : 0.000000,
          "N" : 0
        },
        "bw_min" : 0,
        "bw_max" : 0,
        "bw_agg" : 0.000000,
        "bw_mean" : 0.000000,
        "bw_dev" : 0.000000,
        "bw_samples" : 0,
        "iops_min" : 0,
        "iops_max" : 0,
        "iops_mean" : 0.000000,
        "iops_stddev" : 0.000000,
        "iops_samples" : 0
      },
      "sync" : {
        "total_ios" : 0,
        "lat_ns" : {
          "min" : 0,
          "max" : 0,
          "mean" : 0.000000,
          "stddev" : 0.000000,
          "N" : 0
        }
      },
      "job_runtime" : 10000,
      "usr_cpu" : 11.090000,
      "sys_cpu" : 87.100000,
      "ctx" : 17949,
      "majf" : 0,
      "minf" : 14,
      "iodepth_level" : {
        "1" : 0.100000,
        "2" : 0.100000,
        "4" : 99.999752,
        "8" : 0.000000,
        "16" : 0.000000,
        "32" : 0.000000,
        ">=64" : 0.000000
      },
      "iodepth_submit" : {
        "0" : 0.000000,
        "4" : 100.000000,
        "8" : 0.000000,
        "16" : 0.000000,
        "32" : 0.000000,
        "64" : 0.000000,
        ">=64" : 0.000000
      },
      "iodepth_complete" : {
        "0" : 0.000000,
        "4" : 100.000000,
        "8" : 0.000000,
        "16" : 0.000000,
        "32" : 0.000000,
        "64" : 0.000000,
        ">=64" : 0.000000
      },
      "latency_ns" : {
        "2" : 0.000000,
        "4" : 0.000000,
        "10" : 0.000000,
        "20" : 0.000000,
        "50" : 0.000000,
        "100" : 0.000000,
        "250" : 0.000000,
        "500" : 0.000000,
        "750" : 0.000000,
        "1000" : 0.000000
      },
      "latency_us" : {
        "2" : 0.000000,
        "4" : 0.000000,
        "10" : 0.010000,
        "20" : 35.915443,
        "50" : 63.645757,
        "100" : 0.361861,
        "250" : 0.061716,
        "500" : 0.010000,
        "750" : 0.010000,
        "1000" : 0.010000
      },
      "latency_ms" : {
        "2" : 0.010000,
        "4" : 0.000000,
        "10" : 0.000000,
        "20" : 0.000000,
        "50" : 0.000000,
        "100" : 0.000000,
        "250" : 0.000000,
        "500" : 0.000000,
        "750" : 0.000000,
        "1000" : 0.000000,
        "2000" : 0.000000,
        ">=2000" : 0.000000
      },
      "latency_depth" : 4,
      "latency_target" : 0,
      "latency_percentile" : 100.000000,
      "latency_window" : 0
    }
  ],
  "disk_util" : [
    {
      "name" : "dm-1",
      "read_ios" : 1193726,
      "write_ios" : 1167,
      "read_sectors" : 9549808,
      "write_sectors" : 11048,
      "read_merges" : 0,
      "write_merges" : 0,
      "read_ticks" : 20760,
      "write_ticks" : 142,
      "in_queue" : 20902,
      "util" : 98.748623,
      "aggr_read_ios" : 1208777,
      "aggr_write_ios" : 1236,
      "aggr_read_sectors" : 9670216,
      "aggr_write_sectors" : 11048,
      "aggr_read_merges" : 0,
      "aggr_write_merge" : 0,
      "aggr_read_ticks" : 20233,
      "aggr_write_ticks" : 139,
      "aggr_in_queue" : 20372,
      "aggr_util" : 98.271605
    },
    {
      "name" : "dm-0",
      "read_ios" : 1208777,
      "write_ios" : 1236,
      "read_sectors" : 9670216,
      "write_sectors" : 11048,
      "read_merges" : 0,
      "write_merges" : 0,
      "read_ticks" : 20233,
      "write_ticks" : 139,
      "in_queue" : 20372,
      "util" : 98.271605,
      "aggr_read_ios" : 1208777,
      "aggr_write_ios" : 734,
      "aggr_read_sectors" : 9670216,
      "aggr_write_sectors" : 11048,
      "aggr_read_merges" : 0,
      "aggr_write_merge" : 502,
      "aggr_read_ticks" : 12198,
      "aggr_write_ticks" : 53,
      "aggr_in_queue" : 12269,
      "aggr_util" : 78.755556
    },
    {
      "name" : "nvme0n1",
      "read_ios" : 1208777,
      "write_ios" : 734,
      "read_sectors" : 9670216,
      "write_sectors" : 11048,
      "read_merges" : 0,
      "write_merges" : 502,
      "read_ticks" : 12198,
      "write_ticks" : 53,
      "in_queue" : 12269,