{
  "fio version" : "fio-3.36",
  "timestamp" : 1783509130,
  "timestamp_ms" : 1783509130158,
  "time" : "Wed Jul  8 13:12:10 2026",
  "jobs" : [
    {
      "jobname" : "sweep",
      "groupid" : 0,
      "job_start" : 1783509127873,
      "error" : 0,
      "eta" : 0,
      "elapsed" : 3,
      "job options" : {
        "name" : "sweep",
        "filename" : "./fio-testfile",
        "rw" : "read",
        "ioengine" : "libaio",
        "iodepth" : "64",
        "bs" : "4M",
        "direct" : "1"
      },
      "read" : {
        "io_bytes" : 8589934592,
        "io_kbytes" : 8388608,
        "bw_bytes" : 3836504953,
        "bw" : 3746586,
        "iops" : 914.694060,
        "runtime" : 2239,
        "total_ios" : 2048,
        "short_ios" : 0,
        "drop_ios" : 0,
        "slat_ns" : {
          "min" : 204522,
          "max" : 36928188,
          "mean" : 1087014.274902,
          "stddev" : 3746931.780085,
          "N" : 2048
        },
        "clat_ns" : {
          "min" : 8938528,
          "max" : 112844312,
          "mean" : 67348836.180664,
          "stddev" : 13018971.614055,
          "N" : 2048,
          "percentile" : {
            "1.000000" : 26083328,
            "5.000000" : 49545216,
            "10.000000" : 53215232,
            "20.000000" : 57933824,
            "30.000000" : 61603840,
            "40.000000" : 64225280,
            "50.000000" : 66846720,
            "60.000000" : 68681728,
            "70.000000" : 72876032,
            "80.000000" : 78118912,
            "90.000000" : 82313216,
            "95.000000" : 87556096,
            "99.000000" : 108527616,
            "99.500000" : 111673344,
            "99.900000" : 112721920,
            "99.950000" : 112721920,
            "99.990000" : 112721920
          }
        },
        "lat_ns" : {
          "min" : 9184049,
          "max" : 113231949,
          "mean" : 68435850.455567,
          "stddev" : 13033619.565146,
          "N" : 2048
        },
        "bw_min" : 3031040,
        "bw_max" : 3932160,
        "bw_agg" : 95.332422,
        "bw_mean" : 3571712.000000,
        "bw_dev" : 395258.694265,
        "bw_samples" : 4,
        "iops_min" : 740,
        "iops_max" : 960,
        "iops_mean" : 872.000000,
        "iops_stddev" : 96.498705,
        "iops_samples" : 4
      },
      "write" : {
        "io_bytes" : 0,
        "io_kbytes" : 0,
        "bw_bytes" : 0,
        "bw" : 0,
        "iops" : 0.000000,
        "runtime" : 0,
        "total_ios" : 0,
        "short_ios" : 0,
        "drop_ios" : 0,
        "slat_ns" : {
          "min" : 0,
          "max" : 0,
          "mean" : 0.000000,
          "stddev" : 0.000000,
          "N" : 0
        },
        "clat_ns" : {
          "min" : 0,
          "max" : 0,
          "mean" : 0.000000,
          "stddev" : 0.000000,
          "N" : 0
        },
        "lat_ns" : {
          "min" : 0,
          "max" : 0,
          "mean" : 0.000000,
          "stddev" : 0.000000,
          "N" : 0
        },
        "bw_min" : 0,
        "bw_max" : 0,
        "bw_agg" : 0.000000,
        "bw_mean" : 0.000000,
        "bw_dev" : 0.000000,
        "bw_samples" : 0,
        "iops_min" : 0,
        "iops_max" : 0,
        "iops_mean" : 0.000000,
        "iops_stddev" : 0.000000,
        "iops_samples" : 0
      },
      "trim" : {
        "io_bytes" : 0,
        "io_kbytes" : 0,
        "bw_bytes" : 0,
        "bw" : 0,
        "iops" : 0.000000,
        "runtime" : 0,
        "total_ios" : 0,
        "short_ios" : 0,
        "drop_ios" : 0,
        "slat_ns" : {
          "min" : 0,
          "max" : 0,
          "mean" : 0.000000,
          "stddev" : 0.000000,
          "N" : 0
        },
        "clat_ns" : {
          "min" : 0,
          "max" : 0,
          "mean" : 0.000000,
          "stddev" : 0.000000,
          "N" : 0
        },
        "lat_ns" : {
          "min" : 0,
          "max" : 0,
          "mean" : 0.000000,
          "stddev" : 0.000000,
          "N" : 0
        },
        "bw_min" : 0,
        "bw_max" : 0,
        "bw_agg" : 0.000000,
        "bw_mean" : 0.000000,
        "bw_dev" : 0.000000,
        "bw_samples" : 0,
        "iops_min" : 0,
        "iops_max" : 0,
        "iops_mean" : 0.000000,
        "iops_stddev" : 0.000000,
        "iops_samples" : 0
      },
      "sync" : {
        "total_ios" : 0,
        "lat_ns" : {
          "min" : 0,
          "max" : 0,
          "mean" : 0.000000,
          "stddev" : 0.000000,
          "N" : 0
        }
      },
      "job_runtime" : 2238,
      "usr_cpu" : 0.089366,
      "sys_cpu" : 30.473637,
      "ctx" : 192,
      "majf" : 0,
      "minf" : 65548,
      "iodepth_level" : {
        "1" : 0.100000,
        "2" : 0.100000,
        "4" : 0.195312,
        "8" : 0.390625,
        "16" : 0.781250,
        "32" : 1.562500,
        ">=64" : 96.923828
      },
      "iodepth_submit" : {
        "0" : 0.000000,
        "4" : 100.000000,
        "8" : 0.000000,
        "16" : 0.000000,
        "32" : 0.000000,
        "64" : 0.000000,
        ">=64" : 0.000000
      },
      "iodepth_complete" : {
        "0" : 0.000000,
        "4" : 99.949648,
        "8" : 0.000000,
        "16" : 0.000000,
        "32" : 0.000000,
        "64" : 0.100000,
        ">=64" : 0.000000
      },
      "latency_ns" : {
        "2" : 0.000000,
        "4" : 0.000000,
        "10" : 0.000000,
        "20" : 0.000000,
        "50" : 0.000000,
        "100" : 0.000000,
        "250" : 0.000000,
        "500" : 0.000000,
        "750" : 0.000000,
        "1000" : 0.000000
      },
      "latency_us" : {
        "2" : 0.000000,
        "4" : 0.000000,
        "10" : 0.000000,
        "20" : 0.000000,
        "50" : 0.000000,
        "100" : 0.000000,
        "250" : 0.000000,
        "500" : 0.000000,
        "750" : 0.000000,
        "1000" : 0.000000
      },
      "latency_ms" : {
        "2" : 0.000000,
        "4" : 0.000000,
        "10" : 0.244141,
        "20" : 0.390625,
        "50" : 4.638672,
        "100" : 93.554688,
        "250" : 1.171875,
        "500" : 0.000000,
        "750" : 0.000000,
        "1000" : 0.000000,
        "2000" : 0.000000,
        ">=2000" : 0.000000
      },
      "latency_depth" : 64,
      "latency_target" : 0,
      "latency_percentile" : 100.000000,
      "latency_window" : 0
    }
  ],
  "disk_util" : [
    {
      "name" : "dm-1",
      "read_ios" : 20536,
      "write_ios" : 645,
      "read_sectors" : 16040448,
      "write_sectors" : 80040,
      "read_merges" : 0,
      "write_merges" : 0,
      "read_ticks" : 194713,
      "write_ticks" : 1625,
      "in_queue" : 196338,
      "util" : 95.582329,
      "aggr_read_ios" : 72698,
      "aggr_write_ios" : 887,
      "aggr_read_sectors" : 16876464,
      "aggr_write_sectors" : 80040,
      "aggr_read_merges" : 0,
      "aggr_write_merge" : 0,
      "aggr_read_ticks" : 700130,
      "aggr_write_ticks" : 3134,
      "aggr_in_queue" : 703264,
      "aggr_util" : 94.756711
    },
    {
      "name" : "dm-0",
      "read_ios" : 72698,
      "write_ios" : 887,
      "read_sectors" : 16876464,
      "write_sectors" : 80040,
      "read_merges" : 0,
      "write_merges" : 0,
      "read_ticks" : 700130,
      "write_ticks" : 3134,
      "in_queue" : 703264,
      "util" : 94.756711,
      "aggr_read_ios" : 71851,
      "aggr_write_ios" : 640,
      "aggr_read_sectors" : 16876504,
      "aggr_write_sectors" : 80040,
      "aggr_read_merges" : 848,
      "aggr_write_merge" : 247,
      "aggr_read_ticks" : 701751,
      "aggr_write_ticks" : 2759,
      "aggr_in_queue" : 704659,
      "aggr_util" : 81.040268
    },
    {
      "name" : "nvme0n1",
      "read_ios" : 71851,
      "write_ios" : 640,
      "read_sectors" : 16876504,
      "write_sectors" : 80040,
      "read_merges" : 848,
      "write_merges" : 247,
      "read_ticks" : 701751,
      "write_ticks" : 2759,
      "in_queue" : 704659,
      "util" : 81.040268
    }
  ]
}
