{
  "fio version" : "fio-3.36",
  "timestamp" : 1783509077,
  "timestamp_ms" : 1783509077359,
  "time" : "Wed Jul  8 13:11:17 2026",
  "jobs" : [
    {
      "jobname" : "sweep",
      "groupid" : 0,
      "job_start" : 1783509074622,
      "error" : 0,
      "eta" : 0,
      "elapsed" : 3,
      "job options" : {
        "name" : "sweep",
        "filename" : "./fio-testfile",
        "rw" : "read",
        "ioengine" : "libaio",
        "iodepth" : "4",
        "bs" : "1M",
        "direct" : "1"
      },
      "read" : {
        "io_bytes" : 8589934592,
        "io_kbytes" : 8388608,
        "bw_bytes" : 3181457256,
        "bw" : 3106891,
        "iops" : 3034.074074,
        "runtime" : 2700,
        "total_ios" : 8192,
        "short_ios" : 0,
        "drop_ios" : 0,
        "slat_ns" : {
          "min" : 42499,
          "max" : 10379127,
          "mean" : 75178.764160,
          "stddev" : 219931.440240,
          "N" : 8192
        },
        "clat_ns" : {
          "min" : 173594,
          "max" : 11152068,
          "mean" : 1242227.049927,
          "stddev" : 553833.215225,
          "N" : 8192,
          "percentile" : {
            "1.000000" : 518144,
            "5.000000" : 823296,
            "10.000000" : 913408,
            "20.000000" : 995328,
            "30.000000" : 1056768,
            "40.000000" : 1122304,
            "50.000000" : 1171456,
            "60.000000" : 1220608,
            "70.000000" : 1286144,
            "80.000000" : 1368064,
            "90.000000" : 1515520,
            "95.000000" : 1810432,
            "99.000000" : 2932736,
            "99.500000" : 3915776,
            "99.900000" : 10027008,
            "99.950000" : 10289152,
            "99.990000" : 11206656
          }
        },
        "lat_ns" : {
          "min" : 522951,
          "max" : 12089933,
          "mean" : 1317405.814087,
          "stddev" : 580571.437548,
          "N" : 8192
        },
        "bw_min" : 2740224,
        "bw_max" : 3297280,
        "bw_agg" : 100.000000,
        "bw_mean" : 3118284.800000,
        "bw_dev" : 221068.295663,
        "bw_samples" : 5,
        "iops_min" : 2676,
        "iops_max" : 3220,
        "iops_mean" : 3045.200000,
        "iops_stddev" : 215.887007,
        "iops_samples" : 5
      },
      "write" : {
        "io_bytes" : 0,
        "io_kbytes" : 0,
        "bw_bytes" : 0,
        "bw" : 0,
        "iops" : 0.000000,
        "runtime" : 0,
        "total_ios" : 0,
        "short_ios" : 0,
        "drop_ios" : 0,
        "slat_ns" : {
          "min" : 0,
          "max" : 0,
          "mean" : 0.000000,
          "stddev" : 0.000000,
          "N" : 0
        },
        "clat_ns" : {
          "min" : 0,
          "max" : 0,
          "mean" : 0.000000,
          "stddev" : 0.000000,
          "N" : 0
        },
        "lat_ns" : {
          "min" : 0,
          "max" : 0,
          "mean" : 0.000000,
          "stddev" : 0.000000,
          "N" : 0
        },
        "bw_min" : 0,
        "bw_max" : 0,
        "bw_agg" : 0.000000,
        "bw_mean" : 0.000000,
        "bw_dev" : 0.000000,
        "bw_samples" : 0,
        "iops_min" : 0,
        "iops_max" : 0,
        "iops_mean" : 0.000000,
        "iops_stddev" : 0.000000,
        "iops_samples" : 0
      },
      "trim" : {
        "io_bytes" : 0,
        "io_kbytes" : 0,
        "bw_bytes" : 0,
        "bw" : 0,
        "iops" : 0.000000,
        "runtime" : 0,
        "total_ios" : 0,
        "short_ios" : 0,
        "drop_ios" : 0,
        "slat_ns" : {
          "min" : 0,
          "max" : 0,
          "mean" : 0.000000,
          "stddev" : 0.000000,
          "N" : 0
        },
        "clat_ns" : {
          "min" : 0,
          "max" : 0,
          "mean" : 0.000000,
          "stddev" : 0.000000,
          "N" : 0
        },
        "lat_ns" : {
          "min" : 0,
          "max" : 0,
          "mean" : 0.000000,
          "stddev" : 0.000000,
          "N" : 0
        },
        "bw_min" : 0,
        "bw_max" : 0,
        "bw_agg" : 0.000000,
        "bw_mean" : 0.000000,
        "bw_dev" : 0.000000,
        "bw_samples" : 0,
        "iops_min" : 0,
        "iops_max" : 0,
        "iops_mean" : 0.000000,
        "iops_stddev" : 0.000000,
        "iops_samples" : 0
      },
      "sync" : {
        "total_ios" : 0,
        "lat_ns" : {
          "min" : 0,
          "max" : 0,
          "mean" : 0.000000,
          "stddev" : 0.000000,
          "N" : 0
        }
      },
      "job_runtime" : 2699,
      "usr_cpu" : 0.518711,
      "sys_cpu" : 18.969989,
      "ctx" : 8033,
      "majf" : 0,
      "minf" : 1038,
      "iodepth_level" : {
        "1" : 0.100000,
        "2" : 0.100000,
        "4" : 99.963379,
        "8" : 0.000000,
        "16" : 0.000000,
        "32" : 0.000000,
        ">=64" : 0.000000
      },
      "iodepth_submit" : {
        "0" : 0.000000,
        "4" : 100.000000,
        "8" : 0.000000,
        "16" : 0.000000,
        "32" : 0.000000,
        "64" : 0.000000,
        ">=64" : 0.000000
      },
      "iodepth_complete" : {
        "0" : 0.000000,
        "4" : 100.000000,
        "8" : 0.000000,
        "16" : 0.000000,
        "32" : 0.000000,
        "64" : 0.000000,
        ">=64" : 0.000000
      },
      "latency_ns" : {
        "2" : 0.000000,
        "4" : 0.000000,
        "10" : 0.000000,
        "20" : 0.000000,
        "50" : 0.000000,
        "100" : 0.000000,
        "250" : 0.000000,
        "500" : 0.000000,
        "750" : 0.000000,
        "1000" : 0.000000
      },
      "latency_us" : {
        "2" : 0.000000,
        "4" : 0.000000,
        "10" : 0.000000,
        "20" : 0.000000,
        "50" : 0.000000,
        "100" : 0.000000,
        "250" : 0.170898,
        "500" : 0.744629,
        "750" : 1.916504,
        "1000" : 18.347168
      },
      "latency_ms" : {
        "2" : 74.731445,
        "4" : 3.710938,
        "10" : 0.280762,
        "20" : 0.097656,
        "50" : 0.000000,
        "100" : 0.000000,
        "250" : 0.000000,
        "500" : 0.000000,
        "750" : 0.000000,
        "1000" : 0.000000,
        "2000" : 0.000000,
        ">=2000" : 0.000000
      },
      "latency_depth" : 4,
      "latency_target" : 0,
      "latency_percentile" : 100.000000,
      "latency_window" : 0
    }
  ],
  "disk_util" : [
    {
      "name" : "dm-1",
      "read_ios" : 27760,
      "write_ios" : 1112,
      "read_sectors" : 16507664,
      "write_sectors" : 37632,
      "read_merges" : 0,
      "write_merges" : 0,
      "read_ticks" : 31348,
      "write_ticks" : 1749,
      "in_queue" : 33097,
      "util" : 97.009482,
      "aggr_read_ios" : 77829,
      "aggr_write_ios" : 1180,
      "aggr_read_sectors" : 16874248,
      "aggr_write_sectors" : 37632,
      "aggr_read_merges" : 0,
      "aggr_write_merge" : 0,
      "aggr_read_ticks" : 83642,
      "aggr_write_ticks" : 1849,
      "aggr_in_queue" : 85491,
      "aggr_util" : 97.002821
    },
    {
      "name" : "dm-0",
      "read_ios" : 77829,
      "write_ios" : 1180,
      "read_sectors" : 16874248,
      "write_sectors" : 37632,
      "read_merges" : 0,
      "write_merges" : 0,
      "read_ticks" : 83642,
      "write_ticks" : 1849,
      "in_queue" : 85491,
      "util" : 97.002821,
      "aggr_read_ios" : 75903,
      "aggr_write_ios" : 870,
      "aggr_read_sectors" : 16874256,
      "aggr_write_sectors" : 37632,
      "aggr_read_merges" : 1927,
      "aggr_write_merge" : 310,
      "aggr_read_ticks" : 79172,
      "aggr_write_ticks" : 1602,
      "aggr_in_queue" : 80906,
      "aggr_util" : 80.317460
    },
    {
      "name" : "nvme0n1",
      "read_ios" : 75903,
      "write_ios" : 870,
      "read_sectors" : 16874256,
      "write_sectors" : 37632,
      "read_merges" : 1927,
      "write_merges" : 310,
      "read_ticks" : 79172,
      "write_ticks" : 1602,
      "in_queue" : 80906,
      "util" : 80.317460
    }
  ]
}
