{
  "fio version" : "fio-3.36",
  "timestamp" : 1783086386,
  "timestamp_ms" : 1783086386163,
  "time" : "Fri Jul  3 15:46:26 2026",
  "jobs" : [
    {
      "jobname" : "sweep",
      "groupid" : 0,
      "job_start" : 1783086376115,
      "error" : 0,
      "eta" : 0,
      "elapsed" : 11,
      "job options" : {
        "name" : "sweep",
        "filename" : "./fio-testfile",
        "rw" : "read",
        "ioengine" : "libaio",
        "iodepth" : "64",
        "bs" : "4k",
        "direct" : "1",
        "runtime" : "10s",
        "loops" : "1000"
      },
      "read" : {
        "io_bytes" : 6206410752,
        "io_kbytes" : 6060948,
        "bw_bytes" : 620516971,
        "bw" : 605973,
        "iops" : 151493.401320,
        "runtime" : 10002,
        "total_ios" : 1515237,
        "short_ios" : 0,
        "drop_ios" : 0,
        "slat_ns" : {
          "min" : 2770,
          "max" : 2371038,
          "mean" : 4306.633879,
          "stddev" : 3558.462747,
          "N" : 1515237
        },
        "clat_ns" : {
          "min" : 43379,
          "max" : 3796180,
          "mean" : 417906.769657,
          "stddev" : 191451.616719,
          "N" : 1515237,
          "percentile" : {
            "1.000000" : 95744,
            "5.000000" : 185344,
            "10.000000" : 254976,
            "20.000000" : 309248,
            "30.000000" : 346112,
            "40.000000" : 374784,
            "50.000000" : 403456,
            "60.000000" : 432128,
            "70.000000" : 464896,
            "80.000000" : 501760,
            "90.000000" : 552960,
            "95.000000" : 610304,
            "99.000000" : 1417216,
            "99.500000" : 1679360,
            "99.900000" : 2072576,
            "99.950000" : 2244608,
            "99.990000" : 2965504
          }
        },
        "lat_ns" : {
          "min" : 65269,
          "max" : 3958608,
          "mean" : 422213.403536,
          "stddev" : 191543.306224,
          "N" : 1515237
        },
        "bw_min" : 564336,
        "bw_max" : 637504,
        "bw_agg" : 100.000000,
        "bw_mean" : 606745.263158,
        "bw_dev" : 18189.844153,
        "bw_samples" : 19,
        "iops_min" : 141084,
        "iops_max" : 159376,
        "iops_mean" : 151686.315789,
        "iops_stddev" : 4547.461038,
        "iops_samples" : 19
      },
      "write" : {
        "io_bytes" : 0,
        "io_kbytes" : 0,
        "bw_bytes" : 0,
        "bw" : 0,
        "iops" : 0.000000,
        "runtime" : 0,
        "total_ios" : 0,
        "short_ios" : 0,
        "drop_ios" : 0,
        "slat_ns" : {
          "min" : 0,
          "max" : 0,
          "mean" : 0.000000,
          "stddev" : 0.000000,
          "N" : 0
        },
        "clat_ns" : {
          "min" : 0,
          "max" : 0,
          "mean" : 0.000000,
          "stddev" : 0.000000,
          "N" : 0
        },
        "lat_ns" : {
          "min" : 0,
          "max" : 0,
          "mean" : 0.000000,
          "stddev" : 0.000000,
          "N" : 0
        },
        "bw_min" : 0,
        "bw_max" : 0,
        "bw_agg" : 0.000000,
        "bw_mean" : 0.000000,
        "bw_dev" : 0.000000,
        "bw_samples" : 0,
        "iops_min" : 0,
        "iops_max" : 0,
        "iops_mean" : 0.000000,
        "iops_stddev" : 0.000000,
        "iops_samples" : 0
      },
      "trim" : {
        "io_bytes" : 0,
        "io_kbytes" : 0,
        "bw_bytes" : 0,
        "bw" : 0,
        "iops" : 0.000000,
        "runtime" : 0,
        "total_ios" : 0,
        "short_ios" : 0,
        "drop_ios" : 0,
        "slat_ns" : {
          "min" : 0,
          "max" : 0,
          "mean" : 0.000000,
          "stddev" : 0.000000,
          "N" : 0
        },
        "clat_ns" : {
          "min" : 0,
          "max" : 0,
          "mean" : 0.000000,
          "stddev" : 0.000000,
          "N" : 0
        },
        "lat_ns" : {
          "min" : 0,
          "max" : 0,
          "mean" : 0.000000,
          "stddev" : 0.000000,
          "N" : 0
        },
        "bw_min" : 0,
        "bw_max" : 0,
        "bw_agg" : 0.000000,
        "bw_mean" : 0.000000,
        "bw_dev" : 0.000000,
        "bw_samples" : 0,
        "iops_min" : 0,
        "iops_max" : 0,
        "iops_mean" : 0.000000,
        "iops_stddev" : 0.000000,
        "iops_samples" : 0
      },
      "sync" : {
        "total_ios" : 0,
        "lat_ns" : {
          "min" : 0,
          "max" : 0,
          "mean" : 0.000000,
          "stddev" : 0.000000,
          "N" : 0
        }
      },
      "job_runtime" : 10001,
      "usr_cpu" : 15.588441,
      "sys_cpu" : 67.683232,
      "ctx" : 102546,
      "majf" : 0,
      "minf" : 77,
      "iodepth_level" : {
        "1" : 0.100000,
        "2" : 0.100000,
        "4" : 0.100000,
        "8" : 0.100000,
        "16" : 0.100000,
        "32" : 0.100000,
        ">=64" : 99.995842
      },
      "iodepth_submit" : {
        "0" : 0.000000,
        "4" : 100.000000,
        "8" : 0.000000,
        "16" : 0.000000,
        "32" : 0.000000,
        "64" : 0.000000,
        ">=64" : 0.000000
      },
      "iodepth_complete" : {
        "0" : 0.000000,
        "4" : 99.999934,
        "8" : 0.000000,
        "16" : 0.000000,
        "32" : 0.000000,
        "64" : 0.100000,
        ">=64" : 0.000000
      },
      "latency_ns" : {
        "2" : 0.000000,
        "4" : 0.000000,
        "10" : 0.000000,
        "20" : 0.000000,
        "50" : 0.000000,
        "100" : 0.000000,
        "250" : 0.000000,
        "500" : 0.000000,
        "750" : 0.000000,
        "1000" : 0.000000
      },
      "latency_us" : {
        "2" : 0.000000,
        "4" : 0.000000,
        "10" : 0.000000,
        "20" : 0.000000,
        "50" : 0.010000,
        "100" : 1.079567,
        "250" : 8.365688,
        "500" : 70.080258,
        "750" : 18.354488,
        "1000" : 0.682270
      },
      "latency_ms" : {
        "2" : 1.305538,
        "4" : 0.132125,
        "10" : 0.000000,
        "20" : 0.000000,
        "50" : 0.000000,
        "100" : 0.000000,
        "250" : 0.000000,
        "500" : 0.000000,
        "750" : 0.000000,
        "1000" : 0.000000,
        "2000" : 0.000000,
        ">=2000" : 0.000000
      },
      "latency_depth" : 64,
      "latency_target" : 0,
      "latency_percentile" : 100.000000,
      "latency_window" : 0
    }
  ],
  "disk_util" : [
    {
      "name" : "dm-1",
      "read_ios" : 1500129,
      "write_ios" : 2836,
      "read_sectors" : 12002400,
      "write_sectors" : 175776,
      "read_merges" : 0,
      "write_merges" : 0,
      "read_ticks" : 568679,
      "write_ticks" : 5029,
      "in_queue" : 573708,
      "util" : 99.039231,
      "aggr_read_ios" : 1515299,
      "aggr_write_ios" : 3388,
      "aggr_read_sectors" : 12123760,
      "aggr_write_sectors" : 182920,
      "aggr_read_merges" : 0,
      "aggr_write_merge" : 0,
      "aggr_read_ticks" : 573764,
      "aggr_write_ticks" : 5577,
      "aggr_in_queue" : 579341,
      "aggr_util" : 98.600158
    },
    {
      "name" : "dm-0",
      "read_ios" : 1515299,
      "write_ios" : 3388,
      "read_sectors" : 12123760,
      "write_sectors" : 182920,
      "read_merges" : 0,
      "write_merges" : 0,
      "read_ticks" : 573764,
      "write_ticks" : 5577,
      "in_queue" : 579341,
      "util" : 98.600158,
      "aggr_read_ios" : 1515299,
      "aggr_write_ios" : 2233,
      "aggr_read_sectors" : 12123760,
      "aggr_write_sectors" : 182920,
      "aggr_read_merges" : 0,
      "aggr_write_merge" : 1155,
      "aggr_read_ticks" : 565438,
      "aggr_write_ticks" : 5346,
      "aggr_in_queue" : 571014,
      "aggr_util" : 57.028785
    },
    {
      "name" : "nvme0n1",
      "read_ios" : 1515299,
      "write_ios" : 2233,
      "read_sectors" : 12123760,
      "write_sectors" : 182920,
      "read_merges" : 0,
      "write_merges" : 1155,
      "read_ticks" : 565438,
      "write_ticks" : 5346,
      "in_queue" : 571014,