{
  "fio version" : "fio-3.36",
  "timestamp" : 1783508996,
  "timestamp_ms" : 1783508996360,
  "time" : "Wed Jul  8 13:09:56 2026",
  "jobs" : [
    {
      "jobname" : "sweep",
      "groupid" : 0,
      "job_start" : 1783508987025,
      "error" : 0,
      "eta" : 0,
      "elapsed" : 10,
      "job options" : {
        "name" : "sweep",
        "filename" : "./fio-testfile",
        "rw" : "read",
        "ioengine" : "libaio",
        "iodepth" : "4",
        "bs" : "64k",
        "direct" : "1"
      },
      "read" : {
        "io_bytes" : 8589934592,
        "io_kbytes" : 8388608,
        "bw_bytes" : 924742662,
        "bw" : 903069,
        "iops" : 14110.453224,
        "runtime" : 9289,
        "total_ios" : 131072,
        "short_ios" : 0,
        "drop_ios" : 0,
        "slat_ns" : {
          "min" : 5529,
          "max" : 2962420,
          "mean" : 7875.451508,
          "stddev" : 19384.161417,
          "N" : 131072
        },
        "clat_ns" : {
          "min" : 15000,
          "max" : 4224160,
          "mean" : 275333.098534,
          "stddev" : 138393.084283,
          "N" : 131072,
          "percentile" : {
            "1.000000" : 152576,
            "5.000000" : 168960,
            "10.000000" : 187392,
            "20.000000" : 209920,
            "30.000000" : 228352,
            "40.000000" : 244736,
            "50.000000" : 264192,
            "60.000000" : 280576,
            "70.000000" : 301056,
            "80.000000" : 317440,
            "90.000000" : 342016,
            "95.000000" : 362496,
            "99.000000" : 497664,
            "99.500000" : 1466368,
            "99.900000" : 1925120,
            "99.950000" : 2007040,
            "99.990000" : 2637824
          }
        },
        "lat_ns" : {
          "min" : 117985,
          "max" : 4231250,
          "mean" : 283208.550041,
          "stddev" : 139624.079757,
          "N" : 131072
        },
        "bw_min" : 816128,
        "bw_max" : 956416,
        "bw_agg" : 100.000000,
        "bw_mean" : 903480.888889,
        "bw_dev" : 34069.512099,
        "bw_samples" : 18,
        "iops_min" : 12752,
        "iops_max" : 14944,
        "iops_mean" : 14116.888889,
        "iops_stddev" : 532.336127,
        "iops_samples" : 18
      },
      "write" : {
        "io_bytes" : 0,
        "io_kbytes" : 0,
        "bw_bytes" : 0,
        "bw" : 0,
        "iops" : 0.000000,
        "runtime" : 0,
        "total_ios" : 0,
        "short_ios" : 0,
        "drop_ios" : 0,
        "slat_ns" : {
          "min" : 0,
          "max" : 0,
          "mean" : 0.000000,
          "stddev" : 0.000000,
          "N" : 0
        },
        "clat_ns" : {
          "min" : 0,
          "max" : 0,
          "mean" : 0.000000,
          "stddev" : 0.000000,
          "N" : 0
        },
        "lat_ns" : {
          "min" : 0,
          "max" : 0,
          "mean" : 0.000000,
          "stddev" : 0.000000,
          "N" : 0
        },
        "bw_min" : 0,
        "bw_max" : 0,
        "bw_agg" : 0.000000,
        "bw_mean" : 0.000000,
        "bw_dev" : 0.000000,
        "bw_samples" : 0,
        "iops_min" : 0,
        "iops_max" : 0,
        "iops_mean" : 0.000000,
        "iops_stddev" : 0.000000,
        "iops_samples" : 0
      },
      "trim" : {
        "io_bytes" : 0,
        "io_kbytes" : 0,
        "bw_bytes" : 0,
        "bw" : 0,
        "iops" : 0.000000,
        "runtime" : 0,
        "total_ios" : 0,
        "short_ios" : 0,
        "drop_ios" : 0,
        "slat_ns" : {
          "min" : 0,
          "max" : 0,
          "mean" : 0.000000,
          "stddev" : 0.000000,
          "N" : 0
        },
        "clat_ns" : {
          "min" : 0,
          "max" : 0,
          "mean" : 0.000000,
          "stddev" : 0.000000,
          "N" : 0
        },
        "lat_ns" : {
          "min" : 0,
          "max" : 0,
          "mean" : 0.000000,
          "stddev" : 0.000000,
          "N" : 0
        },
        "bw_min" : 0,
        "bw_max" : 0,
        "bw_agg" : 0.000000,
        "bw_mean" : 0.000000,
        "bw_dev" : 0.000000,
        "bw_samples" : 0,
        "iops_min" : 0,
        "iops_max" : 0,
        "iops_mean" : 0.000000,
        "iops_stddev" : 0.000000,
        "iops_samples" : 0
      },
      "sync" : {
        "total_ios" : 0,
        "lat_ns" : {
          "min" : 0,
          "max" : 0,
          "mean" : 0.000000,
          "stddev" : 0.000000,
          "N" : 0
        }
      },
      "job_runtime" : 9288,
      "usr_cpu" : 1.464255,
      "sys_cpu" : 13.565891,
      "ctx" : 118951,
      "majf" : 0,
      "minf" : 78,
      "iodepth_level" : {
        "1" : 0.100000,
        "2" : 0.100000,
        "4" : 99.997711,
        "8" : 0.000000,
        "16" : 0.000000,
        "32" : 0.000000,
        ">=64" : 0.000000
      },
      "iodepth_submit" : {
        "0" : 0.000000,
        "4" : 100.000000,
        "8" : 0.000000,
        "16" : 0.000000,
        "32" : 0.000000,
        "64" : 0.000000,
        ">=64" : 0.000000
      },
      "iodepth_complete" : {
        "0" : 0.000000,
        "4" : 100.000000,
        "8" : 0.000000,
        "16" : 0.000000,
        "32" : 0.000000,
        "64" : 0.000000,
        ">=64" : 0.000000
      },
      "latency_ns" : {
        "2" : 0.000000,
        "4" : 0.000000,
        "10" : 0.000000,
        "20" : 0.000000,
        "50" : 0.000000,
        "100" : 0.000000,
        "250" : 0.000000,
        "500" : 0.000000,
        "750" : 0.000000,
        "1000" : 0.000000
      },
      "latency_us" : {
        "2" : 0.000000,
        "4" : 0.000000,
        "10" : 0.000000,
        "20" : 0.010000,
        "50" : 0.010000,
        "100" : 0.010000,
        "250" : 42.501831,
        "500" : 56.496429,
        "750" : 0.171661,
        "1000" : 0.025177
      },
      "latency_ms" : {
        "2" : 0.741577,
        "4" : 0.054169,
        "10" : 0.010000,
        "20" : 0.000000,
        "50" : 0.000000,
        "100" : 0.000000,
        "250" : 0.000000,
        "500" : 0.000000,
        "750" : 0.000000,
        "1000" : 0.000000,
        "2000" : 0.000000,
        ">=2000" : 0.000000
      },
      "latency_depth" : 4,
      "latency_target" : 0,
      "latency_percentile" : 100.000000,
      "latency_window" : 0
    }
  ],
  "disk_util" : [
    {
      "name" : "dm-1",
      "read_ios" : 155580,
      "write_ios" : 1686,
      "read_sectors" : 16694232,
      "write_sectors" : 51288,
      "read_merges" : 0,
      "write_merges" : 0,
      "read_ticks" : 42392,
      "write_ticks" : 525,
      "in_queue" : 42917,
      "util" : 98.734040,
      "aggr_read_ios" : 157873,
      "aggr_write_ios" : 1788,
      "aggr_read_sectors" : 16953064,
      "aggr_write_sectors" : 51296,
      "aggr_read_merges" : 0,
      "aggr_write_merge" : 0,
      "aggr_read_ticks" : 42907,
      "aggr_write_ticks" : 617,
      "aggr_in_queue" : 43524,
      "aggr_util" : 98.271841
    },
    {
      "name" : "dm-0",
      "read_ios" : 157873,
      "write_ios" : 1788,
      "read_sectors" : 16953064,
      "write_sectors" : 51296,
      "read_merges" : 0,
      "write_merges" : 0,
      "read_ticks" : 42907,
      "write_ticks" : 617,
      "in_queue" : 43524,
      "util" : 98.271841,
      "aggr_read_ios" : 150100,
      "aggr_write_ios" : 1233,
      "aggr_read_sectors" : 16953064,
      "aggr_write_sectors" : 51296,
      "aggr_read_merges" : 7773,
      "aggr_write_merge" : 555,
      "aggr_read_ticks" : 36244,
      "aggr_write_ticks" : 583,
      "aggr_in_queue" : 37053,
      "aggr_util" : 66.783291
    },
    {
      "name" : "nvme0n1",
      "read_ios" : 150100,
      "write_ios" : 1233,
      "read_sectors" : 16953064,
      "write_sectors" : 51296,
      "read_merges" : 7773,
      "write_merges" : 555,
      "read_ticks" : 36244,
      "write_ticks" : 583,
      "in_queue" : 37053,
      "util" : 66.783291
    }
  ]
}
