{
  "fio version" : "fio-3.36",
  "timestamp" : 1783509004,
  "timestamp_ms" : 1783509004798,
  "time" : "Wed Jul  8 13:10:04 2026",
  "jobs" : [
    {
      "jobname" : "sweep",
      "groupid" : 0,
      "job_start" : 1783508999395,
      "error" : 0,
      "eta" : 0,
      "elapsed" : 6,
      "job options" : {
        "name" : "sweep",
        "filename" : "./fio-testfile",
        "rw" : "read",
        "ioengine" : "libaio",
        "iodepth" : "8",
        "bs" : "64k",
        "direct" : "1"
      },
      "read" : {
        "io_bytes" : 8589934592,
        "io_kbytes" : 8388608,
        "bw_bytes" : 1606496089,
        "bw" : 1568843,
        "iops" : 24513.184964,
        "runtime" : 5347,
        "total_ios" : 131072,
        "short_ios" : 0,
        "drop_ios" : 0,
        "slat_ns" : {
          "min" : 5340,
          "max" : 2103876,
          "mean" : 7883.675339,
          "stddev" : 20073.305509,
          "N" : 131072
        },
        "clat_ns" : {
          "min" : 47078,
          "max" : 7143854,
          "mean" : 318140.329880,
          "stddev" : 237395.940589,
          "N" : 131072,
          "percentile" : {
            "1.000000" : 156672,
            "5.000000" : 179200,
            "10.000000" : 199680,
            "20.000000" : 228352,
            "30.000000" : 248832,
            "40.000000" : 268288,
            "50.000000" : 284672,
            "60.000000" : 301056,
            "70.000000" : 317440,
            "80.000000" : 342016,
            "90.000000" : 374784,
            "95.000000" : 423936,
            "99.000000" : 1630208,
            "99.500000" : 1974272,
            "99.900000" : 2310144,
            "99.950000" : 3129344,
            "99.990000" : 4554752
          }
        },
        "lat_ns" : {
          "min" : 121035,
          "max" : 7157453,
          "mean" : 326024.005219,
          "stddev" : 238303.094933,
          "N" : 131072
        },
        "bw_min" : 1272960,
        "bw_max" : 1784064,
        "bw_agg" : 99.229825,
        "bw_mean" : 1556761.600000,
        "bw_dev" : 190099.769297,
        "bw_samples" : 10,
        "iops_min" : 19890,
        "iops_max" : 27876,
        "iops_mean" : 24324.400000,
        "iops_stddev" : 2970.308895,
        "iops_samples" : 10
      },
      "write" : {
        "io_bytes" : 0,
        "io_kbytes" : 0,
        "bw_bytes" : 0,
        "bw" : 0,
        "iops" : 0.000000,
        "runtime" : 0,
        "total_ios" : 0,
        "short_ios" : 0,
        "drop_ios" : 0,
        "slat_ns" : {
          "min" : 0,
          "max" : 0,
          "mean" : 0.000000,
          "stddev" : 0.000000,
          "N" : 0
        },
        "clat_ns" : {
          "min" : 0,
          "max" : 0,
          "mean" : 0.000000,
          "stddev" : 0.000000,
          "N" : 0
        },
        "lat_ns" : {
          "min" : 0,
          "max" : 0,
          "mean" : 0.000000,
          "stddev" : 0.000000,
          "N" : 0
        },
        "bw_min" : 0,
        "bw_max" : 0,
        "bw_agg" : 0.000000,
        "bw_mean" : 0.000000,
        "bw_dev" : 0.000000,
        "bw_samples" : 0,
        "iops_min" : 0,
        "iops_max" : 0,
        "iops_mean" : 0.000000,
        "iops_stddev" : 0.000000,
        "iops_samples" : 0
      },
      "trim" : {
        "io_bytes" : 0,
        "io_kbytes" : 0,
        "bw_bytes" : 0,
        "bw" : 0,
        "iops" : 0.000000,
        "runtime" : 0,
        "total_ios" : 0,
        "short_ios" : 0,
        "drop_ios" : 0,
        "slat_ns" : {
          "min" : 0,
          "max" : 0,
          "mean" : 0.000000,
          "stddev" : 0.000000,
          "N" : 0
        },
        "clat_ns" : {
          "min" : 0,
          "max" : 0,
          "mean" : 0.000000,
          "stddev" : 0.000000,
          "N" : 0
        },
        "lat_ns" : {
          "min" : 0,
          "max" : 0,
          "mean" : 0.000000,
          "stddev" : 0.000000,
          "N" : 0
        },
        "bw_min" : 0,
        "bw_max" : 0,
        "bw_agg" : 0.000000,
        "bw_mean" : 0.000000,
        "bw_dev" : 0.000000,
        "bw_samples" : 0,
        "iops_min" : 0,
        "iops_max" : 0,
        "iops_mean" : 0.000000,
        "iops_stddev" : 0.000000,
        "iops_samples" : 0
      },
      "sync" : {
        "total_ios" : 0,
        "lat_ns" : {
          "min" : 0,
          "max" : 0,
          "mean" : 0.000000,
          "stddev" : 0.000000,
          "N" : 0
        }
      },
      "job_runtime" : 5346,
      "usr_cpu" : 2.600075,
      "sys_cpu" : 23.007856,
      "ctx" : 101594,
      "majf" : 0,
      "minf" : 140,
      "iodepth_level" : {
        "1" : 0.100000,
        "2" : 0.100000,
        "4" : 0.100000,
        "8" : 99.994659,
        "16" : 0.000000,
        "32" : 0.000000,
        ">=64" : 0.000000
      },
      "iodepth_submit" : {
        "0" : 0.000000,
        "4" : 100.000000,
        "8" : 0.000000,
        "16" : 0.000000,
        "32" : 0.000000,
        "64" : 0.000000,
        ">=64" : 0.000000
      },
      "iodepth_complete" : {
        "0" : 0.000000,
        "4" : 99.999237,
        "8" : 0.100000,
        "16" : 0.000000,
        "32" : 0.000000,
        "64" : 0.000000,
        ">=64" : 0.000000
      },
      "latency_ns" : {
        "2" : 0.000000,
        "4" : 0.000000,
        "10" : 0.000000,
        "20" : 0.000000,
        "50" : 0.000000,
        "100" : 0.000000,
        "250" : 0.000000,
        "500" : 0.000000,
        "750" : 0.000000,
        "1000" : 0.000000
      },
      "latency_us" : {
        "2" : 0.000000,
        "4" : 0.000000,
        "10" : 0.000000,
        "20" : 0.000000,
        "50" : 0.010000,
        "100" : 0.010000,
        "250" : 30.493927,
        "500" : 66.233826,
        "750" : 0.847626,
        "1000" : 0.186157
      },
      "latency_ms" : {
        "2" : 1.842499,
        "4" : 0.371552,
        "10" : 0.018311,
        "20" : 0.000000,
        "50" : 0.000000,
        "100" : 0.000000,
        "250" : 0.000000,
        "500" : 0.000000,
        "750" : 0.000000,
        "1000" : 0.000000,
        "2000" : 0.000000,
        ">=2000" : 0.000000
      },
      "latency_depth" : 8,
      "latency_target" : 0,
      "latency_percentile" : 100.000000,
      "latency_window" : 0
    }
  ],
  "disk_util" : [
    {
      "name" : "dm-1",
      "read_ios" : 154961,
      "write_ios" : 2766,
      "read_sectors" : 16285200,
      "write_sectors" : 204808,
      "read_merges" : 0,
      "write_merges" : 0,
      "read_ticks" : 49739,
      "write_ticks" : 1732,
      "in_queue" : 51471,
      "util" : 97.882891,
      "aggr_read_ios" : 161150,
      "aggr_write_ios" : 3312,
      "aggr_read_sectors" : 16986008,
      "aggr_write_sectors" : 204912,
      "aggr_read_merges" : 0,
      "aggr_write_merge" : 0,
      "aggr_read_ticks" : 51359,
      "aggr_write_ticks" : 2479,
      "aggr_in_queue" : 53838,
      "aggr_util" : 96.964188
    },
    {
      "name" : "dm-0",
      "read_ios" : 161150,
      "write_ios" : 3312,
      "read_sectors" : 16986008,
      "write_sectors" : 204912,
      "read_merges" : 0,
      "write_merges" : 0,
      "read_ticks" : 51359,
      "write_ticks" : 2479,
      "in_queue" : 53838,
      "util" : 96.964188,
      "aggr_read_ios" : 151606,
      "aggr_write_ios" : 2379,
      "aggr_read_sectors" : 16986008,
      "aggr_write_sectors" : 204912,
      "aggr_read_merges" : 9544,
      "aggr_write_merge" : 933,
      "aggr_read_ticks" : 42040,
      "aggr_write_ticks" : 2145,
      "aggr_in_queue" : 44469,
      "aggr_util" : 59.189238
    },
    {
      "name" : "nvme0n1",
      "read_ios" : 151606,
      "write_ios" : 2379,
      "read_sectors" : 16986008,
      "write_sectors" : 204912,
      "read_merges" : 9544,
      "write_merges" : 933,
      "read_ticks" : 42040,
      "write_ticks" : 2145,
      "in_queue" : 44469,
      "util" : 59.189238
    }
  ]
}
