{
  "fio version" : "fio-3.36",
  "timestamp" : 1783508984,
  "timestamp_ms" : 1783508984357,
  "time" : "Wed Jul  8 13:09:44 2026",
  "jobs" : [
    {
      "jobname" : "sweep",
      "groupid" : 0,
      "job_start" : 1783508967913,
      "error" : 0,
      "eta" : 0,
      "elapsed" : 17,
      "job options" : {
        "name" : "sweep",
        "filename" : "./fio-testfile",
        "rw" : "read",
        "ioengine" : "libaio",
        "iodepth" : "1",
        "bs" : "64k",
        "direct" : "1"
      },
      "read" : {
        "io_bytes" : 8589934592,
        "io_kbytes" : 8388608,
        "bw_bytes" : 523553031,
        "bw" : 511282,
        "iops" : 7988.785275,
        "runtime" : 16407,
        "total_ios" : 131072,
        "short_ios" : 0,
        "drop_ios" : 0,
        "slat_ns" : {
          "min" : 5549,
          "max" : 524618,
          "mean" : 9829.366653,
          "stddev" : 6529.830232,
          "N" : 131072
        },
        "clat_ns" : {
          "min" : 1630,
          "max" : 5142897,
          "mean" : 115130.134682,
          "stddev" : 107394.949555,
          "N" : 131072,
          "percentile" : {
            "1.000000" : 46848,
            "5.000000" : 48384,
            "10.000000" : 51456,
            "20.000000" : 52992,
            "30.000000" : 56064,
            "40.000000" : 62208,
            "50.000000" : 95744,
            "60.000000" : 124416,
            "70.000000" : 148480,
            "80.000000" : 164864,
            "90.000000" : 185344,
            "95.000000" : 209920,
            "99.000000" : 342016,
            "99.500000" : 423936,
            "99.900000" : 1777664,
            "99.950000" : 1875968,
            "99.990000" : 2007040
          }
        },
        "lat_ns" : {
          "min" : 50878,
          "max" : 5150137,
          "mean" : 124959.501335,
          "stddev" : 107495.303602,
          "N" : 131072
        },
        "bw_min" : 283776,
        "bw_max" : 603520,
        "bw_agg" : 99.820988,
        "bw_mean" : 510368.000000,
        "bw_dev" : 101503.278849,
        "bw_samples" : 32,
        "iops_min" : 4434,
        "iops_max" : 9430,
        "iops_mean" : 7974.500000,
        "iops_stddev" : 1585.988732,
        "iops_samples" : 32
      },
      "write" : {
        "io_bytes" : 0,
        "io_kbytes" : 0,
        "bw_bytes" : 0,
        "bw" : 0,
        "iops" : 0.000000,
        "runtime" : 0,
        "total_ios" : 0,
        "short_ios" : 0,
        "drop_ios" : 0,
        "slat_ns" : {
          "min" : 0,
          "max" : 0,
          "mean" : 0.000000,
          "stddev" : 0.000000,
          "N" : 0
        },
        "clat_ns" : {
          "min" : 0,
          "max" : 0,
          "mean" : 0.000000,
          "stddev" : 0.000000,
          "N" : 0
        },
        "lat_ns" : {
          "min" : 0,
          "max" : 0,
          "mean" : 0.000000,
          "stddev" : 0.000000,
          "N" : 0
        },
        "bw_min" : 0,
        "bw_max" : 0,
        "bw_agg" : 0.000000,
        "bw_mean" : 0.000000,
        "bw_dev" : 0.000000,
        "bw_samples" : 0,
        "iops_min" : 0,
        "iops_max" : 0,
        "iops_mean" : 0.000000,
        "iops_stddev" : 0.000000,
        "iops_samples" : 0
      },
      "trim" : {
        "io_bytes" : 0,
        "io_kbytes" : 0,
        "bw_bytes" : 0,
        "bw" : 0,
        "iops" : 0.000000,
        "runtime" : 0,
        "total_ios" : 0,
        "short_ios" : 0,
        "drop_ios" : 0,
        "slat_ns" : {
          "min" : 0,
          "max" : 0,
          "mean" : 0.000000,
          "stddev" : 0.000000,
          "N" : 0
        },
        "clat_ns" : {
          "min" : 0,
          "max" : 0,
          "mean" : 0.000000,
          "stddev" : 0.000000,
          "N" : 0
        },
        "lat_ns" : {
          "min" : 0,
          "max" : 0,
          "mean" : 0.000000,
          "stddev" : 0.000000,
          "N" : 0
        },
        "bw_min" : 0,
        "bw_max" : 0,
        "bw_agg" : 0.000000,
        "bw_mean" : 0.000000,
        "bw_dev" : 0.000000,
        "bw_samples" : 0,
        "iops_min" : 0,
        "iops_max" : 0,
        "iops_mean" : 0.000000,
        "iops_stddev" : 0.000000,
        "iops_samples" : 0
      },
      "sync" : {
        "total_ios" : 0,
        "lat_ns" : {
          "min" : 0,
          "max" : 0,
          "mean" : 0.000000,
          "stddev" : 0.000000,
          "N" : 0
        }
      },
      "job_runtime" : 16406,
      "usr_cpu" : 0.761916,
      "sys_cpu" : 9.533098,
      "ctx" : 131473,
      "majf" : 0,
      "minf" : 31,
      "iodepth_level" : {
        "1" : 100.000000,
        "2" : 0.000000,
        "4" : 0.000000,
        "8" : 0.000000,
        "16" : 0.000000,
        "32" : 0.000000,
        ">=64" : 0.000000
      },
      "iodepth_submit" : {
        "0" : 0.000000,
        "4" : 100.000000,
        "8" : 0.000000,
        "16" : 0.000000,
        "32" : 0.000000,
        "64" : 0.000000,
        ">=64" : 0.000000
      },
      "iodepth_complete" : {
        "0" : 0.000000,
        "4" : 100.000000,
        "8" : 0.000000,
        "16" : 0.000000,
        "32" : 0.000000,
        "64" : 0.000000,
        ">=64" : 0.000000
      },
      "latency_ns" : {
        "2" : 0.000000,
        "4" : 0.000000,
        "10" : 0.000000,
        "20" : 0.000000,
        "50" : 0.000000,
        "100" : 0.000000,
        "250" : 0.000000,
        "500" : 0.000000,
        "750" : 0.000000,
        "1000" : 0.000000
      },
      "latency_us" : {
        "2" : 0.010000,
        "4" : 0.000000,
        "10" : 0.010000,
        "20" : 0.000000,
        "50" : 7.585907,
        "100" : 43.784332,
        "250" : 45.860291,
        "500" : 2.369690,
        "750" : 0.048828,
        "1000" : 0.010000
      },
      "latency_ms" : {
        "2" : 0.333405,
        "4" : 0.010000,
        "10" : 0.010000,
        "20" : 0.000000,
        "50" : 0.000000,
        "100" : 0.000000,
        "250" : 0.000000,
        "500" : 0.000000,
        "750" : 0.000000,
        "1000" : 0.000000,
        "2000" : 0.000000,
        ">=2000" : 0.000000
      },
      "latency_depth" : 1,
      "latency_target" : 0,
      "latency_percentile" : 100.000000,
      "latency_window" : 0
    }
  ],
  "disk_util" : [
    {
      "name" : "dm-1",
      "read_ios" : 166485,
      "write_ios" : 2613,
      "read_sectors" : 17043728,
      "write_sectors" : 122816,
      "read_merges" : 0,
      "write_merges" : 0,
      "read_ticks" : 22404,
      "write_ticks" : 891,
      "in_queue" : 23295,
      "util" : 94.547880,
      "aggr_read_ios" : 166609,
      "aggr_write_ios" : 2929,
      "aggr_read_sectors" : 17057296,
      "aggr_write_sectors" : 122816,
      "aggr_read_merges" : 0,
      "aggr_write_merge" : 0,
      "aggr_read_ticks" : 22335,
      "aggr_write_ticks" : 1362,
      "aggr_in_queue" : 23697,
      "aggr_util" : 93.965413
    },
    {
      "name" : "dm-0",
      "read_ios" : 166609,
      "write_ios" : 2929,
      "read_sectors" : 17057296,
      "write_sectors" : 122816,
      "read_merges" : 0,
      "write_merges" : 0,
      "read_ticks" : 22335,
      "write_ticks" : 1362,
      "in_queue" : 23697,
      "util" : 93.965413,
      "aggr_read_ios" : 154211,
      "aggr_write_ios" : 1906,
      "aggr_read_sectors" : 17057296,
      "aggr_write_sectors" : 122816,
      "aggr_read_merges" : 12398,
      "aggr_write_merge" : 1023,
      "aggr_read_ticks" : 14406,
      "aggr_write_ticks" : 1279,
      "aggr_in_queue" : 15980,
      "aggr_util" : 74.869996
    },
    {
      "name" : "nvme0n1",
      "read_ios" : 154211,
      "write_ios" : 1906,
      "read_sectors" : 17057296,
      "write_sectors" : 122816,
      "read_merges" : 12398,
      "write_merges" : 1023,
      "read_ticks" : 14406,
      "write_ticks" : 1279,
      "in_queue" : 15980,
      "util" : 74.869996
    }
  ]
}
