{
  "fio version" : "fio-3.36",
  "timestamp" : 1783086334,
  "timestamp_ms" : 1783086334682,
  "time" : "Fri Jul  3 15:45:34 2026",
  "jobs" : [
    {
      "jobname" : "sweep",
      "groupid" : 0,
      "job_start" : 1783086324641,
      "error" : 0,
      "eta" : 0,
      "elapsed" : 11,
      "job options" : {
        "name" : "sweep",
        "filename" : "./fio-testfile",
        "rw" : "read",
        "ioengine" : "libaio",
        "iodepth" : "1",
        "bs" : "4k",
        "direct" : "1",
        "runtime" : "10s",
        "loops" : "1000"
      },
      "read" : {
        "io_bytes" : 1473552384,
        "io_kbytes" : 1439016,
        "bw_bytes" : 147340504,
        "bw" : 143887,
        "iops" : 35971.802820,
        "runtime" : 10001,
        "total_ios" : 359754,
        "short_ios" : 0,
        "drop_ios" : 0,
        "slat_ns" : {
          "min" : 2890,
          "max" : 658531,
          "mean" : 3679.132129,
          "stddev" : 2006.707332,
          "N" : 359754
        },
        "clat_ns" : {
          "min" : 650,
          "max" : 2116772,
          "mean" : 23886.947670,
          "stddev" : 49146.053067,
          "N" : 359754,
          "percentile" : {
            "1.000000" : 14144,
            "5.000000" : 14400,
            "10.000000" : 14528,
            "20.000000" : 14912,
            "30.000000" : 15424,
            "40.000000" : 16320,
            "50.000000" : 21120,
            "60.000000" : 22656,
            "70.000000" : 23936,
            "80.000000" : 24448,
            "90.000000" : 27008,
            "95.000000" : 32640,
            "99.000000" : 81408,
            "99.500000" : 113152,
            "99.900000" : 1204224,
            "99.950000" : 1253376,
            "99.990000" : 1597440
          }
        },
        "lat_ns" : {
          "min" : 15560,
          "max" : 2122442,
          "mean" : 27566.079799,
          "stddev" : 49307.394703,
          "N" : 359754
        },
        "bw_min" : 112528,
        "bw_max" : 159552,
        "bw_agg" : 99.760082,
        "bw_mean" : 143542.736842,
        "bw_dev" : 13701.743153,
        "bw_samples" : 19,
        "iops_min" : 28132,
        "iops_max" : 39888,
        "iops_mean" : 35885.684211,
        "iops_stddev" : 3425.435788,
        "iops_samples" : 19
      },
      "write" : {
        "io_bytes" : 0,
        "io_kbytes" : 0,
        "bw_bytes" : 0,
        "bw" : 0,
        "iops" : 0.000000,
        "runtime" : 0,
        "total_ios" : 0,
        "short_ios" : 0,
        "drop_ios" : 0,
        "slat_ns" : {
          "min" : 0,
          "max" : 0,
          "mean" : 0.000000,
          "stddev" : 0.000000,
          "N" : 0
        },
        "clat_ns" : {
          "min" : 0,
          "max" : 0,
          "mean" : 0.000000,
          "stddev" : 0.000000,
          "N" : 0
        },
        "lat_ns" : {
          "min" : 0,
          "max" : 0,
          "mean" : 0.000000,
          "stddev" : 0.000000,
          "N" : 0
        },
        "bw_min" : 0,
        "bw_max" : 0,
        "bw_agg" : 0.000000,
        "bw_mean" : 0.000000,
        "bw_dev" : 0.000000,
        "bw_samples" : 0,
        "iops_min" : 0,
        "iops_max" : 0,
        "iops_mean" : 0.000000,
        "iops_stddev" : 0.000000,
        "iops_samples" : 0
      },
      "trim" : {
        "io_bytes" : 0,
        "io_kbytes" : 0,
        "bw_bytes" : 0,
        "bw" : 0,
        "iops" : 0.000000,
        "runtime" : 0,
        "total_ios" : 0,
        "short_ios" : 0,
        "drop_ios" : 0,
        "slat_ns" : {
          "min" : 0,
          "max" : 0,
          "mean" : 0.000000,
          "stddev" : 0.000000,
          "N" : 0
        },
        "clat_ns" : {
          "min" : 0,
          "max" : 0,
          "mean" : 0.000000,
          "stddev" : 0.000000,
          "N" : 0
        },
        "lat_ns" : {
          "min" : 0,
          "max" : 0,
          "mean" : 0.000000,
          "stddev" : 0.000000,
          "N" : 0
        },
        "bw_min" : 0,
        "bw_max" : 0,
        "bw_agg" : 0.000000,
        "bw_mean" : 0.000000,
        "bw_dev" : 0.000000,
        "bw_samples" : 0,
        "iops_min" : 0,
        "iops_max" : 0,
        "iops_mean" : 0.000000,
        "iops_stddev" : 0.000000,
        "iops_samples" : 0
      },
      "sync" : {
        "total_ios" : 0,
        "lat_ns" : {
          "min" : 0,
          "max" : 0,
          "mean" : 0.000000,
          "stddev" : 0.000000,
          "N" : 0
        }
      },
      "job_runtime" : 10000,
      "usr_cpu" : 4.330000,
      "sys_cpu" : 20.520000,
      "ctx" : 360597,
      "majf" : 0,
      "minf" : 16,
      "iodepth_level" : {
        "1" : 100.000000,
        "2" : 0.000000,
        "4" : 0.000000,
        "8" : 0.000000,
        "16" : 0.000000,
        "32" : 0.000000,
        ">=64" : 0.000000
      },
      "iodepth_submit" : {
        "0" : 0.000000,
        "4" : 100.000000,
        "8" : 0.000000,
        "16" : 0.000000,
        "32" : 0.000000,
        "64" : 0.000000,
        ">=64" : 0.000000
      },
      "iodepth_complete" : {
        "0" : 0.000000,
        "4" : 100.000000,
        "8" : 0.000000,
        "16" : 0.000000,
        "32" : 0.000000,
        "64" : 0.000000,
        ">=64" : 0.000000
      },
      "latency_ns" : {
        "2" : 0.000000,
        "4" : 0.000000,
        "10" : 0.000000,
        "20" : 0.000000,
        "50" : 0.000000,
        "100" : 0.000000,
        "250" : 0.000000,
        "500" : 0.000000,
        "750" : 0.010000,
        "1000" : 0.010000
      },
      "latency_us" : {
        "2" : 0.010000,
        "4" : 0.000000,
        "10" : 0.017790,
        "20" : 49.396254,
        "50" : 47.196696,
        "100" : 2.678497,
        "250" : 0.520634,
        "500" : 0.026963,
        "750" : 0.010000,
        "1000" : 0.010000
      },
      "latency_ms" : {
        "2" : 0.135370,
        "4" : 0.010000,
        "10" : 0.000000,
        "20" : 0.000000,
        "50" : 0.000000,
        "100" : 0.000000,
        "250" : 0.000000,
        "500" : 0.000000,
        "750" : 0.000000,
        "1000" : 0.000000,
        "2000" : 0.000000,
        ">=2000" : 0.000000
      },
      "latency_depth" : 1,
      "latency_target" : 0,
      "latency_percentile" : 100.000000,
      "latency_window" : 0
    }
  ],
  "disk_util" : [
    {
      "name" : "dm-1",
      "read_ios" : 355714,
      "write_ios" : 4433,
      "read_sectors" : 2847600,
      "write_sectors" : 270776,
      "read_merges" : 0,
      "write_merges" : 0,
      "read_ticks" : 8003,
      "write_ticks" : 2583,
      "in_queue" : 10586,
      "util" : 80.194155,
      "aggr_read_ios" : 359850,
      "aggr_write_ios" : 5192,
      "aggr_read_sectors" : 2880688,
      "aggr_write_sectors" : 270776,
      "aggr_read_merges" : 0,
      "aggr_write_merge" : 0,
      "aggr_read_ticks" : 7900,
      "aggr_write_ticks" : 3166,
      "aggr_in_queue" : 11066,
      "aggr_util" : 78.003551
    },
    {
      "name" : "dm-0",
      "read_ios" : 359850,
      "write_ios" : 5192,
      "read_sectors" : 2880688,
      "write_sectors" : 270776,
      "read_merges" : 0,
      "write_merges" : 0,
      "read_ticks" : 7900,
      "write_ticks" : 3166,
      "in_queue" : 11066,
      "util" : 78.003551,
      "aggr_read_ios" : 359838,
      "aggr_write_ios" : 3666,
      "aggr_read_sectors" : 2880688,
      "aggr_write_sectors" : 270776,
      "aggr_read_merges" : 12,
      "aggr_write_merge" : 1526,
      "aggr_read_ticks" : 6198,
      "aggr_write_ticks" : 2734,
      "aggr_in_queue" : 9268,
      "aggr_util" : 62.073387
    },
    {
      "name" : "nvme0n1",
      "read_ios" : 359838,
      "write_ios" : 3666,
      "read_sectors" : 2880688,
      "write_sectors" : 270776,
      "read_merges" : 12,
      "write_merges" : 1526,
      "read_ticks" : 6198,
      "write_ticks" : 2734,
      "in_queue" : 9268,
      "util" : 62.073387
    }
  ]
}
