{
  "fio version" : "fio-3.36",
  "timestamp" : 1783086437,
  "timestamp_ms" : 1783086437647,
  "time" : "Fri Jul  3 15:47:17 2026",
  "jobs" : [
    {
      "jobname" : "sweep",
      "groupid" : 0,
      "job_start" : 1783086427610,
      "error" : 0,
      "eta" : 0,
      "elapsed" : 11,
      "job options" : {
        "name" : "sweep",
        "filename" : "./fio-testfile",
        "rw" : "read",
        "ioengine" : "libaio",
        "iodepth" : "32",
        "bs" : "64k",
        "direct" : "1",
        "runtime" : "10s",
        "loops" : "1000"
      },
      "read" : {
        "io_bytes" : 40347566080,
        "io_kbytes" : 39401920,
        "bw_bytes" : 4034353172,
        "bw" : 3939798,
        "iops" : 61559.344066,
        "runtime" : 10001,
        "total_ios" : 615655,
        "short_ios" : 0,
        "drop_ios" : 0,
        "slat_ns" : {
          "min" : 5390,
          "max" : 2451107,
          "mean" : 7979.871127,
          "stddev" : 8184.139698,
          "N" : 615655
        },
        "clat_ns" : {
          "min" : 119509,
          "max" : 13164956,
          "mean" : 511567.995119,
          "stddev" : 464236.310067,
          "N" : 615655,
          "percentile" : {
            "1.000000" : 250880,
            "5.000000" : 296960,
            "10.000000" : 329728,
            "20.000000" : 366592,
            "30.000000" : 395264,
            "40.000000" : 419840,
            "50.000000" : 448512,
            "60.000000" : 473088,
            "70.000000" : 505856,
            "80.000000" : 552960,
            "90.000000" : 626688,
            "95.000000" : 733184,
            "99.000000" : 2244608,
            "99.500000" : 3784704,
            "99.900000" : 7110656,
            "99.950000" : 8224768,
            "99.990000" : 9764864
          }
        },
        "lat_ns" : {
          "min" : 157828,
          "max" : 13173636,
          "mean" : 519547.866247,
          "stddev" : 464350.057018,
          "N" : 615655
        },
        "bw_min" : 3413888,
        "bw_max" : 4387456,
        "bw_agg" : 99.685922,
        "bw_mean" : 3927424.000000,
        "bw_dev" : 295477.852207,
        "bw_samples" : 19,
        "iops_min" : 53342,
        "iops_max" : 68554,
        "iops_mean" : 61366.000000,
        "iops_stddev" : 4616.841441,
        "iops_samples" : 19
      },
      "write" : {
        "io_bytes" : 0,
        "io_kbytes" : 0,
        "bw_bytes" : 0,
        "bw" : 0,
        "iops" : 0.000000,
        "runtime" : 0,
        "total_ios" : 0,
        "short_ios" : 0,
        "drop_ios" : 0,
        "slat_ns" : {
          "min" : 0,
          "max" : 0,
          "mean" : 0.000000,
          "stddev" : 0.000000,
          "N" : 0
        },
        "clat_ns" : {
          "min" : 0,
          "max" : 0,
          "mean" : 0.000000,
          "stddev" : 0.000000,
          "N" : 0
        },
        "lat_ns" : {
          "min" : 0,
          "max" : 0,
          "mean" : 0.000000,
          "stddev" : 0.000000,
          "N" : 0
        },
        "bw_min" : 0,
        "bw_max" : 0,
        "bw_agg" : 0.000000,
        "bw_mean" : 0.000000,
        "bw_dev" : 0.000000,
        "bw_samples" : 0,
        "iops_min" : 0,
        "iops_max" : 0,
        "iops_mean" : 0.000000,
        "iops_stddev" : 0.000000,
        "iops_samples" : 0
      },
      "trim" : {
        "io_bytes" : 0,
        "io_kbytes" : 0,
        "bw_bytes" : 0,
        "bw" : 0,
        "iops" : 0.000000,
        "runtime" : 0,
        "total_ios" : 0,
        "short_ios" : 0,
        "drop_ios" : 0,
        "slat_ns" : {
          "min" : 0,
          "max" : 0,
          "mean" : 0.000000,
          "stddev" : 0.000000,
          "N" : 0
        },
        "clat_ns" : {
          "min" : 0,
          "max" : 0,
          "mean" : 0.000000,
          "stddev" : 0.000000,
          "N" : 0
        },
        "lat_ns" : {
          "min" : 0,
          "max" : 0,
          "mean" : 0.000000,
          "stddev" : 0.000000,
          "N" : 0
        },
        "bw_min" : 0,
        "bw_max" : 0,
        "bw_agg" : 0.000000,
        "bw_mean" : 0.000000,
        "bw_dev" : 0.000000,
        "bw_samples" : 0,
        "iops_min" : 0,
        "iops_max" : 0,
        "iops_mean" : 0.000000,
        "iops_stddev" : 0.000000,
        "iops_samples" : 0
      },
      "sync" : {
        "total_ios" : 0,
        "lat_ns" : {
          "min" : 0,
          "max" : 0,
          "mean" : 0.000000,
          "stddev" : 0.000000,
          "N" : 0
        }
      },
      "job_runtime" : 10000,
      "usr_cpu" : 6.620000,
      "sys_cpu" : 53.970000,
      "ctx" : 227503,
      "majf" : 0,
      "minf" : 524,
      "iodepth_level" : {
        "1" : 0.100000,
        "2" : 0.100000,
        "4" : 0.100000,
        "8" : 0.100000,
        "16" : 0.100000,
        "32" : 99.994965,
        ">=64" : 0.000000
      },
      "iodepth_submit" : {
        "0" : 0.000000,
        "4" : 100.000000,
        "8" : 0.000000,
        "16" : 0.000000,
        "32" : 0.000000,
        "64" : 0.000000,
        ">=64" : 0.000000
      },
      "iodepth_complete" : {
        "0" : 0.000000,
        "4" : 99.999838,
        "8" : 0.000000,
        "16" : 0.000000,
        "32" : 0.100000,
        "64" : 0.000000,
        ">=64" : 0.000000
      },
      "latency_ns" : {
        "2" : 0.000000,
        "4" : 0.000000,
        "10" : 0.000000,
        "20" : 0.000000,
        "50" : 0.000000,
        "100" : 0.000000,
        "250" : 0.000000,
        "500" : 0.000000,
        "750" : 0.000000,
        "1000" : 0.000000
      },
      "latency_us" : {
        "2" : 0.000000,
        "4" : 0.000000,
        "10" : 0.000000,
        "20" : 0.000000,
        "50" : 0.000000,
        "100" : 0.000000,
        "250" : 0.993901,
        "500" : 67.087736,
        "750" : 27.428998,
        "1000" : 2.175082
      },
      "latency_ms" : {
        "2" : 1.061634,
        "4" : 0.789890,
        "10" : 0.453663,
        "20" : 0.010000,
        "50" : 0.000000,
        "100" : 0.000000,
        "250" : 0.000000,
        "500" : 0.000000,
        "750" : 0.000000,
        "1000" : 0.000000,
        "2000" : 0.000000,
        ">=2000" : 0.000000
      },
      "latency_depth" : 32,
      "latency_target" : 0,
      "latency_percentile" : 100.000000,
      "latency_window" : 0
    }
  ],
  "disk_util" : [
    {
      "name" : "dm-1",
      "read_ios" : 680945,
      "write_ios" : 3343,
      "read_sectors" : 77881696,
      "write_sectors" : 188040,
      "read_merges" : 0,
      "write_merges" : 0,
      "read_ticks" : 336134,
      "write_ticks" : 26880,
      "in_queue" : 363014,
      "util" : 99.009108,
      "aggr_read_ios" : 688923,
      "aggr_write_ios" : 3863,
      "aggr_read_sectors" : 78806880,
      "aggr_write_sectors" : 188040,
      "aggr_read_merges" : 0,
      "aggr_write_merge" : 0,
      "aggr_read_ticks" : 339231,
      "aggr_write_ticks" : 32744,
      "aggr_in_queue" : 371975,
      "aggr_util" : 98.647848
    },
    {
      "name" : "dm-0",
      "read_ios" : 688923,
      "write_ios" : 3863,
      "read_sectors" : 78806880,
      "write_sectors" : 188040,
      "read_merges" : 0,
      "write_merges" : 0,
      "read_ticks" : 339231,
      "write_ticks" : 32744,
      "in_queue" : 371975,
      "util" : 98.647848,
      "aggr_read_ios" : 688893,
      "aggr_write_ios" : 2589,
      "aggr_read_sectors" : 78806880,
      "aggr_write_sectors" : 188040,
      "aggr_read_merges" : 30,
      "aggr_write_merge" : 1274,
      "aggr_read_ticks" : 320011,
      "aggr_write_ticks" : 19936,
      "aggr_in_queue" : 340507,
      "aggr_util" : 62.445717
    },
    {
      "name" : "nvme0n1",
      "read_ios" : 688893,
      "write_ios" : 2589,
      "read_sectors" : 78806880,
      "write_sectors" : 188040,
      "read_merges" : 30,
      "write_merges" : 1274,
      "read_ticks" : 320011,
      "write_ticks" : 19936,
      "in_queue" : 340507,