{
  "fio version" : "fio-3.41",
  "timestamp" : 1783610425,
  "timestamp_ms" : 1783610425000,
  "time" : "Thu Jul  9 17:20:25 2026",
  "jobs" : [
    {
      "jobname" : "sweep",
      "groupid" : 0,
      "job_start" : 1783610402602,
      "error" : 0,
      "eta" : 0,
      "elapsed" : 23,
      "job options" : {
        "name" : "sweep",
        "filename" : "./fio-testfile",
        "rw" : "read",
        "ioengine" : "libaio",
        "iodepth" : "64",
        "bs" : "256k",
        "direct" : "1",
        "group_reporting" : ""
      },
      "read" : {
        "io_bytes" : 107374182400,
        "io_kbytes" : 104857600,
        "bw_bytes" : 4839726962,
        "bw" : 4726295,
        "iops" : 18462.093212,
        "runtime" : 22186,
        "total_ios" : 409600,
        "short_ios" : 0,
        "drop_ios" : 0,
        "slat_ns" : {
          "min" : 18960,
          "max" : 2121728,
          "mean" : 51317.310056,
          "stddev" : 17066.253891,
          "N" : 409600
        },
        "clat_ns" : {
          "min" : 950551,
          "max" : 12235346,
          "mean" : 3413475.989832,
          "stddev" : 709379.379515,
          "N" : 409600,
          "percentile" : {
            "1.000000" : 2088960,
            "5.000000" : 2211840,
            "10.000000" : 2408448,
            "20.000000" : 2703360,
            "30.000000" : 2899968,
            "40.000000" : 3227648,
            "50.000000" : 3555328,
            "60.000000" : 3751936,
            "70.000000" : 3883008,
            "80.000000" : 4046848,
            "90.000000" : 4227072,
            "95.000000" : 4423680,
            "99.000000" : 4620288,
            "99.500000" : 4882432,
            "99.900000" : 6586368,
            "99.950000" : 7307264,
            "99.990000" : 8847360
          }
        },
        "lat_ns" : {
          "min" : 1022841,
          "max" : 13550724,
          "mean" : 3464793.299888,
          "stddev" : 720734.233766,
          "N" : 409600
        },
        "bw_min" : 4396544,
        "bw_max" : 5295104,
        "bw_agg" : 100.000000,
        "bw_mean" : 4731624.727273,
        "bw_dev" : 206186.087657,
        "bw_samples" : 44,
        "iops_min" : 17174,
        "iops_max" : 20684,
        "iops_mean" : 18482.909091,
        "iops_stddev" : 805.414405,
        "iops_samples" : 44
      },
      "write" : {
        "io_bytes" : 0,
        "io_kbytes" : 0,
        "bw_bytes" : 0,
        "bw" : 0,
        "iops" : 0.000000,
        "runtime" : 0,
        "total_ios" : 0,
        "short_ios" : 0,
        "drop_ios" : 0,
        "slat_ns" : {
          "min" : 0,
          "max" : 0,
          "mean" : 0.000000,
          "stddev" : 0.000000,
          "N" : 0
        },
        "clat_ns" : {
          "min" : 0,
          "max" : 0,
          "mean" : 0.000000,
          "stddev" : 0.000000,
          "N" : 0
        },
        "lat_ns" : {
          "min" : 0,
          "max" : 0,
          "mean" : 0.000000,
          "stddev" : 0.000000,
          "N" : 0
        },
        "bw_min" : 0,
        "bw_max" : 0,
        "bw_agg" : 0.000000,
        "bw_mean" : 0.000000,
        "bw_dev" : 0.000000,
        "bw_samples" : 0,
        "iops_min" : 0,
        "iops_max" : 0,
        "iops_mean" : 0.000000,
        "iops_stddev" : 0.000000,
        "iops_samples" : 0
      },
      "trim" : {
        "io_bytes" : 0,
        "io_kbytes" : 0,
        "bw_bytes" : 0,
        "bw" : 0,
        "iops" : 0.000000,
        "runtime" : 0,
        "total_ios" : 0,
        "short_ios" : 0,
        "drop_ios" : 0,
        "slat_ns" : {
          "min" : 0,
          "max" : 0,
          "mean" : 0.000000,
          "stddev" : 0.000000,
          "N" : 0
        },
        "clat_ns" : {
          "min" : 0,
          "max" : 0,
          "mean" : 0.000000,
          "stddev" : 0.000000,
          "N" : 0
        },
        "lat_ns" : {
          "min" : 0,
          "max" : 0,
          "mean" : 0.000000,
          "stddev" : 0.000000,
          "N" : 0
        },
        "bw_min" : 0,
        "bw_max" : 0,
        "bw_agg" : 0.000000,
        "bw_mean" : 0.000000,
        "bw_dev" : 0.000000,
        "bw_samples" : 0,
        "iops_min" : 0,
        "iops_max" : 0,
        "iops_mean" : 0.000000,
        "iops_stddev" : 0.000000,
        "iops_samples" : 0
      },
      "sync" : {
        "total_ios" : 0,
        "lat_ns" : {
          "min" : 0,
          "max" : 0,
          "mean" : 0.000000,
          "stddev" : 0.000000,
          "N" : 0
        }
      },
      "job_runtime" : 22185,
      "usr_cpu" : 2.222222,
      "sys_cpu" : 95.131846,
      "ctx" : 15667,
      "majf" : 0,
      "minf" : 4104,
      "iodepth_level" : {
        "1" : 0.100000,
        "2" : 0.100000,
        "4" : 0.100000,
        "8" : 0.100000,
        "16" : 0.100000,
        "32" : 0.100000,
        ">=64" : 99.984619
      },
      "iodepth_submit" : {
        "0" : 0.000000,
        "4" : 100.000000,
        "8" : 0.000000,
        "16" : 0.000000,
        "32" : 0.000000,
        "64" : 0.000000,
        ">=64" : 0.000000
      },
      "iodepth_complete" : {
        "0" : 0.000000,
        "4" : 99.999756,
        "8" : 0.000000,
        "16" : 0.000000,
        "32" : 0.000000,
        "64" : 0.100000,
        ">=64" : 0.000000
      },
      "latency_ns" : {
        "2" : 0.000000,
        "4" : 0.000000,
        "10" : 0.000000,
        "20" : 0.000000,
        "50" : 0.000000,
        "100" : 0.000000,
        "250" : 0.000000,
        "500" : 0.000000,
        "750" : 0.000000,
        "1000" : 0.000000
      },
      "latency_us" : {
        "2" : 0.000000,
        "4" : 0.000000,
        "10" : 0.000000,
        "20" : 0.000000,
        "50" : 0.000000,
        "100" : 0.000000,
        "250" : 0.000000,
        "500" : 0.000000,
        "750" : 0.000000,
        "1000" : 0.010000
      },
      "latency_ms" : {
        "2" : 0.231934,
        "4" : 77.395508,
        "10" : 22.368408,
        "20" : 0.010000,
        "50" : 0.000000,
        "100" : 0.000000,
        "250" : 0.000000,
        "500" : 0.000000,
        "750" : 0.000000,
        "1000" : 0.000000,
        "2000" : 0.000000,
        ">=2000" : 0.000000
      },
      "latency_depth" : 64,
      "latency_target" : 0,
      "latency_percentile" : 100.000000,
      "latency_window" : 0
    }
  ],
  "disk_util" : [
    {
      "name" : "dm-1",
      "read_ios" : 416706,
      "write_ios" : 2458,
      "read_sectors" : 209566792,
      "write_sectors" : 30456,
      "read_merges" : 0,
      "write_merges" : 0,
      "read_ticks" : 381505,
      "write_ticks" : 351,
      "in_queue" : 381856,
      "util" : 99.626597,
      "aggr_read_ios" : 827245,
      "aggr_write_ios" : 2666,
      "aggr_read_sectors" : 210023840,
      "aggr_write_sectors" : 32136,
      "aggr_read_merges" : 0,
      "aggr_write_merge" : 0,
      "aggr_read_ticks" : 740556,
      "aggr_write_ticks" : 359,
      "aggr_in_queue" : 740915,
      "aggr_util" : 99.497780
    },
    {
      "name" : "dm-0",
      "read_ios" : 827245,
      "write_ios" : 2666,
      "read_sectors" : 210023840,
      "write_sectors" : 32136,
      "read_merges" : 0,
      "write_merges" : 0,
      "read_ticks" : 740556,
      "write_ticks" : 359,
      "in_queue" : 740915,
      "util" : 99.497780,
      "aggr_read_ios" : 823986,
      "aggr_write_ios" : 1613,
      "aggr_read_sectors" : 210023584,
      "aggr_write_sectors" : 32136,
      "aggr_read_merges" : 3258,
      "aggr_write_merge" : 1053,
      "aggr_read_ticks" : 643560,
      "aggr_write_ticks" : 247,
      "aggr_in_queue" : 643885,
      "aggr_util" : 70.234519
    },
    {
      "name" : "nvme0n1",
      "read_ios" : 823986,
      "write_ios" : 1613,
      "read_sectors" : 210023584,
      "write_sectors" : 32136,
      "read_merges" : 3258,
      "write_merges" : 1053,
      "read_ticks" : 643560,
      "write_ticks" : 247,
      "in_queue" : 643885,