{
  "fio version" : "fio-3.41",
  "timestamp" : 1783091626,
  "timestamp_ms" : 1783091626417,
  "time" : "Fri Jul  3 17:13:46 2026",
  "jobs" : [
    {
      "jobname" : "sweep",
      "groupid" : 0,
      "job_start" : 1783091616271,
      "error" : 0,
      "eta" : 0,
      "elapsed" : 11,
      "job options" : {
        "name" : "sweep",
        "filename" : "./fio-testfile",
        "rw" : "read",
        "ioengine" : "libaio",
        "iodepth" : "8",
        "bs" : "1M",
        "direct" : "1",
        "time_based" : "",
        "runtime" : "10s",
        "loops" : "1000",
        "group_reporting" : ""
      },
      "read" : {
        "io_bytes" : 52379516928,
        "io_kbytes" : 51151872,
        "bw_bytes" : 5237427950,
        "bw" : 5114675,
        "iops" : 4994.800520,
        "runtime" : 10001,
        "total_ios" : 49953,
        "short_ios" : 0,
        "drop_ios" : 0,
        "slat_ns" : {
          "min" : 73865,
          "max" : 1148772,
          "mean" : 189253.178748,
          "stddev" : 52155.692371,
          "N" : 49953
        },
        "clat_ns" : {
          "min" : 309044,
          "max" : 5312722,
          "mean" : 1411369.416792,
          "stddev" : 273779.954235,
          "N" : 49953,
          "percentile" : {
            "1.000000" : 905216,
            "5.000000" : 1019904,
            "10.000000" : 1073152,
            "20.000000" : 1138688,
            "30.000000" : 1204224,
            "40.000000" : 1302528,
            "50.000000" : 1417216,
            "60.000000" : 1531904,
            "70.000000" : 1597440,
            "80.000000" : 1662976,
            "90.000000" : 1728512,
            "95.000000" : 1794048,
            "99.000000" : 2113536,
            "99.500000" : 2211840,
            "99.900000" : 2506752,
            "99.950000" : 3194880,
            "99.990000" : 4177920
          }
        },
        "lat_ns" : {
          "min" : 549458,
          "max" : 6100265,
          "mean" : 1600622.595540,
          "stddev" : 318235.787561,
          "N" : 49953
        },
        "bw_min" : 4636672,
        "bw_max" : 5595136,
        "bw_agg" : 100.000000,
        "bw_mean" : 5115187.200000,
        "bw_dev" : 280675.726879,
        "bw_samples" : 20,
        "iops_min" : 4528,
        "iops_max" : 5464,
        "iops_mean" : 4995.300000,
        "iops_stddev" : 274.097390,
        "iops_samples" : 20
      },
      "write" : {
        "io_bytes" : 0,
        "io_kbytes" : 0,
        "bw_bytes" : 0,
        "bw" : 0,
        "iops" : 0.000000,
        "runtime" : 0,
        "total_ios" : 0,
        "short_ios" : 0,
        "drop_ios" : 0,
        "slat_ns" : {
          "min" : 0,
          "max" : 0,
          "mean" : 0.000000,
          "stddev" : 0.000000,
          "N" : 0
        },
        "clat_ns" : {
          "min" : 0,
          "max" : 0,
          "mean" : 0.000000,
          "stddev" : 0.000000,
          "N" : 0
        },
        "lat_ns" : {
          "min" : 0,
          "max" : 0,
          "mean" : 0.000000,
          "stddev" : 0.000000,
          "N" : 0
        },
        "bw_min" : 0,
        "bw_max" : 0,
        "bw_agg" : 0.000000,
        "bw_mean" : 0.000000,
        "bw_dev" : 0.000000,
        "bw_samples" : 0,
        "iops_min" : 0,
        "iops_max" : 0,
        "iops_mean" : 0.000000,
        "iops_stddev" : 0.000000,
        "iops_samples" : 0
      },
      "trim" : {
        "io_bytes" : 0,
        "io_kbytes" : 0,
        "bw_bytes" : 0,
        "bw" : 0,
        "iops" : 0.000000,
        "runtime" : 0,
        "total_ios" : 0,
        "short_ios" : 0,
        "drop_ios" : 0,
        "slat_ns" : {
          "min" : 0,
          "max" : 0,
          "mean" : 0.000000,
          "stddev" : 0.000000,
          "N" : 0
        },
        "clat_ns" : {
          "min" : 0,
          "max" : 0,
          "mean" : 0.000000,
          "stddev" : 0.000000,
          "N" : 0
        },
        "lat_ns" : {
          "min" : 0,
          "max" : 0,
          "mean" : 0.000000,
          "stddev" : 0.000000,
          "N" : 0
        },
        "bw_min" : 0,
        "bw_max" : 0,
        "bw_agg" : 0.000000,
        "bw_mean" : 0.000000,
        "bw_dev" : 0.000000,
        "bw_samples" : 0,
        "iops_min" : 0,
        "iops_max" : 0,
        "iops_mean" : 0.000000,
        "iops_stddev" : 0.000000,
        "iops_samples" : 0
      },
      "sync" : {
        "total_ios" : 0,
        "lat_ns" : {
          "min" : 0,
          "max" : 0,
          "mean" : 0.000000,
          "stddev" : 0.000000,
          "N" : 0
        }
      },
      "job_runtime" : 10000,
      "usr_cpu" : 0.670000,
      "sys_cpu" : 94.770000,
      "ctx" : 6766,
      "majf" : 0,
      "minf" : 2059,
      "iodepth_level" : {
        "1" : 0.100000,
        "2" : 0.100000,
        "4" : 0.100000,
        "8" : 99.985987,
        "16" : 0.000000,
        "32" : 0.000000,
        ">=64" : 0.000000
      },
      "iodepth_submit" : {
        "0" : 0.000000,
        "4" : 100.000000,
        "8" : 0.000000,
        "16" : 0.000000,
        "32" : 0.000000,
        "64" : 0.000000,
        ">=64" : 0.000000
      },
      "iodepth_complete" : {
        "0" : 0.000000,
        "4" : 99.997998,
        "8" : 0.100000,
        "16" : 0.000000,
        "32" : 0.000000,
        "64" : 0.000000,
        ">=64" : 0.000000
      },
      "latency_ns" : {
        "2" : 0.000000,
        "4" : 0.000000,
        "10" : 0.000000,
        "20" : 0.000000,
        "50" : 0.000000,
        "100" : 0.000000,
        "250" : 0.000000,
        "500" : 0.000000,
        "750" : 0.000000,
        "1000" : 0.000000
      },
      "latency_us" : {
        "2" : 0.000000,
        "4" : 0.000000,
        "10" : 0.000000,
        "20" : 0.000000,
        "50" : 0.000000,
        "100" : 0.000000,
        "250" : 0.000000,
        "500" : 0.010000,
        "750" : 0.024023,
        "1000" : 3.929694
      },
      "latency_ms" : {
        "2" : 94.592917,
        "4" : 1.439353,
        "10" : 0.012011,
        "20" : 0.000000,
        "50" : 0.000000,
        "100" : 0.000000,
        "250" : 0.000000,
        "500" : 0.000000,
        "750" : 0.000000,
        "1000" : 0.000000,
        "2000" : 0.000000,
        ">=2000" : 0.000000
      },
      "latency_depth" : 8,
      "latency_target" : 0,
      "latency_percentile" : 100.000000,
      "latency_window" : 0
    }
  ],
  "disk_util" : [
    {
      "name" : "dm-1",
      "read_ios" : 49492,
      "write_ios" : 1128,
      "read_sectors" : 101353496,
      "write_sectors" : 14768,
      "read_merges" : 0,
      "write_merges" : 0,
      "read_ticks" : 33820,
      "write_ticks" : 189,
      "in_queue" : 34009,
      "util" : 99.038847,
      "aggr_read_ios" : 399627,
      "aggr_write_ios" : 1196,
      "aggr_read_sectors" : 102303768,
      "aggr_write_sectors" : 14768,
      "aggr_read_merges" : 0,
      "aggr_write_merge" : 0,
      "aggr_read_ticks" : 212372,
      "aggr_write_ticks" : 186,
      "aggr_in_queue" : 212558,
      "aggr_util" : 98.541153
    },
    {
      "name" : "dm-0",
      "read_ios" : 399627,
      "write_ios" : 1196,
      "read_sectors" : 102303768,
      "write_sectors" : 14768,
      "read_merges" : 0,
      "write_merges" : 0,
      "read_ticks" : 212372,
      "write_ticks" : 186,
      "in_queue" : 212558,
      "util" : 98.541153,
      "aggr_read_ios" : 399627,
      "aggr_write_ios" : 759,
      "aggr_read_sectors" : 102303768,
      "aggr_write_sectors" : 14768,
      "aggr_read_merges" : 0,
      "aggr_write_merge" : 437,
      "aggr_read_ticks" : 192273,
      "aggr_write_ticks" : 119,
      "aggr_in_queue" : 192425,
      "aggr_util" : 66.505668
    },
    {
      "name" : "nvme0n1",
      "read_ios" : 399627,
      "write_ios" : 759,
      "read_sectors" : 102303768,
      "write_sectors" : 14768,
      "read_merges" : 0,
      "write_merges" : 437,
      "read_ticks" : 192273,
      "write_ticks" : 119,