{
  "fio version" : "fio-3.41",
  "timestamp" : 1783091553,
  "timestamp_ms" : 1783091553217,
  "time" : "Fri Jul  3 17:12:33 2026",
  "jobs" : [
    {
      "jobname" : "sweep",
      "groupid" : 0,
      "job_start" : 1783091543072,
      "error" : 0,
      "eta" : 0,
      "elapsed" : 11,
      "job options" : {
        "name" : "sweep",
        "filename" : "./fio-testfile",
        "rw" : "read",
        "ioengine" : "libaio",
        "iodepth" : "4",
        "bs" : "256k",
        "direct" : "1",
        "time_based" : "",
        "runtime" : "10s",
        "loops" : "1000",
        "group_reporting" : ""
      },
      "read" : {
        "io_bytes" : 40804024320,
        "io_kbytes" : 39847680,
        "bw_bytes" : 4079994432,
        "bw" : 3984369,
        "iops" : 15563.943606,
        "runtime" : 10001,
        "total_ios" : 155655,
        "short_ios" : 0,
        "drop_ios" : 0,
        "slat_ns" : {
          "min" : 18614,
          "max" : 1061864,
          "mean" : 51405.900806,
          "stddev" : 12669.642395,
          "N" : 155655
        },
        "clat_ns" : {
          "min" : 84385,
          "max" : 7059039,
          "mean" : 205017.152221,
          "stddev" : 66916.164046,
          "N" : 155655,
          "percentile" : {
            "1.000000" : 150528,
            "5.000000" : 158720,
            "10.000000" : 162816,
            "20.000000" : 168960,
            "30.000000" : 175104,
            "40.000000" : 179200,
            "50.000000" : 185344,
            "60.000000" : 193536,
            "70.000000" : 203776,
            "80.000000" : 226304,
            "90.000000" : 268288,
            "95.000000" : 313344,
            "99.000000" : 432128,
            "99.500000" : 497664,
            "99.900000" : 765952,
            "99.950000" : 937984,
            "99.990000" : 1548288
          }
        },
        "lat_ns" : {
          "min" : 136199,
          "max" : 7114018,
          "mean" : 256423.053028,
          "stddev" : 68089.203960,
          "N" : 155655
        },
        "bw_min" : 3475968,
        "bw_max" : 4295168,
        "bw_agg" : 100.000000,
        "bw_mean" : 3984768.000000,
        "bw_dev" : 269289.553597,
        "bw_samples" : 20,
        "iops_min" : 13578,
        "iops_max" : 16778,
        "iops_mean" : 15565.500000,
        "iops_stddev" : 1051.912319,
        "iops_samples" : 20
      },
      "write" : {
        "io_bytes" : 0,
        "io_kbytes" : 0,
        "bw_bytes" : 0,
        "bw" : 0,
        "iops" : 0.000000,
        "runtime" : 0,
        "total_ios" : 0,
        "short_ios" : 0,
        "drop_ios" : 0,
        "slat_ns" : {
          "min" : 0,
          "max" : 0,
          "mean" : 0.000000,
          "stddev" : 0.000000,
          "N" : 0
        },
        "clat_ns" : {
          "min" : 0,
          "max" : 0,
          "mean" : 0.000000,
          "stddev" : 0.000000,
          "N" : 0
        },
        "lat_ns" : {
          "min" : 0,
          "max" : 0,
          "mean" : 0.000000,
          "stddev" : 0.000000,
          "N" : 0
        },
        "bw_min" : 0,
        "bw_max" : 0,
        "bw_agg" : 0.000000,
        "bw_mean" : 0.000000,
        "bw_dev" : 0.000000,
        "bw_samples" : 0,
        "iops_min" : 0,
        "iops_max" : 0,
        "iops_mean" : 0.000000,
        "iops_stddev" : 0.000000,
        "iops_samples" : 0
      },
      "trim" : {
        "io_bytes" : 0,
        "io_kbytes" : 0,
        "bw_bytes" : 0,
        "bw" : 0,
        "iops" : 0.000000,
        "runtime" : 0,
        "total_ios" : 0,
        "short_ios" : 0,
        "drop_ios" : 0,
        "slat_ns" : {
          "min" : 0,
          "max" : 0,
          "mean" : 0.000000,
          "stddev" : 0.000000,
          "N" : 0
        },
        "clat_ns" : {
          "min" : 0,
          "max" : 0,
          "mean" : 0.000000,
          "stddev" : 0.000000,
          "N" : 0
        },
        "lat_ns" : {
          "min" : 0,
          "max" : 0,
          "mean" : 0.000000,
          "stddev" : 0.000000,
          "N" : 0
        },
        "bw_min" : 0,
        "bw_max" : 0,
        "bw_agg" : 0.000000,
        "bw_mean" : 0.000000,
        "bw_dev" : 0.000000,
        "bw_samples" : 0,
        "iops_min" : 0,
        "iops_max" : 0,
        "iops_mean" : 0.000000,
        "iops_stddev" : 0.000000,
        "iops_samples" : 0
      },
      "sync" : {
        "total_ios" : 0,
        "lat_ns" : {
          "min" : 0,
          "max" : 0,
          "mean" : 0.000000,
          "stddev" : 0.000000,
          "N" : 0
        }
      },
      "job_runtime" : 10000,
      "usr_cpu" : 2.240000,
      "sys_cpu" : 82.600000,
      "ctx" : 51172,
      "majf" : 0,
      "minf" : 269,
      "iodepth_level" : {
        "1" : 0.100000,
        "2" : 0.100000,
        "4" : 99.998073,
        "8" : 0.000000,
        "16" : 0.000000,
        "32" : 0.000000,
        ">=64" : 0.000000
      },
      "iodepth_submit" : {
        "0" : 0.000000,
        "4" : 100.000000,
        "8" : 0.000000,
        "16" : 0.000000,
        "32" : 0.000000,
        "64" : 0.000000,
        ">=64" : 0.000000
      },
      "iodepth_complete" : {
        "0" : 0.000000,
        "4" : 100.000000,
        "8" : 0.000000,
        "16" : 0.000000,
        "32" : 0.000000,
        "64" : 0.000000,
        ">=64" : 0.000000
      },
      "latency_ns" : {
        "2" : 0.000000,
        "4" : 0.000000,
        "10" : 0.000000,
        "20" : 0.000000,
        "50" : 0.000000,
        "100" : 0.000000,
        "250" : 0.000000,
        "500" : 0.000000,
        "750" : 0.000000,
        "1000" : 0.000000
      },
      "latency_us" : {
        "2" : 0.000000,
        "4" : 0.000000,
        "10" : 0.000000,
        "20" : 0.000000,
        "50" : 0.000000,
        "100" : 0.010000,
        "250" : 85.627188,
        "500" : 13.889050,
        "750" : 0.377116,
        "1000" : 0.062317
      },
      "latency_ms" : {
        "2" : 0.032765,
        "4" : 0.010000,
        "10" : 0.010000,
        "20" : 0.000000,
        "50" : 0.000000,
        "100" : 0.000000,
        "250" : 0.000000,
        "500" : 0.000000,
        "750" : 0.000000,
        "1000" : 0.000000,
        "2000" : 0.000000,
        ">=2000" : 0.000000
      },
      "latency_depth" : 4,
      "latency_target" : 0,
      "latency_percentile" : 100.000000,
      "latency_window" : 0
    }
  ],
  "disk_util" : [
    {
      "name" : "dm-1",
      "read_ios" : 154147,
      "write_ios" : 803,
      "read_sectors" : 78922520,
      "write_sectors" : 8336,
      "read_merges" : 0,
      "write_merges" : 0,
      "read_ticks" : 34089,
      "write_ticks" : 105,
      "in_queue" : 34194,
      "util" : 99.008811,
      "aggr_read_ios" : 311312,
      "aggr_write_ios" : 861,
      "aggr_read_sectors" : 79695640,
      "aggr_write_sectors" : 8400,
      "aggr_read_merges" : 0,
      "aggr_write_merge" : 0,
      "aggr_read_ticks" : 62943,
      "aggr_write_ticks" : 105,
      "aggr_in_queue" : 63048,
      "aggr_util" : 98.540290
    },
    {
      "name" : "dm-0",
      "read_ios" : 311312,
      "write_ios" : 861,
      "read_sectors" : 79695640,
      "write_sectors" : 8400,
      "read_merges" : 0,
      "write_merges" : 0,
      "read_ticks" : 62943,
      "write_ticks" : 105,
      "in_queue" : 63048,
      "util" : 98.540290,
      "aggr_read_ios" : 311312,
      "aggr_write_ios" : 496,
      "aggr_read_sectors" : 79695640,
      "aggr_write_sectors" : 8400,
      "aggr_read_merges" : 0,
      "aggr_write_merge" : 365,
      "aggr_read_ticks" : 28470,
      "aggr_write_ticks" : 57,
      "aggr_in_queue" : 28545,
      "aggr_util" : 79.337213
    },
    {
      "name" : "nvme0n1",
      "read_ios" : 311312,
      "write_ios" : 496,
      "read_sectors" : 79695640,
      "write_sectors" : 8400,
      "read_merges" : 0,
      "write_merges" : 365,
      "read_ticks" : 28470,
      "write_ticks" : 57,
      "in_queue" : 28545,