{
  "fio version" : "fio-3.36",
  "timestamp" : 1783086396,
  "timestamp_ms" : 1783086396454,
  "time" : "Fri Jul  3 15:46:36 2026",
  "jobs" : [
    {
      "jobname" : "sweep",
      "groupid" : 0,
      "job_start" : 1783086386418,
      "error" : 0,
      "eta" : 0,
      "elapsed" : 11,
      "job options" : {
        "name" : "sweep",
        "filename" : "./fio-testfile",
        "rw" : "read",
        "ioengine" : "libaio",
        "iodepth" : "1",
        "bs" : "64k",
        "direct" : "1",
        "runtime" : "10s",
        "loops" : "1000"
      },
      "read" : {
        "io_bytes" : 5748555776,
        "io_kbytes" : 5613824,
        "bw_bytes" : 574798097,
        "bw" : 561326,
        "iops" : 8770.722928,
        "runtime" : 10001,
        "total_ios" : 87716,
        "short_ios" : 0,
        "drop_ios" : 0,
        "slat_ns" : {
          "min" : 5520,
          "max" : 238917,
          "mean" : 9494.116991,
          "stddev" : 3936.765703,
          "N" : 87716
        },
        "clat_ns" : {
          "min" : 1090,
          "max" : 2507667,
          "mean" : 104164.102798,
          "stddev" : 105032.201059,
          "N" : 87716,
          "percentile" : {
            "1.000000" : 46848,
            "5.000000" : 47872,
            "10.000000" : 49408,
            "20.000000" : 52992,
            "30.000000" : 55552,
            "40.000000" : 59648,
            "50.000000" : 70144,
            "60.000000" : 95744,
            "70.000000" : 120320,
            "80.000000" : 146432,
            "90.000000" : 179200,
            "95.000000" : 211968,
            "99.000000" : 346112,
            "99.500000" : 460800,
            "99.900000" : 1499136,
            "99.950000" : 1875968,
            "99.990000" : 2007040
          }
        },
        "lat_ns" : {
          "min" : 49189,
          "max" : 2518747,
          "mean" : 113658.219789,
          "stddev" : 105284.283519,
          "N" : 87716
        },
        "bw_min" : 473344,
        "bw_max" : 603136,
        "bw_agg" : 99.826079,
        "bw_mean" : 560350.315789,
        "bw_dev" : 38852.418528,
        "bw_samples" : 19,
        "iops_min" : 7396,
        "iops_max" : 9424,
        "iops_mean" : 8755.473684,
        "iops_stddev" : 607.069039,
        "iops_samples" : 19
      },
      "write" : {
        "io_bytes" : 0,
        "io_kbytes" : 0,
        "bw_bytes" : 0,
        "bw" : 0,
        "iops" : 0.000000,
        "runtime" : 0,
        "total_ios" : 0,
        "short_ios" : 0,
        "drop_ios" : 0,
        "slat_ns" : {
          "min" : 0,
          "max" : 0,
          "mean" : 0.000000,
          "stddev" : 0.000000,
          "N" : 0
        },
        "clat_ns" : {
          "min" : 0,
          "max" : 0,
          "mean" : 0.000000,
          "stddev" : 0.000000,
          "N" : 0
        },
        "lat_ns" : {
          "min" : 0,
          "max" : 0,
          "mean" : 0.000000,
          "stddev" : 0.000000,
          "N" : 0
        },
        "bw_min" : 0,
        "bw_max" : 0,
        "bw_agg" : 0.000000,
        "bw_mean" : 0.000000,
        "bw_dev" : 0.000000,
        "bw_samples" : 0,
        "iops_min" : 0,
        "iops_max" : 0,
        "iops_mean" : 0.000000,
        "iops_stddev" : 0.000000,
        "iops_samples" : 0
      },
      "trim" : {
        "io_bytes" : 0,
        "io_kbytes" : 0,
        "bw_bytes" : 0,
        "bw" : 0,
        "iops" : 0.000000,
        "runtime" : 0,
        "total_ios" : 0,
        "short_ios" : 0,
        "drop_ios" : 0,
        "slat_ns" : {
          "min" : 0,
          "max" : 0,
          "mean" : 0.000000,
          "stddev" : 0.000000,
          "N" : 0
        },
        "clat_ns" : {
          "min" : 0,
          "max" : 0,
          "mean" : 0.000000,
          "stddev" : 0.000000,
          "N" : 0
        },
        "lat_ns" : {
          "min" : 0,
          "max" : 0,
          "mean" : 0.000000,
          "stddev" : 0.000000,
          "N" : 0
        },
        "bw_min" : 0,
        "bw_max" : 0,
        "bw_agg" : 0.000000,
        "bw_mean" : 0.000000,
        "bw_dev" : 0.000000,
        "bw_samples" : 0,
        "iops_min" : 0,
        "iops_max" : 0,
        "iops_mean" : 0.000000,
        "iops_stddev" : 0.000000,
        "iops_samples" : 0
      },
      "sync" : {
        "total_ios" : 0,
        "lat_ns" : {
          "min" : 0,
          "max" : 0,
          "mean" : 0.000000,
          "stddev" : 0.000000,
          "N" : 0
        }
      },
      "job_runtime" : 10000,
      "usr_cpu" : 1.330000,
      "sys_cpu" : 10.380000,
      "ctx" : 88318,
      "majf" : 0,
      "minf" : 31,
      "iodepth_level" : {
        "1" : 100.000000,
        "2" : 0.000000,
        "4" : 0.000000,
        "8" : 0.000000,
        "16" : 0.000000,
        "32" : 0.000000,
        ">=64" : 0.000000
      },
      "iodepth_submit" : {
        "0" : 0.000000,
        "4" : 100.000000,
        "8" : 0.000000,
        "16" : 0.000000,
        "32" : 0.000000,
        "64" : 0.000000,
        ">=64" : 0.000000
      },
      "iodepth_complete" : {
        "0" : 0.000000,
        "4" : 100.000000,
        "8" : 0.000000,
        "16" : 0.000000,
        "32" : 0.000000,
        "64" : 0.000000,
        ">=64" : 0.000000
      },
      "latency_ns" : {
        "2" : 0.000000,
        "4" : 0.000000,
        "10" : 0.000000,
        "20" : 0.000000,
        "50" : 0.000000,
        "100" : 0.000000,
        "250" : 0.000000,
        "500" : 0.000000,
        "750" : 0.000000,
        "1000" : 0.000000
      },
      "latency_us" : {
        "2" : 0.010000,
        "4" : 0.000000,
        "10" : 0.000000,
        "20" : 0.010000,
        "50" : 11.000274,
        "100" : 50.726207,
        "250" : 35.275206,
        "500" : 2.513795,
        "750" : 0.101464,
        "1000" : 0.010260
      },
      "latency_ms" : {
        "2" : 0.354553,
        "4" : 0.011400,
        "10" : 0.000000,
        "20" : 0.000000,
        "50" : 0.000000,
        "100" : 0.000000,
        "250" : 0.000000,
        "500" : 0.000000,
        "750" : 0.000000,
        "1000" : 0.000000,
        "2000" : 0.000000,
        ">=2000" : 0.000000
      },
      "latency_depth" : 1,
      "latency_target" : 0,
      "latency_percentile" : 100.000000,
      "latency_window" : 0
    }
  ],
  "disk_util" : [
    {
      "name" : "dm-1",
      "read_ios" : 97039,
      "write_ios" : 2924,
      "read_sectors" : 11102984,
      "write_sectors" : 208216,
      "read_merges" : 0,
      "write_merges" : 0,
      "read_ticks" : 9769,
      "write_ticks" : 2134,
      "in_queue" : 11903,
      "util" : 91.862676,
      "aggr_read_ios" : 98128,
      "aggr_write_ios" : 3519,
      "aggr_read_sectors" : 11228304,
      "aggr_write_sectors" : 208216,
      "aggr_read_merges" : 0,
      "aggr_write_merge" : 0,
      "aggr_read_ticks" : 9802,
      "aggr_write_ticks" : 2607,
      "aggr_in_queue" : 12409,
      "aggr_util" : 90.948574
    },
    {
      "name" : "dm-0",
      "read_ios" : 98128,
      "write_ios" : 3519,
      "read_sectors" : 11228304,
      "write_sectors" : 208216,
      "read_merges" : 0,
      "write_merges" : 0,
      "read_ticks" : 9802,
      "write_ticks" : 2607,
      "in_queue" : 12409,
      "util" : 90.948574,
      "aggr_read_ios" : 98126,
      "aggr_write_ios" : 2378,
      "aggr_read_sectors" : 11228304,
      "aggr_write_sectors" : 208216,
      "aggr_read_merges" : 2,
      "aggr_write_merge" : 1141,
      "aggr_read_ticks" : 7483,
      "aggr_write_ticks" : 1507,
      "aggr_in_queue" : 9229,
      "aggr_util" : 69.914125
    },
    {
      "name" : "nvme0n1",
      "read_ios" : 98126,
      "write_ios" : 2378,
      "read_sectors" : 11228304,
      "write_sectors" : 208216,
      "read_merges" : 2,
      "write_merges" : 1141,
      "read_ticks" : 7483,
      "write_ticks" : 1507,
      "in_queue" : 9229,
      "util" : 69.914125
    }
  ]
}
