{
  "fio version" : "fio-3.36",
  "timestamp" : 1783508964,
  "timestamp_ms" : 1783508964545,
  "time" : "Wed Jul  8 13:09:24 2026",
  "jobs" : [
    {
      "jobname" : "sweep",
      "groupid" : 0,
      "job_start" : 1783508949082,
      "error" : 0,
      "eta" : 0,
      "elapsed" : 16,
      "job options" : {
        "name" : "sweep",
        "filename" : "./fio-testfile",
        "rw" : "read",
        "ioengine" : "libaio",
        "iodepth" : "64",
        "bs" : "4k",
        "direct" : "1"
      },
      "read" : {
        "io_bytes" : 8589934592,
        "io_kbytes" : 8388608,
        "bw_bytes" : 557245189,
        "bw" : 544184,
        "iops" : 136046.188777,
        "runtime" : 15415,
        "total_ios" : 2097152,
        "short_ios" : 0,
        "drop_ios" : 0,
        "slat_ns" : {
          "min" : 2780,
          "max" : 3397288,
          "mean" : 4231.671238,
          "stddev" : 5229.234588,
          "N" : 2097152
        },
        "clat_ns" : {
          "min" : 56848,
          "max" : 10997669,
          "mean" : 465932.420343,
          "stddev" : 404533.500921,
          "N" : 2097152,
          "percentile" : {
            "1.000000" : 104960,
            "5.000000" : 193536,
            "10.000000" : 257024,
            "20.000000" : 309248,
            "30.000000" : 346112,
            "40.000000" : 378880,
            "50.000000" : 407552,
            "60.000000" : 436224,
            "70.000000" : 473088,
            "80.000000" : 518144,
            "90.000000" : 593920,
            "95.000000" : 765952,
            "99.000000" : 2179072,
            "99.500000" : 2932736,
            "99.900000" : 5144576,
            "99.950000" : 6651904,
            "99.990000" : 9240576
          }
        },
        "lat_ns" : {
          "min" : 64787,
          "max" : 11002359,
          "mean" : 470164.091582,
          "stddev" : 404584.157888,
          "N" : 2097152
        },
        "bw_min" : 246512,
        "bw_max" : 634440,
        "bw_agg" : 99.829147,
        "bw_mean" : 543255.733333,
        "bw_dev" : 98717.758215,
        "bw_samples" : 30,
        "iops_min" : 61628,
        "iops_max" : 158610,
        "iops_mean" : 135813.933333,
        "iops_stddev" : 24679.439554,
        "iops_samples" : 30
      },
      "write" : {
        "io_bytes" : 0,
        "io_kbytes" : 0,
        "bw_bytes" : 0,
        "bw" : 0,
        "iops" : 0.000000,
        "runtime" : 0,
        "total_ios" : 0,
        "short_ios" : 0,
        "drop_ios" : 0,
        "slat_ns" : {
          "min" : 0,
          "max" : 0,
          "mean" : 0.000000,
          "stddev" : 0.000000,
          "N" : 0
        },
        "clat_ns" : {
          "min" : 0,
          "max" : 0,
          "mean" : 0.000000,
          "stddev" : 0.000000,
          "N" : 0
        },
        "lat_ns" : {
          "min" : 0,
          "max" : 0,
          "mean" : 0.000000,
          "stddev" : 0.000000,
          "N" : 0
        },
        "bw_min" : 0,
        "bw_max" : 0,
        "bw_agg" : 0.000000,
        "bw_mean" : 0.000000,
        "bw_dev" : 0.000000,
        "bw_samples" : 0,
        "iops_min" : 0,
        "iops_max" : 0,
        "iops_mean" : 0.000000,
        "iops_stddev" : 0.000000,
        "iops_samples" : 0
      },
      "trim" : {
        "io_bytes" : 0,
        "io_kbytes" : 0,
        "bw_bytes" : 0,
        "bw" : 0,
        "iops" : 0.000000,
        "runtime" : 0,
        "total_ios" : 0,
        "short_ios" : 0,
        "drop_ios" : 0,
        "slat_ns" : {
          "min" : 0,
          "max" : 0,
          "mean" : 0.000000,
          "stddev" : 0.000000,
          "N" : 0
        },
        "clat_ns" : {
          "min" : 0,
          "max" : 0,
          "mean" : 0.000000,
          "stddev" : 0.000000,
          "N" : 0
        },
        "lat_ns" : {
          "min" : 0,
          "max" : 0,
          "mean" : 0.000000,
          "stddev" : 0.000000,
          "N" : 0
        },
        "bw_min" : 0,
        "bw_max" : 0,
        "bw_agg" : 0.000000,
        "bw_mean" : 0.000000,
        "bw_dev" : 0.000000,
        "bw_samples" : 0,
        "iops_min" : 0,
        "iops_max" : 0,
        "iops_mean" : 0.000000,
        "iops_stddev" : 0.000000,
        "iops_samples" : 0
      },
      "sync" : {
        "total_ios" : 0,
        "lat_ns" : {
          "min" : 0,
          "max" : 0,
          "mean" : 0.000000,
          "stddev" : 0.000000,
          "N" : 0
        }
      },
      "job_runtime" : 15414,
      "usr_cpu" : 14.811211,
      "sys_cpu" : 58.829635,
      "ctx" : 166753,
      "majf" : 0,
      "minf" : 76,
      "iodepth_level" : {
        "1" : 0.100000,
        "2" : 0.100000,
        "4" : 0.100000,
        "8" : 0.100000,
        "16" : 0.100000,
        "32" : 0.100000,
        ">=64" : 99.996996
      },
      "iodepth_submit" : {
        "0" : 0.000000,
        "4" : 100.000000,
        "8" : 0.000000,
        "16" : 0.000000,
        "32" : 0.000000,
        "64" : 0.000000,
        ">=64" : 0.000000
      },
      "iodepth_complete" : {
        "0" : 0.000000,
        "4" : 99.999952,
        "8" : 0.000000,
        "16" : 0.000000,
        "32" : 0.000000,
        "64" : 0.100000,
        ">=64" : 0.000000
      },
      "latency_ns" : {
        "2" : 0.000000,
        "4" : 0.000000,
        "10" : 0.000000,
        "20" : 0.000000,
        "50" : 0.000000,
        "100" : 0.000000,
        "250" : 0.000000,
        "500" : 0.000000,
        "750" : 0.000000,
        "1000" : 0.000000
      },
      "latency_us" : {
        "2" : 0.000000,
        "4" : 0.000000,
        "10" : 0.000000,
        "20" : 0.000000,
        "50" : 0.000000,
        "100" : 0.914288,
        "250" : 8.168173,
        "500" : 66.942835,
        "750" : 18.773699,
        "1000" : 2.048540
      },
      "latency_ms" : {
        "2" : 1.878119,
        "4" : 1.013947,
        "10" : 0.257444,
        "20" : 0.010000,
        "50" : 0.000000,
        "100" : 0.000000,
        "250" : 0.000000,
        "500" : 0.000000,
        "750" : 0.000000,
        "1000" : 0.000000,
        "2000" : 0.000000,
        ">=2000" : 0.000000
      },
      "latency_depth" : 64,
      "latency_target" : 0,
      "latency_percentile" : 100.000000,
      "latency_window" : 0
    }
  ],
  "disk_util" : [
    {
      "name" : "dm-1",
      "read_ios" : 2110650,
      "write_ios" : 3744,
      "read_sectors" : 16995952,
      "write_sectors" : 214120,
      "read_merges" : 0,
      "write_merges" : 0,
      "read_ticks" : 910498,
      "write_ticks" : 19238,
      "in_queue" : 929736,
      "util" : 99.231663,
      "aggr_read_ios" : 2113623,
      "aggr_write_ios" : 4303,
      "aggr_read_sectors" : 17019736,
      "aggr_write_sectors" : 214128,
      "aggr_read_merges" : 0,
      "aggr_write_merge" : 0,
      "aggr_read_ticks" : 910431,
      "aggr_write_ticks" : 34876,
      "aggr_in_queue" : 945307,
      "aggr_util" : 98.926459
    },
    {
      "name" : "dm-0",
      "read_ios" : 2113623,
      "write_ios" : 4303,
      "read_sectors" : 17019736,
      "write_sectors" : 214128,
      "read_merges" : 0,
      "write_merges" : 0,
      "read_ticks" : 910431,
      "write_ticks" : 34876,
      "in_queue" : 945307,
      "util" : 98.926459,
      "aggr_read_ios" : 2102515,
      "aggr_write_ios" : 2901,
      "aggr_read_sectors" : 17019736,
      "aggr_write_sectors" : 214128,
      "aggr_read_merges" : 11108,
      "aggr_write_merge" : 1402,
      "aggr_read_ticks" : 890478,
      "aggr_write_ticks" : 25282,
      "aggr_in_queue" : 916288,
      "aggr_util" : 58.363332
    },
    {
      "name" : "nvme0n1",
      "read_ios" : 2102515,
      "write_ios" : 2901,
      "read_sectors" : 17019736,
      "write_sectors" : 214128,
      "read_merges" : 11108,
      "write_merges" : 1402,
      "read_ticks" : 890478,
      "write_ticks" : 25282,
      "in_queue" : 916288,
      "util" : 58.363332
    }
  ]
}
