{
  "fio version" : "fio-3.36",
  "timestamp" : 1783508917,
  "timestamp_ms" : 1783508917675,
  "time" : "Wed Jul  8 13:08:37 2026",
  "jobs" : [
    {
      "jobname" : "sweep",
      "groupid" : 0,
      "job_start" : 1783508884795,
      "error" : 0,
      "eta" : 0,
      "elapsed" : 33,
      "job options" : {
        "name" : "sweep",
        "filename" : "./fio-testfile",
        "rw" : "read",
        "ioengine" : "libaio",
        "iodepth" : "16",
        "bs" : "4k",
        "direct" : "1"
      },
      "read" : {
        "io_bytes" : 8589934592,
        "io_kbytes" : 8388608,
        "bw_bytes" : 261521481,
        "bw" : 255392,
        "iops" : 63848.018024,
        "runtime" : 32846,
        "total_ios" : 2097152,
        "short_ios" : 0,
        "drop_ios" : 0,
        "slat_ns" : {
          "min" : 2730,
          "max" : 2581849,
          "mean" : 3882.610742,
          "stddev" : 4037.459608,
          "N" : 2097152
        },
        "clat_ns" : {
          "min" : 15260,
          "max" : 14035952,
          "mean" : 246514.936286,
          "stddev" : 214535.307056,
          "N" : 2097152,
          "percentile" : {
            "1.000000" : 64768,
            "5.000000" : 75264,
            "10.000000" : 82432,
            "20.000000" : 109056,
            "30.000000" : 171008,
            "40.000000" : 216064,
            "50.000000" : 240640,
            "60.000000" : 264192,
            "70.000000" : 292864,
            "80.000000" : 313344,
            "90.000000" : 358400,
            "95.000000" : 403456,
            "99.000000" : 1044480,
            "99.500000" : 1581056,
            "99.900000" : 2801664,
            "99.950000" : 3751936,
            "99.990000" : 5472256
          }
        },
        "lat_ns" : {
          "min" : 19690,
          "max" : 14039652,
          "mean" : 250397.547028,
          "stddev" : 214493.266459,
          "N" : 2097152
        },
        "bw_min" : 183608,
        "bw_max" : 453256,
        "bw_agg" : 100.000000,
        "bw_mean" : 255719.876923,
        "bw_dev" : 74165.708107,
        "bw_samples" : 65,
        "iops_min" : 45902,
        "iops_max" : 113314,
        "iops_mean" : 63930.030769,
        "iops_stddev" : 18541.399662,
        "iops_samples" : 65
      },
      "write" : {
        "io_bytes" : 0,
        "io_kbytes" : 0,
        "bw_bytes" : 0,
        "bw" : 0,
        "iops" : 0.000000,
        "runtime" : 0,
        "total_ios" : 0,
        "short_ios" : 0,
        "drop_ios" : 0,
        "slat_ns" : {
          "min" : 0,
          "max" : 0,
          "mean" : 0.000000,
          "stddev" : 0.000000,
          "N" : 0
        },
        "clat_ns" : {
          "min" : 0,
          "max" : 0,
          "mean" : 0.000000,
          "stddev" : 0.000000,
          "N" : 0
        },
        "lat_ns" : {
          "min" : 0,
          "max" : 0,
          "mean" : 0.000000,
          "stddev" : 0.000000,
          "N" : 0
        },
        "bw_min" : 0,
        "bw_max" : 0,
        "bw_agg" : 0.000000,
        "bw_mean" : 0.000000,
        "bw_dev" : 0.000000,
        "bw_samples" : 0,
        "iops_min" : 0,
        "iops_max" : 0,
        "iops_mean" : 0.000000,
        "iops_stddev" : 0.000000,
        "iops_samples" : 0
      },
      "trim" : {
        "io_bytes" : 0,
        "io_kbytes" : 0,
        "bw_bytes" : 0,
        "bw" : 0,
        "iops" : 0.000000,
        "runtime" : 0,
        "total_ios" : 0,
        "short_ios" : 0,
        "drop_ios" : 0,
        "slat_ns" : {
          "min" : 0,
          "max" : 0,
          "mean" : 0.000000,
          "stddev" : 0.000000,
          "N" : 0
        },
        "clat_ns" : {
          "min" : 0,
          "max" : 0,
          "mean" : 0.000000,
          "stddev" : 0.000000,
          "N" : 0
        },
        "lat_ns" : {
          "min" : 0,
          "max" : 0,
          "mean" : 0.000000,
          "stddev" : 0.000000,
          "N" : 0
        },
        "bw_min" : 0,
        "bw_max" : 0,
        "bw_agg" : 0.000000,
        "bw_mean" : 0.000000,
        "bw_dev" : 0.000000,
        "bw_samples" : 0,
        "iops_min" : 0,
        "iops_max" : 0,
        "iops_mean" : 0.000000,
        "iops_stddev" : 0.000000,
        "iops_samples" : 0
      },
      "sync" : {
        "total_ios" : 0,
        "lat_ns" : {
          "min" : 0,
          "max" : 0,
          "mean" : 0.000000,
          "stddev" : 0.000000,
          "N" : 0
        }
      },
      "job_runtime" : 32845,
      "usr_cpu" : 6.978231,
      "sys_cpu" : 28.637540,
      "ctx" : 683302,
      "majf" : 0,
      "minf" : 29,
      "iodepth_level" : {
        "1" : 0.100000,
        "2" : 0.100000,
        "4" : 0.100000,
        "8" : 0.100000,
        "16" : 99.999285,
        "32" : 0.000000,
        ">=64" : 0.000000
      },
      "iodepth_submit" : {
        "0" : 0.000000,
        "4" : 100.000000,
        "8" : 0.000000,
        "16" : 0.000000,
        "32" : 0.000000,
        "64" : 0.000000,
        ">=64" : 0.000000
      },
      "iodepth_complete" : {
        "0" : 0.000000,
        "4" : 99.999952,
        "8" : 0.000000,
        "16" : 0.100000,
        "32" : 0.000000,
        "64" : 0.000000,
        ">=64" : 0.000000
      },
      "latency_ns" : {
        "2" : 0.000000,
        "4" : 0.000000,
        "10" : 0.000000,
        "20" : 0.000000,
        "50" : 0.000000,
        "100" : 0.000000,
        "250" : 0.000000,
        "500" : 0.000000,
        "750" : 0.000000,
        "1000" : 0.000000
      },
      "latency_us" : {
        "2" : 0.000000,
        "4" : 0.000000,
        "10" : 0.000000,
        "20" : 0.010000,
        "50" : 0.023794,
        "100" : 16.956615,
        "250" : 36.851120,
        "500" : 44.281483,
        "750" : 0.770998,
        "1000" : 0.105095
      },
      "latency_ms" : {
        "2" : 0.795126,
        "4" : 0.174856,
        "10" : 0.038815,
        "20" : 0.010000,
        "50" : 0.000000,
        "100" : 0.000000,
        "250" : 0.000000,
        "500" : 0.000000,
        "750" : 0.000000,
        "1000" : 0.000000,
        "2000" : 0.000000,
        ">=2000" : 0.000000
      },
      "latency_depth" : 16,
      "latency_target" : 0,
      "latency_percentile" : 100.000000,
      "latency_window" : 0
    }
  ],
  "disk_util" : [
    {
      "name" : "dm-1",
      "read_ios" : 2110389,
      "write_ios" : 10199,
      "read_sectors" : 17134848,
      "write_sectors" : 723456,
      "read_merges" : 0,
      "write_merges" : 0,
      "read_ticks" : 492538,
      "write_ticks" : 17477,
      "in_queue" : 510015,
      "util" : 99.550884,
      "aggr_read_ios" : 2123249,
      "aggr_write_ios" : 12144,
      "aggr_read_sectors" : 17237728,
      "aggr_write_sectors" : 723456,
      "aggr_read_merges" : 0,
      "aggr_write_merge" : 0,
      "aggr_read_ticks" : 494608,
      "aggr_write_ticks" : 22610,
      "aggr_in_queue" : 517218,
      "aggr_util" : 99.523766
    },
    {
      "name" : "dm-0",
      "read_ios" : 2123249,
      "write_ios" : 12144,
      "read_sectors" : 17237728,
      "write_sectors" : 723456,
      "read_merges" : 0,
      "write_merges" : 0,
      "read_ticks" : 494608,
      "write_ticks" : 22610,
      "in_queue" : 517218,
      "util" : 99.523766,
      "aggr_read_ios" : 2108935,
      "aggr_write_ios" : 8470,
      "aggr_read_sectors" : 17237728,
      "aggr_write_sectors" : 723456,
      "aggr_read_merges" : 14314,
      "aggr_write_merge" : 3674,
      "aggr_read_ticks" : 474312,
      "aggr_write_ticks" : 17559,
      "aggr_in_queue" : 492875,
      "aggr_util" : 68.389602
    },
    {
      "name" : "nvme0n1",
      "read_ios" : 2108935,
      "write_ios" : 8470,
      "read_sectors" : 17237728,
      "write_sectors" : 723456,
      "read_merges" : 14314,
      "write_merges" : 3674,
      "read_ticks" : 474312,
      "write_ticks" : 17559,
      "in_queue" : 492875,
      "util" : 68.389602
    }
  ]
}
