{
  "fio version" : "fio-3.41",
  "timestamp" : 1783091574,
  "timestamp_ms" : 1783091574117,
  "time" : "Fri Jul  3 17:12:54 2026",
  "jobs" : [
    {
      "jobname" : "sweep",
      "groupid" : 0,
      "job_start" : 1783091563971,
      "error" : 0,
      "eta" : 0,
      "elapsed" : 11,
      "job options" : {
        "name" : "sweep",
        "filename" : "./fio-testfile",
        "rw" : "read",
        "ioengine" : "libaio",
        "iodepth" : "16",
        "bs" : "256k",
        "direct" : "1",
        "time_based" : "",
        "runtime" : "10s",
        "loops" : "1000",
        "group_reporting" : ""
      },
      "read" : {
        "io_bytes" : 49855070208,
        "io_kbytes" : 48686592,
        "bw_bytes" : 4985008519,
        "bw" : 4868172,
        "iops" : 19016.298370,
        "runtime" : 10001,
        "total_ios" : 190182,
        "short_ios" : 0,
        "drop_ios" : 0,
        "slat_ns" : {
          "min" : 23585,
          "max" : 1017726,
          "mean" : 49695.794760,
          "stddev" : 15434.049953,
          "N" : 190182
        },
        "clat_ns" : {
          "min" : 241517,
          "max" : 2864187,
          "mean" : 791078.046035,
          "stddev" : 182065.281279,
          "N" : 190182,
          "percentile" : {
            "1.000000" : 489472,
            "5.000000" : 528384,
            "10.000000" : 561152,
            "20.000000" : 610304,
            "30.000000" : 659456,
            "40.000000" : 724992,
            "50.000000" : 798720,
            "60.000000" : 872448,
            "70.000000" : 921600,
            "80.000000" : 937984,
            "90.000000" : 987136,
            "95.000000" : 1019904,
            "99.000000" : 1220608,
            "99.500000" : 1269760,
            "99.900000" : 1908736,
            "99.950000" : 2277376,
            "99.990000" : 2637824
          }
        },
        "lat_ns" : {
          "min" : 285924,
          "max" : 3133026,
          "mean" : 840773.840795,
          "stddev" : 193392.398954,
          "N" : 190182
        },
        "bw_min" : 4420608,
        "bw_max" : 5878272,
        "bw_agg" : 100.000000,
        "bw_mean" : 4868659.200000,
        "bw_dev" : 328041.901204,
        "bw_samples" : 20,
        "iops_min" : 17268,
        "iops_max" : 22962,
        "iops_mean" : 19018.200000,
        "iops_stddev" : 1281.413677,
        "iops_samples" : 20
      },
      "write" : {
        "io_bytes" : 0,
        "io_kbytes" : 0,
        "bw_bytes" : 0,
        "bw" : 0,
        "iops" : 0.000000,
        "runtime" : 0,
        "total_ios" : 0,
        "short_ios" : 0,
        "drop_ios" : 0,
        "slat_ns" : {
          "min" : 0,
          "max" : 0,
          "mean" : 0.000000,
          "stddev" : 0.000000,
          "N" : 0
        },
        "clat_ns" : {
          "min" : 0,
          "max" : 0,
          "mean" : 0.000000,
          "stddev" : 0.000000,
          "N" : 0
        },
        "lat_ns" : {
          "min" : 0,
          "max" : 0,
          "mean" : 0.000000,
          "stddev" : 0.000000,
          "N" : 0
        },
        "bw_min" : 0,
        "bw_max" : 0,
        "bw_agg" : 0.000000,
        "bw_mean" : 0.000000,
        "bw_dev" : 0.000000,
        "bw_samples" : 0,
        "iops_min" : 0,
        "iops_max" : 0,
        "iops_mean" : 0.000000,
        "iops_stddev" : 0.000000,
        "iops_samples" : 0
      },
      "trim" : {
        "io_bytes" : 0,
        "io_kbytes" : 0,
        "bw_bytes" : 0,
        "bw" : 0,
        "iops" : 0.000000,
        "runtime" : 0,
        "total_ios" : 0,
        "short_ios" : 0,
        "drop_ios" : 0,
        "slat_ns" : {
          "min" : 0,
          "max" : 0,
          "mean" : 0.000000,
          "stddev" : 0.000000,
          "N" : 0
        },
        "clat_ns" : {
          "min" : 0,
          "max" : 0,
          "mean" : 0.000000,
          "stddev" : 0.000000,
          "N" : 0
        },
        "lat_ns" : {
          "min" : 0,
          "max" : 0,
          "mean" : 0.000000,
          "stddev" : 0.000000,
          "N" : 0
        },
        "bw_min" : 0,
        "bw_max" : 0,
        "bw_agg" : 0.000000,
        "bw_mean" : 0.000000,
        "bw_dev" : 0.000000,
        "bw_samples" : 0,
        "iops_min" : 0,
        "iops_max" : 0,
        "iops_mean" : 0.000000,
        "iops_stddev" : 0.000000,
        "iops_samples" : 0
      },
      "sync" : {
        "total_ios" : 0,
        "lat_ns" : {
          "min" : 0,
          "max" : 0,
          "mean" : 0.000000,
          "stddev" : 0.000000,
          "N" : 0
        }
      },
      "job_runtime" : 10000,
      "usr_cpu" : 1.790000,
      "sys_cpu" : 95.390000,
      "ctx" : 8994,
      "majf" : 0,
      "minf" : 1036,
      "iodepth_level" : {
        "1" : 0.100000,
        "2" : 0.100000,
        "4" : 0.100000,
        "8" : 0.100000,
        "16" : 99.992113,
        "32" : 0.000000,
        ">=64" : 0.000000
      },
      "iodepth_submit" : {
        "0" : 0.000000,
        "4" : 100.000000,
        "8" : 0.000000,
        "16" : 0.000000,
        "32" : 0.000000,
        "64" : 0.000000,
        ">=64" : 0.000000
      },
      "iodepth_complete" : {
        "0" : 0.000000,
        "4" : 99.999474,
        "8" : 0.000000,
        "16" : 0.100000,
        "32" : 0.000000,
        "64" : 0.000000,
        ">=64" : 0.000000
      },
      "latency_ns" : {
        "2" : 0.000000,
        "4" : 0.000000,
        "10" : 0.000000,
        "20" : 0.000000,
        "50" : 0.000000,
        "100" : 0.000000,
        "250" : 0.000000,
        "500" : 0.000000,
        "750" : 0.000000,
        "1000" : 0.000000
      },
      "latency_us" : {
        "2" : 0.000000,
        "4" : 0.000000,
        "10" : 0.000000,
        "20" : 0.000000,
        "50" : 0.000000,
        "100" : 0.000000,
        "250" : 0.010000,
        "500" : 1.850859,
        "750" : 41.357752,
        "1000" : 49.141875
      },
      "latency_ms" : {
        "2" : 7.572746,
        "4" : 0.076243,
        "10" : 0.000000,
        "20" : 0.000000,
        "50" : 0.000000,
        "100" : 0.000000,
        "250" : 0.000000,
        "500" : 0.000000,
        "750" : 0.000000,
        "1000" : 0.000000,
        "2000" : 0.000000,
        ">=2000" : 0.000000
      },
      "latency_depth" : 16,
      "latency_target" : 0,
      "latency_percentile" : 100.000000,
      "latency_window" : 0
    }
  ],
  "disk_util" : [
    {
      "name" : "dm-1",
      "read_ios" : 188419,
      "write_ios" : 1334,
      "read_sectors" : 96464984,
      "write_sectors" : 16768,
      "read_merges" : 0,
      "write_merges" : 0,
      "read_ticks" : 68995,
      "write_ticks" : 190,
      "in_queue" : 69185,
      "util" : 99.048954,
      "aggr_read_ios" : 380375,
      "aggr_write_ios" : 1401,
      "aggr_read_sectors" : 97373272,
      "aggr_write_sectors" : 16848,
      "aggr_read_merges" : 0,
      "aggr_write_merge" : 0,
      "aggr_read_ticks" : 130793,
      "aggr_write_ticks" : 186,
      "aggr_in_queue" : 130979,
      "aggr_util" : 98.590022
    },
    {
      "name" : "dm-0",
      "read_ios" : 380375,
      "write_ios" : 1401,
      "read_sectors" : 97373272,
      "write_sectors" : 16848,
      "read_merges" : 0,
      "write_merges" : 0,
      "read_ticks" : 130793,
      "write_ticks" : 186,
      "in_queue" : 130979,
      "util" : 98.590022,
      "aggr_read_ios" : 380375,
      "aggr_write_ios" : 908,
      "aggr_read_sectors" : 97373272,
      "aggr_write_sectors" : 16848,
      "aggr_read_merges" : 0,
      "aggr_write_merge" : 493,
      "aggr_read_ticks" : 93484,
      "aggr_write_ticks" : 145,
      "aggr_in_queue" : 93652,
      "aggr_util" : 74.531651
    },
    {
      "name" : "nvme0n1",
      "read_ios" : 380375,
      "write_ios" : 908,
      "read_sectors" : 97373272,
      "write_sectors" : 16848,
      "read_merges" : 0,
      "write_merges" : 493,
      "read_ticks" : 93484,
      "write_ticks" : 145,