{
  "fio version" : "fio-3.36",
  "timestamp" : 1783086406,
  "timestamp_ms" : 1783086406751,
  "time" : "Fri Jul  3 15:46:46 2026",
  "jobs" : [
    {
      "jobname" : "sweep",
      "groupid" : 0,
      "job_start" : 1783086396709,
      "error" : 0,
      "eta" : 0,
      "elapsed" : 11,
      "job options" : {
        "name" : "sweep",
        "filename" : "./fio-testfile",
        "rw" : "read",
        "ioengine" : "libaio",
        "iodepth" : "4",
        "bs" : "64k",
        "direct" : "1",
        "runtime" : "10s",
        "loops" : "1000"
      },
      "read" : {
        "io_bytes" : 9091284992,
        "io_kbytes" : 8878208,
        "bw_bytes" : 908946709,
        "bw" : 887643,
        "iops" : 13869.426115,
        "runtime" : 10002,
        "total_ios" : 138722,
        "short_ios" : 0,
        "drop_ios" : 0,
        "slat_ns" : {
          "min" : 5490,
          "max" : 2899182,
          "mean" : 8745.348625,
          "stddev" : 17565.180183,
          "N" : 138722
        },
        "clat_ns" : {
          "min" : 25170,
          "max" : 9001802,
          "mean" : 279298.872673,
          "stddev" : 175222.069292,
          "N" : 138722,
          "percentile" : {
            "1.000000" : 150528,
            "5.000000" : 168960,
            "10.000000" : 185344,
            "20.000000" : 209920,
            "30.000000" : 226304,
            "40.000000" : 242688,
            "50.000000" : 261120,
            "60.000000" : 280576,
            "70.000000" : 296960,
            "80.000000" : 317440,
            "90.000000" : 337920,
            "95.000000" : 358400,
            "99.000000" : 1400832,
            "99.500000" : 1564672,
            "99.900000" : 2007040,
            "99.950000" : 2146304,
            "99.990000" : 3424256
          }
        },
        "lat_ns" : {
          "min" : 113338,
          "max" : 9011762,
          "mean" : 288044.221299,
          "stddev" : 176253.841754,
          "N" : 138722
        },
        "bw_min" : 769280,
        "bw_max" : 957056,
        "bw_agg" : 99.686893,
        "bw_mean" : 884864.000000,
        "bw_dev" : 53550.151281,
        "bw_samples" : 19,
        "iops_min" : 12020,
        "iops_max" : 14954,
        "iops_mean" : 13826.000000,
        "iops_stddev" : 836.721114,
        "iops_samples" : 19
      },
      "write" : {
        "io_bytes" : 0,
        "io_kbytes" : 0,
        "bw_bytes" : 0,
        "bw" : 0,
        "iops" : 0.000000,
        "runtime" : 0,
        "total_ios" : 0,
        "short_ios" : 0,
        "drop_ios" : 0,
        "slat_ns" : {
          "min" : 0,
          "max" : 0,
          "mean" : 0.000000,
          "stddev" : 0.000000,
          "N" : 0
        },
        "clat_ns" : {
          "min" : 0,
          "max" : 0,
          "mean" : 0.000000,
          "stddev" : 0.000000,
          "N" : 0
        },
        "lat_ns" : {
          "min" : 0,
          "max" : 0,
          "mean" : 0.000000,
          "stddev" : 0.000000,
          "N" : 0
        },
        "bw_min" : 0,
        "bw_max" : 0,
        "bw_agg" : 0.000000,
        "bw_mean" : 0.000000,
        "bw_dev" : 0.000000,
        "bw_samples" : 0,
        "iops_min" : 0,
        "iops_max" : 0,
        "iops_mean" : 0.000000,
        "iops_stddev" : 0.000000,
        "iops_samples" : 0
      },
      "trim" : {
        "io_bytes" : 0,
        "io_kbytes" : 0,
        "bw_bytes" : 0,
        "bw" : 0,
        "iops" : 0.000000,
        "runtime" : 0,
        "total_ios" : 0,
        "short_ios" : 0,
        "drop_ios" : 0,
        "slat_ns" : {
          "min" : 0,
          "max" : 0,
          "mean" : 0.000000,
          "stddev" : 0.000000,
          "N" : 0
        },
        "clat_ns" : {
          "min" : 0,
          "max" : 0,
          "mean" : 0.000000,
          "stddev" : 0.000000,
          "N" : 0
        },
        "lat_ns" : {
          "min" : 0,
          "max" : 0,
          "mean" : 0.000000,
          "stddev" : 0.000000,
          "N" : 0
        },
        "bw_min" : 0,
        "bw_max" : 0,
        "bw_agg" : 0.000000,
        "bw_mean" : 0.000000,
        "bw_dev" : 0.000000,
        "bw_samples" : 0,
        "iops_min" : 0,
        "iops_max" : 0,
        "iops_mean" : 0.000000,
        "iops_stddev" : 0.000000,
        "iops_samples" : 0
      },
      "sync" : {
        "total_ios" : 0,
        "lat_ns" : {
          "min" : 0,
          "max" : 0,
          "mean" : 0.000000,
          "stddev" : 0.000000,
          "N" : 0
        }
      },
      "job_runtime" : 10001,
      "usr_cpu" : 1.919808,
      "sys_cpu" : 14.878512,
      "ctx" : 122389,
      "majf" : 0,
      "minf" : 78,
      "iodepth_level" : {
        "1" : 0.100000,
        "2" : 0.100000,
        "4" : 99.997837,
        "8" : 0.000000,
        "16" : 0.000000,
        "32" : 0.000000,
        ">=64" : 0.000000
      },
      "iodepth_submit" : {
        "0" : 0.000000,
        "4" : 100.000000,
        "8" : 0.000000,
        "16" : 0.000000,
        "32" : 0.000000,
        "64" : 0.000000,
        ">=64" : 0.000000
      },
      "iodepth_complete" : {
        "0" : 0.000000,
        "4" : 100.000000,
        "8" : 0.000000,
        "16" : 0.000000,
        "32" : 0.000000,
        "64" : 0.000000,
        ">=64" : 0.000000
      },
      "latency_ns" : {
        "2" : 0.000000,
        "4" : 0.000000,
        "10" : 0.000000,
        "20" : 0.000000,
        "50" : 0.000000,
        "100" : 0.000000,
        "250" : 0.000000,
        "500" : 0.000000,
        "750" : 0.000000,
        "1000" : 0.000000
      },
      "latency_us" : {
        "2" : 0.000000,
        "4" : 0.000000,
        "10" : 0.000000,
        "20" : 0.000000,
        "50" : 0.010000,
        "100" : 0.010000,
        "250" : 43.744323,
        "500" : 54.662563,
        "750" : 0.266000,
        "1000" : 0.064878
      },
      "latency_ms" : {
        "2" : 1.154828,
        "4" : 0.094433,
        "10" : 0.010000,
        "20" : 0.000000,
        "50" : 0.000000,
        "100" : 0.000000,
        "250" : 0.000000,
        "500" : 0.000000,
        "750" : 0.000000,
        "1000" : 0.000000,
        "2000" : 0.000000,
        ">=2000" : 0.000000
      },
      "latency_depth" : 4,
      "latency_target" : 0,
      "latency_percentile" : 100.000000,
      "latency_window" : 0
    }
  ],
  "disk_util" : [
    {
      "name" : "dm-1",
      "read_ios" : 153574,
      "write_ios" : 3622,
      "read_sectors" : 17548024,
      "write_sectors" : 304592,
      "read_merges" : 0,
      "write_merges" : 0,
      "read_ticks" : 41085,
      "write_ticks" : 11576,
      "in_queue" : 52661,
      "util" : 98.558847,
      "aggr_read_ios" : 155387,
      "aggr_write_ios" : 4360,
      "aggr_read_sectors" : 17757952,
      "aggr_write_sectors" : 304816,
      "aggr_read_merges" : 0,
      "aggr_write_merge" : 0,
      "aggr_read_ticks" : 41399,
      "aggr_write_ticks" : 15510,
      "aggr_in_queue" : 56909,
      "aggr_util" : 98.175182
    },
    {
      "name" : "dm-0",
      "read_ios" : 155387,
      "write_ios" : 4360,
      "read_sectors" : 17757952,
      "write_sectors" : 304816,
      "read_merges" : 0,
      "write_merges" : 0,
      "read_ticks" : 41399,
      "write_ticks" : 15510,
      "in_queue" : 56909,
      "util" : 98.175182,
      "aggr_read_ios" : 155373,
      "aggr_write_ios" : 3069,
      "aggr_read_sectors" : 17757952,
      "aggr_write_sectors" : 304816,
      "aggr_read_merges" : 14,
      "aggr_write_merge" : 1291,
      "aggr_read_ticks" : 37307,
      "aggr_write_ticks" : 15143,
      "aggr_in_queue" : 52747,
      "aggr_util" : 66.068258
    },
    {
      "name" : "nvme0n1",
      "read_ios" : 155373,
      "write_ios" : 3069,
      "read_sectors" : 17757952,
      "write_sectors" : 304816,
      "read_merges" : 14,
      "write_merges" : 1291,
      "read_ticks" : 37307,
      "write_ticks" : 15143,
      "in_queue" : 52747,
      "util" : 66.068258
    }
  ]
}
