{
  "fio version" : "fio-3.41",
  "timestamp" : 1783091647,
  "timestamp_ms" : 1783091647315,
  "time" : "Fri Jul  3 17:14:07 2026",
  "jobs" : [
    {
      "jobname" : "sweep",
      "groupid" : 0,
      "job_start" : 1783091637169,
      "error" : 0,
      "eta" : 0,
      "elapsed" : 11,
      "job options" : {
        "name" : "sweep",
        "filename" : "./fio-testfile",
        "rw" : "read",
        "ioengine" : "libaio",
        "iodepth" : "32",
        "bs" : "1M",
        "direct" : "1",
        "time_based" : "",
        "runtime" : "10s",
        "loops" : "1000",
        "group_reporting" : ""
      },
      "read" : {
        "io_bytes" : 55478059008,
        "io_kbytes" : 54177792,
        "bw_bytes" : 5547251175,
        "bw" : 5417237,
        "iops" : 5290.270973,
        "runtime" : 10001,
        "total_ios" : 52908,
        "short_ios" : 0,
        "drop_ios" : 0,
        "slat_ns" : {
          "min" : 63747,
          "max" : 993097,
          "mean" : 181219.907972,
          "stddev" : 49340.816399,
          "N" : 52908
        },
        "clat_ns" : {
          "min" : 381086,
          "max" : 19623620,
          "mean" : 5860386.685284,
          "stddev" : 1175193.291829,
          "N" : 52908,
          "percentile" : {
            "1.000000" : 3719168,
            "5.000000" : 3915776,
            "10.000000" : 4079616,
            "20.000000" : 4816896,
            "30.000000" : 5013504,
            "40.000000" : 5472256,
            "50.000000" : 6062080,
            "60.000000" : 6520832,
            "70.000000" : 6717440,
            "80.000000" : 6914048,
            "90.000000" : 7307264,
            "95.000000" : 7503872,
            "99.000000" : 7700480,
            "99.500000" : 7831552,
            "99.900000" : 8093696,
            "99.950000" : 8847360,
            "99.990000" : 17170432
          }
        },
        "lat_ns" : {
          "min" : 592000,
          "max" : 20480430,
          "mean" : 6041606.593256,
          "stddev" : 1215991.963025,
          "N" : 52908
        },
        "bw_min" : 5031936,
        "bw_max" : 5728256,
        "bw_agg" : 99.999456,
        "bw_mean" : 5417208.700000,
        "bw_dev" : 199714.919588,
        "bw_samples" : 20,
        "iops_min" : 4914,
        "iops_max" : 5594,
        "iops_mean" : 5290.200000,
        "iops_stddev" : 194.969255,
        "iops_samples" : 20
      },
      "write" : {
        "io_bytes" : 0,
        "io_kbytes" : 0,
        "bw_bytes" : 0,
        "bw" : 0,
        "iops" : 0.000000,
        "runtime" : 0,
        "total_ios" : 0,
        "short_ios" : 0,
        "drop_ios" : 0,
        "slat_ns" : {
          "min" : 0,
          "max" : 0,
          "mean" : 0.000000,
          "stddev" : 0.000000,
          "N" : 0
        },
        "clat_ns" : {
          "min" : 0,
          "max" : 0,
          "mean" : 0.000000,
          "stddev" : 0.000000,
          "N" : 0
        },
        "lat_ns" : {
          "min" : 0,
          "max" : 0,
          "mean" : 0.000000,
          "stddev" : 0.000000,
          "N" : 0
        },
        "bw_min" : 0,
        "bw_max" : 0,
        "bw_agg" : 0.000000,
        "bw_mean" : 0.000000,
        "bw_dev" : 0.000000,
        "bw_samples" : 0,
        "iops_min" : 0,
        "iops_max" : 0,
        "iops_mean" : 0.000000,
        "iops_stddev" : 0.000000,
        "iops_samples" : 0
      },
      "trim" : {
        "io_bytes" : 0,
        "io_kbytes" : 0,
        "bw_bytes" : 0,
        "bw" : 0,
        "iops" : 0.000000,
        "runtime" : 0,
        "total_ios" : 0,
        "short_ios" : 0,
        "drop_ios" : 0,
        "slat_ns" : {
          "min" : 0,
          "max" : 0,
          "mean" : 0.000000,
          "stddev" : 0.000000,
          "N" : 0
        },
        "clat_ns" : {
          "min" : 0,
          "max" : 0,
          "mean" : 0.000000,
          "stddev" : 0.000000,
          "N" : 0
        },
        "lat_ns" : {
          "min" : 0,
          "max" : 0,
          "mean" : 0.000000,
          "stddev" : 0.000000,
          "N" : 0
        },
        "bw_min" : 0,
        "bw_max" : 0,
        "bw_agg" : 0.000000,
        "bw_mean" : 0.000000,
        "bw_dev" : 0.000000,
        "bw_samples" : 0,
        "iops_min" : 0,
        "iops_max" : 0,
        "iops_mean" : 0.000000,
        "iops_stddev" : 0.000000,
        "iops_samples" : 0
      },
      "sync" : {
        "total_ios" : 0,
        "lat_ns" : {
          "min" : 0,
          "max" : 0,
          "mean" : 0.000000,
          "stddev" : 0.000000,
          "N" : 0
        }
      },
      "job_runtime" : 10000,
      "usr_cpu" : 0.800000,
      "sys_cpu" : 96.060000,
      "ctx" : 4914,
      "majf" : 0,
      "minf" : 8204,
      "iodepth_level" : {
        "1" : 0.100000,
        "2" : 0.100000,
        "4" : 0.100000,
        "8" : 0.100000,
        "16" : 0.100000,
        "32" : 99.941408,
        ">=64" : 0.000000
      },
      "iodepth_submit" : {
        "0" : 0.000000,
        "4" : 100.000000,
        "8" : 0.000000,
        "16" : 0.000000,
        "32" : 0.000000,
        "64" : 0.000000,
        ">=64" : 0.000000
      },
      "iodepth_complete" : {
        "0" : 0.000000,
        "4" : 99.998109,
        "8" : 0.000000,
        "16" : 0.000000,
        "32" : 0.100000,
        "64" : 0.000000,
        ">=64" : 0.000000
      },
      "latency_ns" : {
        "2" : 0.000000,
        "4" : 0.000000,
        "10" : 0.000000,
        "20" : 0.000000,
        "50" : 0.000000,
        "100" : 0.000000,
        "250" : 0.000000,
        "500" : 0.000000,
        "750" : 0.000000,
        "1000" : 0.000000
      },
      "latency_us" : {
        "2" : 0.000000,
        "4" : 0.000000,
        "10" : 0.000000,
        "20" : 0.000000,
        "50" : 0.000000,
        "100" : 0.000000,
        "250" : 0.000000,
        "500" : 0.010000,
        "750" : 0.010000,
        "1000" : 0.010000
      },
      "latency_ms" : {
        "2" : 0.010000,
        "4" : 8.594163,
        "10" : 91.347244,
        "20" : 0.043472,
        "50" : 0.000000,
        "100" : 0.000000,
        "250" : 0.000000,
        "500" : 0.000000,
        "750" : 0.000000,
        "1000" : 0.000000,
        "2000" : 0.000000,
        ">=2000" : 0.000000
      },
      "latency_depth" : 32,
      "latency_target" : 0,
      "latency_percentile" : 100.000000,
      "latency_window" : 0
    }
  ],
  "disk_util" : [
    {
      "name" : "dm-1",
      "read_ios" : 52379,
      "write_ios" : 1096,
      "read_sectors" : 107235472,
      "write_sectors" : 14848,
      "read_merges" : 0,
      "write_merges" : 0,
      "read_ticks" : 101424,
      "write_ticks" : 303,
      "in_queue" : 101727,
      "util" : 99.028835,
      "aggr_read_ios" : 423282,
      "aggr_write_ios" : 1190,
      "aggr_read_sectors" : 108355728,
      "aggr_write_sectors" : 15112,
      "aggr_read_merges" : 0,
      "aggr_write_merge" : 0,
      "aggr_read_ticks" : 759587,
      "aggr_write_ticks" : 513,
      "aggr_in_queue" : 760100,
      "aggr_util" : 98.667588
    },
    {
      "name" : "dm-0",
      "read_ios" : 423282,
      "write_ios" : 1190,
      "read_sectors" : 108355728,
      "write_sectors" : 15112,
      "read_merges" : 0,
      "write_merges" : 0,
      "read_ticks" : 759587,
      "write_ticks" : 513,
      "in_queue" : 760100,
      "util" : 98.667588,
      "aggr_read_ios" : 423282,
      "aggr_write_ios" : 780,
      "aggr_read_sectors" : 108355728,
      "aggr_write_sectors" : 15112,
      "aggr_read_merges" : 0,
      "aggr_write_merge" : 410,
      "aggr_read_ticks" : 733622,
      "aggr_write_ticks" : 450,
      "aggr_in_queue" : 734094,
      "aggr_util" : 66.729175
    },
    {
      "name" : "nvme0n1",
      "read_ios" : 423282,
      "write_ios" : 780,
      "read_sectors" : 108355728,
      "write_sectors" : 15112,
      "read_merges" : 0,
      "write_merges" : 410,
      "read_ticks" : 733622,
      "write_ticks" : 450,