{
  "fio version" : "fio-3.41",
  "timestamp" : 1783610681,
  "timestamp_ms" : 1783610681195,
  "time" : "Thu Jul  9 17:24:41 2026",
  "jobs" : [
    {
      "jobname" : "sweep",
      "groupid" : 0,
      "job_start" : 1783610660798,
      "error" : 0,
      "eta" : 0,
      "elapsed" : 21,
      "job options" : {
        "name" : "sweep",
        "filename" : "./fio-testfile",
        "rw" : "read",
        "ioengine" : "libaio",
        "iodepth" : "8",
        "bs" : "4M",
        "direct" : "1",
        "group_reporting" : ""
      },
      "read" : {
        "io_bytes" : 107374182400,
        "io_kbytes" : 104857600,
        "bw_bytes" : 5286243717,
        "bw" : 5162347,
        "iops" : 1260.338716,
        "runtime" : 20312,
        "total_ios" : 25600,
        "short_ios" : 0,
        "drop_ios" : 0,
        "slat_ns" : {
          "min" : 322972,
          "max" : 5645278,
          "mean" : 757298.919219,
          "stddev" : 201408.716159,
          "N" : 25600
        },
        "clat_ns" : {
          "min" : 2905276,
          "max" : 14364529,
          "mean" : 5586449.080586,
          "stddev" : 1069726.144512,
          "N" : 25600,
          "percentile" : {
            "1.000000" : 3489792,
            "5.000000" : 3653632,
            "10.000000" : 3915776,
            "20.000000" : 4685824,
            "30.000000" : 5013504,
            "40.000000" : 5210112,
            "50.000000" : 5668864,
            "60.000000" : 6062080,
            "70.000000" : 6324224,
            "80.000000" : 6586368,
            "90.000000" : 6848512,
            "95.000000" : 7045120,
            "99.000000" : 7438336,
            "99.500000" : 7700480,
            "99.900000" : 10158080,
            "99.950000" : 11075584,
            "99.990000" : 12648448
          }
        },
        "lat_ns" : {
          "min" : 3564187,
          "max" : 17226446,
          "mean" : 6343747.999805,
          "stddev" : 1224861.421676,
          "N" : 25600
        },
        "bw_min" : 4833280,
        "bw_max" : 5611520,
        "bw_agg" : 100.000000,
        "bw_mean" : 5166489.600000,
        "bw_dev" : 166645.244003,
        "bw_samples" : 40,
        "iops_min" : 1180,
        "iops_max" : 1370,
        "iops_mean" : 1261.350000,
        "iops_stddev" : 40.684874,
        "iops_samples" : 40
      },
      "write" : {
        "io_bytes" : 0,
        "io_kbytes" : 0,
        "bw_bytes" : 0,
        "bw" : 0,
        "iops" : 0.000000,
        "runtime" : 0,
        "total_ios" : 0,
        "short_ios" : 0,
        "drop_ios" : 0,
        "slat_ns" : {
          "min" : 0,
          "max" : 0,
          "mean" : 0.000000,
          "stddev" : 0.000000,
          "N" : 0
        },
        "clat_ns" : {
          "min" : 0,
          "max" : 0,
          "mean" : 0.000000,
          "stddev" : 0.000000,
          "N" : 0
        },
        "lat_ns" : {
          "min" : 0,
          "max" : 0,
          "mean" : 0.000000,
          "stddev" : 0.000000,
          "N" : 0
        },
        "bw_min" : 0,
        "bw_max" : 0,
        "bw_agg" : 0.000000,
        "bw_mean" : 0.000000,
        "bw_dev" : 0.000000,
        "bw_samples" : 0,
        "iops_min" : 0,
        "iops_max" : 0,
        "iops_mean" : 0.000000,
        "iops_stddev" : 0.000000,
        "iops_samples" : 0
      },
      "trim" : {
        "io_bytes" : 0,
        "io_kbytes" : 0,
        "bw_bytes" : 0,
        "bw" : 0,
        "iops" : 0.000000,
        "runtime" : 0,
        "total_ios" : 0,
        "short_ios" : 0,
        "drop_ios" : 0,
        "slat_ns" : {
          "min" : 0,
          "max" : 0,
          "mean" : 0.000000,
          "stddev" : 0.000000,
          "N" : 0
        },
        "clat_ns" : {
          "min" : 0,
          "max" : 0,
          "mean" : 0.000000,
          "stddev" : 0.000000,
          "N" : 0
        },
        "lat_ns" : {
          "min" : 0,
          "max" : 0,
          "mean" : 0.000000,
          "stddev" : 0.000000,
          "N" : 0
        },
        "bw_min" : 0,
        "bw_max" : 0,
        "bw_agg" : 0.000000,
        "bw_mean" : 0.000000,
        "bw_dev" : 0.000000,
        "bw_samples" : 0,
        "iops_min" : 0,
        "iops_max" : 0,
        "iops_mean" : 0.000000,
        "iops_stddev" : 0.000000,
        "iops_samples" : 0
      },
      "sync" : {
        "total_ios" : 0,
        "lat_ns" : {
          "min" : 0,
          "max" : 0,
          "mean" : 0.000000,
          "stddev" : 0.000000,
          "N" : 0
        }
      },
      "job_runtime" : 20311,
      "usr_cpu" : 0.196938,
      "sys_cpu" : 95.248880,
      "ctx" : 6787,
      "majf" : 0,
      "minf" : 8202,
      "iodepth_level" : {
        "1" : 0.100000,
        "2" : 0.100000,
        "4" : 0.100000,
        "8" : 99.972656,
        "16" : 0.000000,
        "32" : 0.000000,
        ">=64" : 0.000000
      },
      "iodepth_submit" : {
        "0" : 0.000000,
        "4" : 100.000000,
        "8" : 0.000000,
        "16" : 0.000000,
        "32" : 0.000000,
        "64" : 0.000000,
        ">=64" : 0.000000
      },
      "iodepth_complete" : {
        "0" : 0.000000,
        "4" : 99.996093,
        "8" : 0.100000,
        "16" : 0.000000,
        "32" : 0.000000,
        "64" : 0.000000,
        ">=64" : 0.000000
      },
      "latency_ns" : {
        "2" : 0.000000,
        "4" : 0.000000,
        "10" : 0.000000,
        "20" : 0.000000,
        "50" : 0.000000,
        "100" : 0.000000,
        "250" : 0.000000,
        "500" : 0.000000,
        "750" : 0.000000,
        "1000" : 0.000000
      },
      "latency_us" : {
        "2" : 0.000000,
        "4" : 0.000000,
        "10" : 0.000000,
        "20" : 0.000000,
        "50" : 0.000000,
        "100" : 0.000000,
        "250" : 0.000000,
        "500" : 0.000000,
        "750" : 0.000000,
        "1000" : 0.000000
      },
      "latency_ms" : {
        "2" : 0.000000,
        "4" : 10.941406,
        "10" : 88.945312,
        "20" : 0.113281,
        "50" : 0.000000,
        "100" : 0.000000,
        "250" : 0.000000,
        "500" : 0.000000,
        "750" : 0.000000,
        "1000" : 0.000000,
        "2000" : 0.000000,
        ">=2000" : 0.000000
      },
      "latency_depth" : 8,
      "latency_target" : 0,
      "latency_percentile" : 100.000000,
      "latency_window" : 0
    }
  ],
  "disk_util" : [
    {
      "name" : "dm-1",
      "read_ios" : 107990,
      "write_ios" : 1758,
      "read_sectors" : 208341792,
      "write_sectors" : 21024,
      "read_merges" : 0,
      "write_merges" : 0,
      "read_ticks" : 218552,
      "write_ticks" : 534,
      "in_queue" : 219086,
      "util" : 99.594681,
      "aggr_read_ios" : 825552,
      "aggr_write_ios" : 1891,
      "aggr_read_sectors" : 209902368,
      "aggr_write_sectors" : 21024,
      "aggr_read_merges" : 0,
      "aggr_write_merge" : 0,
      "aggr_read_ticks" : 1570873,
      "aggr_write_ticks" : 540,
      "aggr_in_queue" : 1571413,
      "aggr_util" : 99.422475
    },
    {
      "name" : "dm-0",
      "read_ios" : 825552,
      "write_ios" : 1891,
      "read_sectors" : 209902368,
      "write_sectors" : 21024,
      "read_merges" : 0,
      "write_merges" : 0,
      "read_ticks" : 1570873,
      "write_ticks" : 540,
      "in_queue" : 1571413,
      "util" : 99.422475,
      "aggr_read_ios" : 822232,
      "aggr_write_ios" : 1007,
      "aggr_read_sectors" : 209902368,
      "aggr_write_sectors" : 21024,
      "aggr_read_merges" : 3320,
      "aggr_write_merge" : 884,
      "aggr_read_ticks" : 1731361,
      "aggr_write_ticks" : 211,
      "aggr_in_queue" : 1731630,
      "aggr_util" : 60.713587
    },
    {
      "name" : "nvme0n1",
      "read_ios" : 822232,
      "write_ios" : 1007,
      "read_sectors" : 209902368,
      "write_sectors" : 21024,
      "read_merges" : 3320,
      "write_merges" : 884,
      "read_ticks" : 1731361,
      "write_ticks" : 211,
      "in_queue" : 1731630,