{
  "fio version" : "fio-3.36",
  "timestamp" : 1783509109,
  "timestamp_ms" : 1783509109100,
  "time" : "Wed Jul  8 13:11:49 2026",
  "jobs" : [
    {
      "jobname" : "sweep",
      "groupid" : 0,
      "job_start" : 1783509106802,
      "error" : 0,
      "eta" : 0,
      "elapsed" : 3,
      "job options" : {
        "name" : "sweep",
        "filename" : "./fio-testfile",
        "rw" : "read",
        "ioengine" : "libaio",
        "iodepth" : "4",
        "bs" : "4M",
        "direct" : "1"
      },
      "read" : {
        "io_bytes" : 8589934592,
        "io_kbytes" : 8388608,
        "bw_bytes" : 3794140720,
        "bw" : 3705215,
        "iops" : 904.593640,
        "runtime" : 2264,
        "total_ios" : 2048,
        "short_ios" : 0,
        "drop_ios" : 0,
        "slat_ns" : {
          "min" : 213392,
          "max" : 10698258,
          "mean" : 461792.221680,
          "stddev" : 846558.785506,
          "N" : 2048
        },
        "clat_ns" : {
          "min" : 680816,
          "max" : 13714220,
          "mean" : 3951640.575195,
          "stddev" : 1481489.347640,
          "N" : 2048,
          "percentile" : {
            "1.000000" : 798720,
            "5.000000" : 1236992,
            "10.000000" : 2056192,
            "20.000000" : 3260416,
            "30.000000" : 3489792,
            "40.000000" : 3653632,
            "50.000000" : 3784704,
            "60.000000" : 3981312,
            "70.000000" : 4292608,
            "80.000000" : 4882432,
            "90.000000" : 5668864,
            "95.000000" : 6520832,
            "99.000000" : 8585216,
            "99.500000" : 9764864,
            "99.900000" : 11993088,
            "99.950000" : 12910592,
            "99.990000" : 13697024
          }
        },
        "lat_ns" : {
          "min" : 1255405,
          "max" : 13951631,
          "mean" : 4413432.796875,
          "stddev" : 1375083.075056,
          "N" : 2048
        },
        "bw_min" : 3596288,
        "bw_max" : 3760128,
        "bw_agg" : 99.547461,
        "bw_mean" : 3688448.000000,
        "bw_dev" : 68006.758566,
        "bw_samples" : 4,
        "iops_min" : 878,
        "iops_max" : 918,
        "iops_mean" : 900.500000,
        "iops_stddev" : 16.603213,
        "iops_samples" : 4
      },
      "write" : {
        "io_bytes" : 0,
        "io_kbytes" : 0,
        "bw_bytes" : 0,
        "bw" : 0,
        "iops" : 0.000000,
        "runtime" : 0,
        "total_ios" : 0,
        "short_ios" : 0,
        "drop_ios" : 0,
        "slat_ns" : {
          "min" : 0,
          "max" : 0,
          "mean" : 0.000000,
          "stddev" : 0.000000,
          "N" : 0
        },
        "clat_ns" : {
          "min" : 0,
          "max" : 0,
          "mean" : 0.000000,
          "stddev" : 0.000000,
          "N" : 0
        },
        "lat_ns" : {
          "min" : 0,
          "max" : 0,
          "mean" : 0.000000,
          "stddev" : 0.000000,
          "N" : 0
        },
        "bw_min" : 0,
        "bw_max" : 0,
        "bw_agg" : 0.000000,
        "bw_mean" : 0.000000,
        "bw_dev" : 0.000000,
        "bw_samples" : 0,
        "iops_min" : 0,
        "iops_max" : 0,
        "iops_mean" : 0.000000,
        "iops_stddev" : 0.000000,
        "iops_samples" : 0
      },
      "trim" : {
        "io_bytes" : 0,
        "io_kbytes" : 0,
        "bw_bytes" : 0,
        "bw" : 0,
        "iops" : 0.000000,
        "runtime" : 0,
        "total_ios" : 0,
        "short_ios" : 0,
        "drop_ios" : 0,
        "slat_ns" : {
          "min" : 0,
          "max" : 0,
          "mean" : 0.000000,
          "stddev" : 0.000000,
          "N" : 0
        },
        "clat_ns" : {
          "min" : 0,
          "max" : 0,
          "mean" : 0.000000,
          "stddev" : 0.000000,
          "N" : 0
        },
        "lat_ns" : {
          "min" : 0,
          "max" : 0,
          "mean" : 0.000000,
          "stddev" : 0.000000,
          "N" : 0
        },
        "bw_min" : 0,
        "bw_max" : 0,
        "bw_agg" : 0.000000,
        "bw_mean" : 0.000000,
        "bw_dev" : 0.000000,
        "bw_samples" : 0,
        "iops_min" : 0,
        "iops_max" : 0,
        "iops_mean" : 0.000000,
        "iops_stddev" : 0.000000,
        "iops_samples" : 0
      },
      "sync" : {
        "total_ios" : 0,
        "lat_ns" : {
          "min" : 0,
          "max" : 0,
          "mean" : 0.000000,
          "stddev" : 0.000000,
          "N" : 0
        }
      },
      "job_runtime" : 2263,
      "usr_cpu" : 0.220946,
      "sys_cpu" : 25.320371,
      "ctx" : 1982,
      "majf" : 0,
      "minf" : 4108,
      "iodepth_level" : {
        "1" : 0.100000,
        "2" : 0.100000,
        "4" : 99.853516,
        "8" : 0.000000,
        "16" : 0.000000,
        "32" : 0.000000,
        ">=64" : 0.000000
      },
      "iodepth_submit" : {
        "0" : 0.000000,
        "4" : 100.000000,
        "8" : 0.000000,
        "16" : 0.000000,
        "32" : 0.000000,
        "64" : 0.000000,
        ">=64" : 0.000000
      },
      "iodepth_complete" : {
        "0" : 0.000000,
        "4" : 100.000000,
        "8" : 0.000000,
        "16" : 0.000000,
        "32" : 0.000000,
        "64" : 0.000000,
        ">=64" : 0.000000
      },
      "latency_ns" : {
        "2" : 0.000000,
        "4" : 0.000000,
        "10" : 0.000000,
        "20" : 0.000000,
        "50" : 0.000000,
        "100" : 0.000000,
        "250" : 0.000000,
        "500" : 0.000000,
        "750" : 0.000000,
        "1000" : 0.000000
      },
      "latency_us" : {
        "2" : 0.000000,
        "4" : 0.000000,
        "10" : 0.000000,
        "20" : 0.000000,
        "50" : 0.000000,
        "100" : 0.000000,
        "250" : 0.000000,
        "500" : 0.000000,
        "750" : 0.732422,
        "1000" : 2.246094
      },
      "latency_ms" : {
        "2" : 6.640625,
        "4" : 51.318359,
        "10" : 38.574219,
        "20" : 0.488281,
        "50" : 0.000000,
        "100" : 0.000000,
        "250" : 0.000000,
        "500" : 0.000000,
        "750" : 0.000000,
        "1000" : 0.000000,
        "2000" : 0.000000,
        ">=2000" : 0.000000
      },
      "latency_depth" : 4,
      "latency_target" : 0,
      "latency_percentile" : 100.000000,
      "latency_window" : 0
    }
  ],
  "disk_util" : [
    {
      "name" : "dm-1",
      "read_ios" : 23142,
      "write_ios" : 842,
      "read_sectors" : 15979984,
      "write_sectors" : 57792,
      "read_merges" : 0,
      "write_merges" : 0,
      "read_ticks" : 75646,
      "write_ticks" : 1776,
      "in_queue" : 77422,
      "util" : 97.238307,
      "aggr_read_ios" : 74840,
      "aggr_write_ios" : 1007,
      "aggr_read_sectors" : 16904952,
      "aggr_write_sectors" : 57896,
      "aggr_read_merges" : 0,
      "aggr_write_merge" : 0,
      "aggr_read_ticks" : 240664,
      "aggr_write_ticks" : 2838,
      "aggr_in_queue" : 243502,
      "aggr_util" : 97.329996
    },
    {
      "name" : "dm-0",
      "read_ios" : 74840,
      "write_ios" : 1007,
      "read_sectors" : 16904952,
      "write_sectors" : 57896,
      "read_merges" : 0,
      "write_merges" : 0,
      "read_ticks" : 240664,
      "write_ticks" : 2838,
      "in_queue" : 243502,
      "util" : 97.329996,
      "aggr_read_ios" : 72802,
      "aggr_write_ios" : 763,
      "aggr_read_sectors" : 16905200,
      "aggr_write_sectors" : 57896,
      "aggr_read_merges" : 2038,
      "aggr_write_merge" : 244,
      "aggr_read_ticks" : 237644,
      "aggr_write_ticks" : 2534,
      "aggr_in_queue" : 240376,
      "aggr_util" : 84.355444
    },
    {
      "name" : "nvme0n1",
      "read_ios" : 72802,
      "write_ios" : 763,
      "read_sectors" : 16905200,
      "write_sectors" : 57896,
      "read_merges" : 2038,
      "write_merges" : 244,
      "read_ticks" : 237644,
      "write_ticks" : 2534,
      "in_queue" : 240376,
      "util" : 84.355444
    }
  ]
}
