{
  "fio version" : "fio-3.41",
  "timestamp" : 1783091678,
  "timestamp_ms" : 1783091678664,
  "time" : "Fri Jul  3 17:14:38 2026",
  "jobs" : [
    {
      "jobname" : "sweep",
      "groupid" : 0,
      "job_start" : 1783091668519,
      "error" : 0,
      "eta" : 0,
      "elapsed" : 11,
      "job options" : {
        "name" : "sweep",
        "filename" : "./fio-testfile",
        "rw" : "read",
        "ioengine" : "libaio",
        "iodepth" : "4",
        "bs" : "4M",
        "direct" : "1",
        "time_based" : "",
        "runtime" : "10s",
        "loops" : "1000",
        "group_reporting" : ""
      },
      "read" : {
        "io_bytes" : 52986642432,
        "io_kbytes" : 51744768,
        "bw_bytes" : 5298134429,
        "bw" : 5173959,
        "iops" : 1263.173683,
        "runtime" : 10001,
        "total_ios" : 12633,
        "short_ios" : 0,
        "drop_ios" : 0,
        "slat_ns" : {
          "min" : 409375,
          "max" : 3184911,
          "mean" : 761489.851817,
          "stddev" : 196699.890242,
          "N" : 12633
        },
        "clat_ns" : {
          "min" : 306015,
          "max" : 8210824,
          "mean" : 2402788.386844,
          "stddev" : 470943.424787,
          "N" : 12633,
          "percentile" : {
            "1.000000" : 1515520,
            "5.000000" : 1646592,
            "10.000000" : 1810432,
            "20.000000" : 1974272,
            "30.000000" : 2072576,
            "40.000000" : 2179072,
            "50.000000" : 2408448,
            "60.000000" : 2605056,
            "70.000000" : 2703360,
            "80.000000" : 2867200,
            "90.000000" : 2998272,
            "95.000000" : 3063808,
            "99.000000" : 3325952,
            "99.500000" : 3620864,
            "99.900000" : 3784704,
            "99.950000" : 4145152,
            "99.990000" : 6324224
          }
        },
        "lat_ns" : {
          "min" : 1149135,
          "max" : 11395735,
          "mean" : 3164278.238661,
          "stddev" : 648051.077987,
          "N" : 12633
        },
        "bw_min" : 4743168,
        "bw_max" : 5529600,
        "bw_agg" : 100.000000,
        "bw_mean" : 5174476.800000,
        "bw_dev" : 214516.738406,
        "bw_samples" : 20,
        "iops_min" : 1158,
        "iops_max" : 1350,
        "iops_mean" : 1263.300000,
        "iops_stddev" : 52.372251,
        "iops_samples" : 20
      },
      "write" : {
        "io_bytes" : 0,
        "io_kbytes" : 0,
        "bw_bytes" : 0,
        "bw" : 0,
        "iops" : 0.000000,
        "runtime" : 0,
        "total_ios" : 0,
        "short_ios" : 0,
        "drop_ios" : 0,
        "slat_ns" : {
          "min" : 0,
          "max" : 0,
          "mean" : 0.000000,
          "stddev" : 0.000000,
          "N" : 0
        },
        "clat_ns" : {
          "min" : 0,
          "max" : 0,
          "mean" : 0.000000,
          "stddev" : 0.000000,
          "N" : 0
        },
        "lat_ns" : {
          "min" : 0,
          "max" : 0,
          "mean" : 0.000000,
          "stddev" : 0.000000,
          "N" : 0
        },
        "bw_min" : 0,
        "bw_max" : 0,
        "bw_agg" : 0.000000,
        "bw_mean" : 0.000000,
        "bw_dev" : 0.000000,
        "bw_samples" : 0,
        "iops_min" : 0,
        "iops_max" : 0,
        "iops_mean" : 0.000000,
        "iops_stddev" : 0.000000,
        "iops_samples" : 0
      },
      "trim" : {
        "io_bytes" : 0,
        "io_kbytes" : 0,
        "bw_bytes" : 0,
        "bw" : 0,
        "iops" : 0.000000,
        "runtime" : 0,
        "total_ios" : 0,
        "short_ios" : 0,
        "drop_ios" : 0,
        "slat_ns" : {
          "min" : 0,
          "max" : 0,
          "mean" : 0.000000,
          "stddev" : 0.000000,
          "N" : 0
        },
        "clat_ns" : {
          "min" : 0,
          "max" : 0,
          "mean" : 0.000000,
          "stddev" : 0.000000,
          "N" : 0
        },
        "lat_ns" : {
          "min" : 0,
          "max" : 0,
          "mean" : 0.000000,
          "stddev" : 0.000000,
          "N" : 0
        },
        "bw_min" : 0,
        "bw_max" : 0,
        "bw_agg" : 0.000000,
        "bw_mean" : 0.000000,
        "bw_dev" : 0.000000,
        "bw_samples" : 0,
        "iops_min" : 0,
        "iops_max" : 0,
        "iops_mean" : 0.000000,
        "iops_stddev" : 0.000000,
        "iops_samples" : 0
      },
      "sync" : {
        "total_ios" : 0,
        "lat_ns" : {
          "min" : 0,
          "max" : 0,
          "mean" : 0.000000,
          "stddev" : 0.000000,
          "N" : 0
        }
      },
      "job_runtime" : 10000,
      "usr_cpu" : 0.320000,
      "sys_cpu" : 96.150000,
      "ctx" : 2768,
      "majf" : 0,
      "minf" : 4105,
      "iodepth_level" : {
        "1" : 0.100000,
        "2" : 0.100000,
        "4" : 99.976253,
        "8" : 0.000000,
        "16" : 0.000000,
        "32" : 0.000000,
        ">=64" : 0.000000
      },
      "iodepth_submit" : {
        "0" : 0.000000,
        "4" : 100.000000,
        "8" : 0.000000,
        "16" : 0.000000,
        "32" : 0.000000,
        "64" : 0.000000,
        ">=64" : 0.000000
      },
      "iodepth_complete" : {
        "0" : 0.000000,
        "4" : 100.000000,
        "8" : 0.000000,
        "16" : 0.000000,
        "32" : 0.000000,
        "64" : 0.000000,
        ">=64" : 0.000000
      },
      "latency_ns" : {
        "2" : 0.000000,
        "4" : 0.000000,
        "10" : 0.000000,
        "20" : 0.000000,
        "50" : 0.000000,
        "100" : 0.000000,
        "250" : 0.000000,
        "500" : 0.000000,
        "750" : 0.000000,
        "1000" : 0.000000
      },
      "latency_us" : {
        "2" : 0.000000,
        "4" : 0.000000,
        "10" : 0.000000,
        "20" : 0.000000,
        "50" : 0.000000,
        "100" : 0.000000,
        "250" : 0.000000,
        "500" : 0.010000,
        "750" : 0.000000,
        "1000" : 0.000000
      },
      "latency_ms" : {
        "2" : 23.034909,
        "4" : 76.893849,
        "10" : 0.063326,
        "20" : 0.000000,
        "50" : 0.000000,
        "100" : 0.000000,
        "250" : 0.000000,
        "500" : 0.000000,
        "750" : 0.000000,
        "1000" : 0.000000,
        "2000" : 0.000000,
        ">=2000" : 0.000000
      },
      "latency_depth" : 4,
      "latency_target" : 0,
      "latency_percentile" : 100.000000,
      "latency_window" : 0
    }
  ],
  "disk_util" : [
    {
      "name" : "dm-1",
      "read_ios" : 50078,
      "write_ios" : 1149,
      "read_sectors" : 102421040,
      "write_sectors" : 14480,
      "read_merges" : 0,
      "write_merges" : 0,
      "read_ticks" : 49191,
      "write_ticks" : 309,
      "in_queue" : 49500,
      "util" : 99.029029,
      "aggr_read_ios" : 404324,
      "aggr_write_ios" : 1201,
      "aggr_read_sectors" : 103490096,
      "aggr_write_sectors" : 14480,
      "aggr_read_merges" : 0,
      "aggr_write_merge" : 0,
      "aggr_read_ticks" : 328776,
      "aggr_write_ticks" : 310,
      "aggr_in_queue" : 329086,
      "aggr_util" : 98.638516
    },
    {
      "name" : "dm-0",
      "read_ios" : 404324,
      "write_ios" : 1201,
      "read_sectors" : 103490096,
      "write_sectors" : 14480,
      "read_merges" : 0,
      "write_merges" : 0,
      "read_ticks" : 328776,
      "write_ticks" : 310,
      "in_queue" : 329086,
      "util" : 98.638516,
      "aggr_read_ios" : 404324,
      "aggr_write_ios" : 794,
      "aggr_read_sectors" : 103490096,
      "aggr_write_sectors" : 14480,
      "aggr_read_merges" : 0,
      "aggr_write_merge" : 407,
      "aggr_read_ticks" : 420136,
      "aggr_write_ticks" : 277,
      "aggr_in_queue" : 420435,
      "aggr_util" : 62.960039
    },
    {
      "name" : "nvme0n1",
      "read_ios" : 404324,
      "write_ios" : 794,
      "read_sectors" : 103490096,
      "write_sectors" : 14480,
      "read_merges" : 0,
      "write_merges" : 407,
      "read_ticks" : 420136,
      "write_ticks" : 277,