{
  "fio version" : "fio-3.41",
  "timestamp" : 1783091605,
  "timestamp_ms" : 1783091605503,
  "time" : "Fri Jul  3 17:13:25 2026",
  "jobs" : [
    {
      "jobname" : "sweep",
      "groupid" : 0,
      "job_start" : 1783091595357,
      "error" : 0,
      "eta" : 0,
      "elapsed" : 11,
      "job options" : {
        "name" : "sweep",
        "filename" : "./fio-testfile",
        "rw" : "read",
        "ioengine" : "libaio",
        "iodepth" : "1",
        "bs" : "1M",
        "direct" : "1",
        "time_based" : "",
        "runtime" : "10s",
        "loops" : "1000",
        "group_reporting" : ""
      },
      "read" : {
        "io_bytes" : 21371027456,
        "io_kbytes" : 20870144,
        "bw_bytes" : 2136889056,
        "bw" : 2086805,
        "iops" : 2037.896210,
        "runtime" : 10001,
        "total_ios" : 20381,
        "short_ios" : 0,
        "drop_ios" : 0,
        "slat_ns" : {
          "min" : 99696,
          "max" : 1339293,
          "mean" : 280539.797213,
          "stddev" : 72916.041310,
          "N" : 20381
        },
        "clat_ns" : {
          "min" : 87394,
          "max" : 1942936,
          "mean" : 209288.904028,
          "stddev" : 66141.642962,
          "N" : 20381,
          "percentile" : {
            "1.000000" : 134144,
            "5.000000" : 152576,
            "10.000000" : 158720,
            "20.000000" : 164864,
            "30.000000" : 171008,
            "40.000000" : 179200,
            "50.000000" : 187392,
            "60.000000" : 199680,
            "70.000000" : 222208,
            "80.000000" : 246784,
            "90.000000" : 292864,
            "95.000000" : 333824,
            "99.000000" : 411648,
            "99.500000" : 460800,
            "99.900000" : 667648,
            "99.950000" : 1105920,
            "99.990000" : 1449984
          }
        },
        "lat_ns" : {
          "min" : 243575,
          "max" : 2223220,
          "mean" : 489828.701241,
          "stddev" : 96712.430582,
          "N" : 20381
        },
        "bw_min" : 1761280,
        "bw_max" : 2398208,
        "bw_agg" : 100.000000,
        "bw_mean" : 2087014.400000,
        "bw_dev" : 184411.568366,
        "bw_samples" : 20,
        "iops_min" : 1720,
        "iops_max" : 2342,
        "iops_mean" : 2038.100000,
        "iops_stddev" : 180.089422,
        "iops_samples" : 20
      },
      "write" : {
        "io_bytes" : 0,
        "io_kbytes" : 0,
        "bw_bytes" : 0,
        "bw" : 0,
        "iops" : 0.000000,
        "runtime" : 0,
        "total_ios" : 0,
        "short_ios" : 0,
        "drop_ios" : 0,
        "slat_ns" : {
          "min" : 0,
          "max" : 0,
          "mean" : 0.000000,
          "stddev" : 0.000000,
          "N" : 0
        },
        "clat_ns" : {
          "min" : 0,
          "max" : 0,
          "mean" : 0.000000,
          "stddev" : 0.000000,
          "N" : 0
        },
        "lat_ns" : {
          "min" : 0,
          "max" : 0,
          "mean" : 0.000000,
          "stddev" : 0.000000,
          "N" : 0
        },
        "bw_min" : 0,
        "bw_max" : 0,
        "bw_agg" : 0.000000,
        "bw_mean" : 0.000000,
        "bw_dev" : 0.000000,
        "bw_samples" : 0,
        "iops_min" : 0,
        "iops_max" : 0,
        "iops_mean" : 0.000000,
        "iops_stddev" : 0.000000,
        "iops_samples" : 0
      },
      "trim" : {
        "io_bytes" : 0,
        "io_kbytes" : 0,
        "bw_bytes" : 0,
        "bw" : 0,
        "iops" : 0.000000,
        "runtime" : 0,
        "total_ios" : 0,
        "short_ios" : 0,
        "drop_ios" : 0,
        "slat_ns" : {
          "min" : 0,
          "max" : 0,
          "mean" : 0.000000,
          "stddev" : 0.000000,
          "N" : 0
        },
        "clat_ns" : {
          "min" : 0,
          "max" : 0,
          "mean" : 0.000000,
          "stddev" : 0.000000,
          "N" : 0
        },
        "lat_ns" : {
          "min" : 0,
          "max" : 0,
          "mean" : 0.000000,
          "stddev" : 0.000000,
          "N" : 0
        },
        "bw_min" : 0,
        "bw_max" : 0,
        "bw_agg" : 0.000000,
        "bw_mean" : 0.000000,
        "bw_dev" : 0.000000,
        "bw_samples" : 0,
        "iops_min" : 0,
        "iops_max" : 0,
        "iops_mean" : 0.000000,
        "iops_stddev" : 0.000000,
        "iops_samples" : 0
      },
      "sync" : {
        "total_ios" : 0,
        "lat_ns" : {
          "min" : 0,
          "max" : 0,
          "mean" : 0.000000,
          "stddev" : 0.000000,
          "N" : 0
        }
      },
      "job_runtime" : 10000,
      "usr_cpu" : 0.550000,
      "sys_cpu" : 58.030000,
      "ctx" : 20429,
      "majf" : 0,
      "minf" : 266,
      "iodepth_level" : {
        "1" : 100.000000,
        "2" : 0.000000,
        "4" : 0.000000,
        "8" : 0.000000,
        "16" : 0.000000,
        "32" : 0.000000,
        ">=64" : 0.000000
      },
      "iodepth_submit" : {
        "0" : 0.000000,
        "4" : 100.000000,
        "8" : 0.000000,
        "16" : 0.000000,
        "32" : 0.000000,
        "64" : 0.000000,
        ">=64" : 0.000000
      },
      "iodepth_complete" : {
        "0" : 0.000000,
        "4" : 100.000000,
        "8" : 0.000000,
        "16" : 0.000000,
        "32" : 0.000000,
        "64" : 0.000000,
        ">=64" : 0.000000
      },
      "latency_ns" : {
        "2" : 0.000000,
        "4" : 0.000000,
        "10" : 0.000000,
        "20" : 0.000000,
        "50" : 0.000000,
        "100" : 0.000000,
        "250" : 0.000000,
        "500" : 0.000000,
        "750" : 0.000000,
        "1000" : 0.000000
      },
      "latency_us" : {
        "2" : 0.000000,
        "4" : 0.000000,
        "10" : 0.000000,
        "20" : 0.000000,
        "50" : 0.000000,
        "100" : 0.024533,
        "250" : 80.982287,
        "500" : 18.718414,
        "750" : 0.201168,
        "1000" : 0.014720
      },
      "latency_ms" : {
        "2" : 0.058878,
        "4" : 0.000000,
        "10" : 0.000000,
        "20" : 0.000000,
        "50" : 0.000000,
        "100" : 0.000000,
        "250" : 0.000000,
        "500" : 0.000000,
        "750" : 0.000000,
        "1000" : 0.000000,
        "2000" : 0.000000,
        ">=2000" : 0.000000
      },
      "latency_depth" : 1,
      "latency_target" : 0,
      "latency_percentile" : 100.000000,
      "latency_window" : 0
    }
  ],
  "disk_util" : [
    {
      "name" : "dm-1",
      "read_ios" : 20179,
      "write_ios" : 1027,
      "read_sectors" : 41316440,
      "write_sectors" : 9440,
      "read_merges" : 0,
      "write_merges" : 0,
      "read_ticks" : 8682,
      "write_ticks" : 178,
      "in_queue" : 8860,
      "util" : 86.961746,
      "aggr_read_ios" : 163053,
      "aggr_write_ios" : 1083,
      "aggr_read_sectors" : 41740376,
      "aggr_write_sectors" : 9464,
      "aggr_read_merges" : 0,
      "aggr_write_merge" : 0,
      "aggr_read_ticks" : 39817,
      "aggr_write_ticks" : 175,
      "aggr_in_queue" : 39992,
      "aggr_util" : 86.508642
    },
    {
      "name" : "dm-0",
      "read_ios" : 163053,
      "write_ios" : 1083,
      "read_sectors" : 41740376,
      "write_sectors" : 9464,
      "read_merges" : 0,
      "write_merges" : 0,
      "read_ticks" : 39817,
      "write_ticks" : 175,
      "in_queue" : 39992,
      "util" : 86.508642,
      "aggr_read_ios" : 163053,
      "aggr_write_ios" : 644,
      "aggr_read_sectors" : 41740376,
      "aggr_write_sectors" : 9464,
      "aggr_read_merges" : 0,
      "aggr_write_merge" : 439,
      "aggr_read_ticks" : 28975,
      "aggr_write_ticks" : 71,
      "aggr_in_queue" : 29062,
      "aggr_util" : 47.318519
    },
    {
      "name" : "nvme0n1",
      "read_ios" : 163053,
      "write_ios" : 644,
      "read_sectors" : 41740376,
      "write_sectors" : 9464,
      "read_merges" : 0,
      "write_merges" : 439,
      "read_ticks" : 28975,
      "write_ticks" : 71,
      "in_queue" : 29062,