{
  "fio version" : "fio-3.41",
  "timestamp" : 1783091595,
  "timestamp_ms" : 1783091595050,
  "time" : "Fri Jul  3 17:13:15 2026",
  "jobs" : [
    {
      "jobname" : "sweep",
      "groupid" : 0,
      "job_start" : 1783091584904,
      "error" : 0,
      "eta" : 0,
      "elapsed" : 11,
      "job options" : {
        "name" : "sweep",
        "filename" : "./fio-testfile",
        "rw" : "read",
        "ioengine" : "libaio",
        "iodepth" : "64",
        "bs" : "256k",
        "direct" : "1",
        "time_based" : "",
        "runtime" : "10s",
        "loops" : "1000",
        "group_reporting" : ""
      },
      "read" : {
        "io_bytes" : 52433256448,
        "io_kbytes" : 51204352,
        "bw_bytes" : 5242801364,
        "bw" : 5119923,
        "iops" : 19999.700030,
        "runtime" : 10001,
        "total_ios" : 200017,
        "short_ios" : 0,
        "drop_ios" : 0,
        "slat_ns" : {
          "min" : 23109,
          "max" : 850706,
          "mean" : 47145.958614,
          "stddev" : 14296.744719,
          "N" : 200017
        },
        "clat_ns" : {
          "min" : 586886,
          "max" : 10499159,
          "mean" : 3150578.369384,
          "stddev" : 711609.166147,
          "N" : 200017,
          "percentile" : {
            "1.000000" : 2072576,
            "5.000000" : 2146304,
            "10.000000" : 2277376,
            "20.000000" : 2473984,
            "30.000000" : 2539520,
            "40.000000" : 2703360,
            "50.000000" : 3063808,
            "60.000000" : 3522560,
            "70.000000" : 3751936,
            "80.000000" : 3883008,
            "90.000000" : 4014080,
            "95.000000" : 4145152,
            "99.000000" : 4620288,
            "99.500000" : 5144576,
            "99.900000" : 5341184,
            "99.950000" : 5406720,
            "99.990000" : 8028160
          }
        },
        "lat_ns" : {
          "min" : 634180,
          "max" : 10781186,
          "mean" : 3197724.327997,
          "stddev" : 723527.848232,
          "N" : 200017
        },
        "bw_min" : 4728832,
        "bw_max" : 5684736,
        "bw_agg" : 100.000000,
        "bw_mean" : 5120435.200000,
        "bw_dev" : 249678.364465,
        "bw_samples" : 20,
        "iops_min" : 18472,
        "iops_max" : 22206,
        "iops_mean" : 20001.700000,
        "iops_stddev" : 975.306111,
        "iops_samples" : 20
      },
      "write" : {
        "io_bytes" : 0,
        "io_kbytes" : 0,
        "bw_bytes" : 0,
        "bw" : 0,
        "iops" : 0.000000,
        "runtime" : 0,
        "total_ios" : 0,
        "short_ios" : 0,
        "drop_ios" : 0,
        "slat_ns" : {
          "min" : 0,
          "max" : 0,
          "mean" : 0.000000,
          "stddev" : 0.000000,
          "N" : 0
        },
        "clat_ns" : {
          "min" : 0,
          "max" : 0,
          "mean" : 0.000000,
          "stddev" : 0.000000,
          "N" : 0
        },
        "lat_ns" : {
          "min" : 0,
          "max" : 0,
          "mean" : 0.000000,
          "stddev" : 0.000000,
          "N" : 0
        },
        "bw_min" : 0,
        "bw_max" : 0,
        "bw_agg" : 0.000000,
        "bw_mean" : 0.000000,
        "bw_dev" : 0.000000,
        "bw_samples" : 0,
        "iops_min" : 0,
        "iops_max" : 0,
        "iops_mean" : 0.000000,
        "iops_stddev" : 0.000000,
        "iops_samples" : 0
      },
      "trim" : {
        "io_bytes" : 0,
        "io_kbytes" : 0,
        "bw_bytes" : 0,
        "bw" : 0,
        "iops" : 0.000000,
        "runtime" : 0,
        "total_ios" : 0,
        "short_ios" : 0,
        "drop_ios" : 0,
        "slat_ns" : {
          "min" : 0,
          "max" : 0,
          "mean" : 0.000000,
          "stddev" : 0.000000,
          "N" : 0
        },
        "clat_ns" : {
          "min" : 0,
          "max" : 0,
          "mean" : 0.000000,
          "stddev" : 0.000000,
          "N" : 0
        },
        "lat_ns" : {
          "min" : 0,
          "max" : 0,
          "mean" : 0.000000,
          "stddev" : 0.000000,
          "N" : 0
        },
        "bw_min" : 0,
        "bw_max" : 0,
        "bw_agg" : 0.000000,
        "bw_mean" : 0.000000,
        "bw_dev" : 0.000000,
        "bw_samples" : 0,
        "iops_min" : 0,
        "iops_max" : 0,
        "iops_mean" : 0.000000,
        "iops_stddev" : 0.000000,
        "iops_samples" : 0
      },
      "sync" : {
        "total_ios" : 0,
        "lat_ns" : {
          "min" : 0,
          "max" : 0,
          "mean" : 0.000000,
          "stddev" : 0.000000,
          "N" : 0
        }
      },
      "job_runtime" : 10000,
      "usr_cpu" : 2.000000,
      "sys_cpu" : 95.060000,
      "ctx" : 10425,
      "majf" : 0,
      "minf" : 4103,
      "iodepth_level" : {
        "1" : 0.100000,
        "2" : 0.100000,
        "4" : 0.100000,
        "8" : 0.100000,
        "16" : 0.100000,
        "32" : 0.100000,
        ">=64" : 99.968503
      },
      "iodepth_submit" : {
        "0" : 0.000000,
        "4" : 100.000000,
        "8" : 0.000000,
        "16" : 0.000000,
        "32" : 0.000000,
        "64" : 0.000000,
        ">=64" : 0.000000
      },
      "iodepth_complete" : {
        "0" : 0.000000,
        "4" : 99.999500,
        "8" : 0.000000,
        "16" : 0.000000,
        "32" : 0.000000,
        "64" : 0.100000,
        ">=64" : 0.000000
      },
      "latency_ns" : {
        "2" : 0.000000,
        "4" : 0.000000,
        "10" : 0.000000,
        "20" : 0.000000,
        "50" : 0.000000,
        "100" : 0.000000,
        "250" : 0.000000,
        "500" : 0.000000,
        "750" : 0.000000,
        "1000" : 0.000000
      },
      "latency_us" : {
        "2" : 0.000000,
        "4" : 0.000000,
        "10" : 0.000000,
        "20" : 0.000000,
        "50" : 0.000000,
        "100" : 0.000000,
        "250" : 0.000000,
        "500" : 0.000000,
        "750" : 0.010000,
        "1000" : 0.010000
      },
      "latency_ms" : {
        "2" : 0.205483,
        "4" : 88.720959,
        "10" : 11.067559,
        "20" : 0.010000,
        "50" : 0.000000,
        "100" : 0.000000,
        "250" : 0.000000,
        "500" : 0.000000,
        "750" : 0.000000,
        "1000" : 0.000000,
        "2000" : 0.000000,
        ">=2000" : 0.000000
      },
      "latency_depth" : 64,
      "latency_target" : 0,
      "latency_percentile" : 100.000000,
      "latency_window" : 0
    }
  ],
  "disk_util" : [
    {
      "name" : "dm-1",
      "read_ios" : 198000,
      "write_ios" : 1095,
      "read_sectors" : 101368680,
      "write_sectors" : 11320,
      "read_merges" : 0,
      "write_merges" : 0,
      "read_ticks" : 210642,
      "write_ticks" : 183,
      "in_queue" : 210825,
      "util" : 99.038943,
      "aggr_read_ios" : 400049,
      "aggr_write_ios" : 1200,
      "aggr_read_sectors" : 102409064,
      "aggr_write_sectors" : 11552,
      "aggr_read_merges" : 0,
      "aggr_write_merge" : 0,
      "aggr_read_ticks" : 415928,
      "aggr_write_ticks" : 181,
      "aggr_in_queue" : 416109,
      "aggr_util" : 98.531586
    },
    {
      "name" : "dm-0",
      "read_ios" : 400049,
      "write_ios" : 1200,
      "read_sectors" : 102409064,
      "write_sectors" : 11552,
      "read_merges" : 0,
      "write_merges" : 0,
      "read_ticks" : 415928,
      "write_ticks" : 181,
      "in_queue" : 416109,
      "util" : 98.531586,
      "aggr_read_ios" : 400049,
      "aggr_write_ios" : 711,
      "aggr_read_sectors" : 102409064,
      "aggr_write_sectors" : 11552,
      "aggr_read_merges" : 0,
      "aggr_write_merge" : 489,
      "aggr_read_ticks" : 376308,
      "aggr_write_ticks" : 100,
      "aggr_in_queue" : 376443,
      "aggr_util" : 74.189416
    },
    {
      "name" : "nvme0n1",
      "read_ios" : 400049,
      "write_ios" : 711,
      "read_sectors" : 102409064,
      "write_sectors" : 11552,
      "read_merges" : 0,
      "write_merges" : 489,
      "read_ticks" : 376308,