{
  "fio version" : "fio-3.41",
  "timestamp" : 1783610530,
  "timestamp_ms" : 1783610530244,
  "time" : "Thu Jul  9 17:22:10 2026",
  "jobs" : [
    {
      "jobname" : "sweep",
      "groupid" : 0,
      "job_start" : 1783610508345,
      "error" : 0,
      "eta" : 0,
      "elapsed" : 23,
      "job options" : {
        "name" : "sweep",
        "filename" : "./fio-testfile",
        "rw" : "read",
        "ioengine" : "libaio",
        "iodepth" : "8",
        "bs" : "1M",
        "direct" : "1",
        "group_reporting" : ""
      },
      "read" : {
        "io_bytes" : 107374182400,
        "io_kbytes" : 104857600,
        "bw_bytes" : 4937879163,
        "bw" : 4822147,
        "iops" : 4709.128535,
        "runtime" : 21745,
        "total_ios" : 102400,
        "short_ios" : 0,
        "drop_ios" : 0,
        "slat_ns" : {
          "min" : 76072,
          "max" : 2415398,
          "mean" : 203375.963506,
          "stddev" : 49418.997802,
          "N" : 102400
        },
        "clat_ns" : {
          "min" : 338357,
          "max" : 7502086,
          "mean" : 1494514.827314,
          "stddev" : 257695.340316,
          "N" : 102400,
          "percentile" : {
            "1.000000" : 946176,
            "5.000000" : 1073152,
            "10.000000" : 1155072,
            "20.000000" : 1269760,
            "30.000000" : 1351680,
            "40.000000" : 1433600,
            "50.000000" : 1515520,
            "60.000000" : 1581056,
            "70.000000" : 1646592,
            "80.000000" : 1728512,
            "90.000000" : 1777664,
            "95.000000" : 1843200,
            "99.000000" : 2056192,
            "99.500000" : 2179072,
            "99.900000" : 2834432,
            "99.950000" : 3424256,
            "99.990000" : 4882432
          }
        },
        "lat_ns" : {
          "min" : 568245,
          "max" : 7744530,
          "mean" : 1697890.790820,
          "stddev" : 294711.200482,
          "N" : 102400
        },
        "bw_min" : 4511744,
        "bw_max" : 5328479,
        "bw_agg" : 99.971452,
        "bw_mean" : 4820771.046512,
        "bw_dev" : 182775.144027,
        "bw_samples" : 43,
        "iops_min" : 4406,
        "iops_max" : 5203,
        "iops_mean" : 4707.767442,
        "iops_stddev" : 178.456856,
        "iops_samples" : 43
      },
      "write" : {
        "io_bytes" : 0,
        "io_kbytes" : 0,
        "bw_bytes" : 0,
        "bw" : 0,
        "iops" : 0.000000,
        "runtime" : 0,
        "total_ios" : 0,
        "short_ios" : 0,
        "drop_ios" : 0,
        "slat_ns" : {
          "min" : 0,
          "max" : 0,
          "mean" : 0.000000,
          "stddev" : 0.000000,
          "N" : 0
        },
        "clat_ns" : {
          "min" : 0,
          "max" : 0,
          "mean" : 0.000000,
          "stddev" : 0.000000,
          "N" : 0
        },
        "lat_ns" : {
          "min" : 0,
          "max" : 0,
          "mean" : 0.000000,
          "stddev" : 0.000000,
          "N" : 0
        },
        "bw_min" : 0,
        "bw_max" : 0,
        "bw_agg" : 0.000000,
        "bw_mean" : 0.000000,
        "bw_dev" : 0.000000,
        "bw_samples" : 0,
        "iops_min" : 0,
        "iops_max" : 0,
        "iops_mean" : 0.000000,
        "iops_stddev" : 0.000000,
        "iops_samples" : 0
      },
      "trim" : {
        "io_bytes" : 0,
        "io_kbytes" : 0,
        "bw_bytes" : 0,
        "bw" : 0,
        "iops" : 0.000000,
        "runtime" : 0,
        "total_ios" : 0,
        "short_ios" : 0,
        "drop_ios" : 0,
        "slat_ns" : {
          "min" : 0,
          "max" : 0,
          "mean" : 0.000000,
          "stddev" : 0.000000,
          "N" : 0
        },
        "clat_ns" : {
          "min" : 0,
          "max" : 0,
          "mean" : 0.000000,
          "stddev" : 0.000000,
          "N" : 0
        },
        "lat_ns" : {
          "min" : 0,
          "max" : 0,
          "mean" : 0.000000,
          "stddev" : 0.000000,
          "N" : 0
        },
        "bw_min" : 0,
        "bw_max" : 0,
        "bw_agg" : 0.000000,
        "bw_mean" : 0.000000,
        "bw_dev" : 0.000000,
        "bw_samples" : 0,
        "iops_min" : 0,
        "iops_max" : 0,
        "iops_mean" : 0.000000,
        "iops_stddev" : 0.000000,
        "iops_samples" : 0
      },
      "sync" : {
        "total_ios" : 0,
        "lat_ns" : {
          "min" : 0,
          "max" : 0,
          "mean" : 0.000000,
          "stddev" : 0.000000,
          "N" : 0
        }
      },
      "job_runtime" : 21744,
      "usr_cpu" : 0.791023,
      "sys_cpu" : 95.653974,
      "ctx" : 10285,
      "majf" : 0,
      "minf" : 2058,
      "iodepth_level" : {
        "1" : 0.100000,
        "2" : 0.100000,
        "4" : 0.100000,
        "8" : 99.993164,
        "16" : 0.000000,
        "32" : 0.000000,
        ">=64" : 0.000000
      },
      "iodepth_submit" : {
        "0" : 0.000000,
        "4" : 100.000000,
        "8" : 0.000000,
        "16" : 0.000000,
        "32" : 0.000000,
        "64" : 0.000000,
        ">=64" : 0.000000
      },
      "iodepth_complete" : {
        "0" : 0.000000,
        "4" : 99.999023,
        "8" : 0.100000,
        "16" : 0.000000,
        "32" : 0.000000,
        "64" : 0.000000,
        ">=64" : 0.000000
      },
      "latency_ns" : {
        "2" : 0.000000,
        "4" : 0.000000,
        "10" : 0.000000,
        "20" : 0.000000,
        "50" : 0.000000,
        "100" : 0.000000,
        "250" : 0.000000,
        "500" : 0.000000,
        "750" : 0.000000,
        "1000" : 0.000000
      },
      "latency_us" : {
        "2" : 0.000000,
        "4" : 0.000000,
        "10" : 0.000000,
        "20" : 0.000000,
        "50" : 0.000000,
        "100" : 0.000000,
        "250" : 0.000000,
        "500" : 0.010000,
        "750" : 0.038086,
        "1000" : 1.915039
      },
      "latency_ms" : {
        "2" : 96.783203,
        "4" : 1.230469,
        "10" : 0.031250,
        "20" : 0.000000,
        "50" : 0.000000,
        "100" : 0.000000,
        "250" : 0.000000,
        "500" : 0.000000,
        "750" : 0.000000,
        "1000" : 0.000000,
        "2000" : 0.000000,
        ">=2000" : 0.000000
      },
      "latency_depth" : 8,
      "latency_target" : 0,
      "latency_percentile" : 100.000000,
      "latency_window" : 0
    }
  ],
  "disk_util" : [
    {
      "name" : "dm-1",
      "read_ios" : 109353,
      "write_ios" : 2099,
      "read_sectors" : 208972632,
      "write_sectors" : 21704,
      "read_merges" : 0,
      "write_merges" : 0,
      "read_ticks" : 73488,
      "write_ticks" : 437,
      "in_queue" : 73925,
      "util" : 99.617987,
      "aggr_read_ios" : 826594,
      "aggr_write_ios" : 2224,
      "aggr_read_sectors" : 209875800,
      "aggr_write_sectors" : 21704,
      "aggr_read_merges" : 0,
      "aggr_write_merge" : 0,
      "aggr_read_ticks" : 431282,
      "aggr_write_ticks" : 430,
      "aggr_in_queue" : 431712,
      "aggr_util" : 99.441954
    },
    {
      "name" : "dm-0",
      "read_ios" : 826594,
      "write_ios" : 2224,
      "read_sectors" : 209875800,
      "write_sectors" : 21704,
      "read_merges" : 0,
      "write_merges" : 0,
      "read_ticks" : 431282,
      "write_ticks" : 430,
      "in_queue" : 431712,
      "util" : 99.441954,
      "aggr_read_ios" : 822779,
      "aggr_write_ios" : 1265,
      "aggr_read_sectors" : 209875800,
      "aggr_write_sectors" : 21704,
      "aggr_read_merges" : 3815,
      "aggr_write_merge" : 959,
      "aggr_read_ticks" : 373805,
      "aggr_write_ticks" : 215,
      "aggr_in_queue" : 374084,
      "aggr_util" : 65.611563
    },
    {
      "name" : "nvme0n1",
      "read_ios" : 822779,
      "write_ios" : 1265,
      "read_sectors" : 209875800,
      "write_sectors" : 21704,
      "read_merges" : 3815,
      "write_merges" : 959,
      "read_ticks" : 373805,
      "write_ticks" : 215,
      "in_queue" : 374084,
      "util" : 65.611563
    }
  ]
}
