{
  "fio version" : "fio-3.41",
  "timestamp" : 1783091657,
  "timestamp_ms" : 1783091657765,
  "time" : "Fri Jul  3 17:14:17 2026",
  "jobs" : [
    {
      "jobname" : "sweep",
      "groupid" : 0,
      "job_start" : 1783091647619,
      "error" : 0,
      "eta" : 0,
      "elapsed" : 11,
      "job options" : {
        "name" : "sweep",
        "filename" : "./fio-testfile",
        "rw" : "read",
        "ioengine" : "libaio",
        "iodepth" : "64",
        "bs" : "1M",
        "direct" : "1",
        "time_based" : "",
        "runtime" : "10s",
        "loops" : "1000",
        "group_reporting" : ""
      },
      "read" : {
        "io_bytes" : 59353595904,
        "io_kbytes" : 57962496,
        "bw_bytes" : 5928837868,
        "bw" : 5789880,
        "iops" : 5654.180402,
        "runtime" : 10011,
        "total_ios" : 56604,
        "short_ios" : 0,
        "drop_ios" : 0,
        "slat_ns" : {
          "min" : 63798,
          "max" : 1120785,
          "mean" : 166709.464384,
          "stddev" : 55249.529975,
          "N" : 56604
        },
        "clat_ns" : {
          "min" : 6854672,
          "max" : 38828243,
          "mean" : 11127450.280987,
          "stddev" : 2443739.382370,
          "N" : 56604,
          "percentile" : {
            "1.000000" : 7307264,
            "5.000000" : 7569408,
            "10.000000" : 7700480,
            "20.000000" : 8355840,
            "30.000000" : 9633792,
            "40.000000" : 10158080,
            "50.000000" : 11075584,
            "60.000000" : 12255232,
            "70.000000" : 13172736,
            "80.000000" : 13565952,
            "90.000000" : 14090240,
            "95.000000" : 14483456,
            "99.000000" : 15007744,
            "99.500000" : 15269888,
            "99.900000" : 18481152,
            "99.950000" : 27394048,
            "99.990000" : 36438016
          }
        },
        "lat_ns" : {
          "min" : 6968899,
          "max" : 39725688,
          "mean" : 11294159.745371,
          "stddev" : 2482928.628209,
          "N" : 56604
        },
        "bw_min" : 4958208,
        "bw_max" : 6203392,
        "bw_agg" : 99.998571,
        "bw_mean" : 5789798.400000,
        "bw_dev" : 289189.657360,
        "bw_samples" : 20,
        "iops_min" : 4842,
        "iops_max" : 6058,
        "iops_mean" : 5654.100000,
        "iops_stddev" : 282.411775,
        "iops_samples" : 20
      },
      "write" : {
        "io_bytes" : 0,
        "io_kbytes" : 0,
        "bw_bytes" : 0,
        "bw" : 0,
        "iops" : 0.000000,
        "runtime" : 0,
        "total_ios" : 0,
        "short_ios" : 0,
        "drop_ios" : 0,
        "slat_ns" : {
          "min" : 0,
          "max" : 0,
          "mean" : 0.000000,
          "stddev" : 0.000000,
          "N" : 0
        },
        "clat_ns" : {
          "min" : 0,
          "max" : 0,
          "mean" : 0.000000,
          "stddev" : 0.000000,
          "N" : 0
        },
        "lat_ns" : {
          "min" : 0,
          "max" : 0,
          "mean" : 0.000000,
          "stddev" : 0.000000,
          "N" : 0
        },
        "bw_min" : 0,
        "bw_max" : 0,
        "bw_agg" : 0.000000,
        "bw_mean" : 0.000000,
        "bw_dev" : 0.000000,
        "bw_samples" : 0,
        "iops_min" : 0,
        "iops_max" : 0,
        "iops_mean" : 0.000000,
        "iops_stddev" : 0.000000,
        "iops_samples" : 0
      },
      "trim" : {
        "io_bytes" : 0,
        "io_kbytes" : 0,
        "bw_bytes" : 0,
        "bw" : 0,
        "iops" : 0.000000,
        "runtime" : 0,
        "total_ios" : 0,
        "short_ios" : 0,
        "drop_ios" : 0,
        "slat_ns" : {
          "min" : 0,
          "max" : 0,
          "mean" : 0.000000,
          "stddev" : 0.000000,
          "N" : 0
        },
        "clat_ns" : {
          "min" : 0,
          "max" : 0,
          "mean" : 0.000000,
          "stddev" : 0.000000,
          "N" : 0
        },
        "lat_ns" : {
          "min" : 0,
          "max" : 0,
          "mean" : 0.000000,
          "stddev" : 0.000000,
          "N" : 0
        },
        "bw_min" : 0,
        "bw_max" : 0,
        "bw_agg" : 0.000000,
        "bw_mean" : 0.000000,
        "bw_dev" : 0.000000,
        "bw_samples" : 0,
        "iops_min" : 0,
        "iops_max" : 0,
        "iops_mean" : 0.000000,
        "iops_stddev" : 0.000000,
        "iops_samples" : 0
      },
      "sync" : {
        "total_ios" : 0,
        "lat_ns" : {
          "min" : 0,
          "max" : 0,
          "mean" : 0.000000,
          "stddev" : 0.000000,
          "N" : 0
        }
      },
      "job_runtime" : 10010,
      "usr_cpu" : 0.719281,
      "sys_cpu" : 94.475524,
      "ctx" : 6542,
      "majf" : 0,
      "minf" : 16394,
      "iodepth_level" : {
        "1" : 0.100000,
        "2" : 0.100000,
        "4" : 0.100000,
        "8" : 0.100000,
        "16" : 0.100000,
        "32" : 0.100000,
        ">=64" : 99.888700
      },
      "iodepth_submit" : {
        "0" : 0.000000,
        "4" : 100.000000,
        "8" : 0.000000,
        "16" : 0.000000,
        "32" : 0.000000,
        "64" : 0.000000,
        ">=64" : 0.000000
      },
      "iodepth_complete" : {
        "0" : 0.000000,
        "4" : 99.998231,
        "8" : 0.000000,
        "16" : 0.000000,
        "32" : 0.000000,
        "64" : 0.100000,
        ">=64" : 0.000000
      },
      "latency_ns" : {
        "2" : 0.000000,
        "4" : 0.000000,
        "10" : 0.000000,
        "20" : 0.000000,
        "50" : 0.000000,
        "100" : 0.000000,
        "250" : 0.000000,
        "500" : 0.000000,
        "750" : 0.000000,
        "1000" : 0.000000
      },
      "latency_us" : {
        "2" : 0.000000,
        "4" : 0.000000,
        "10" : 0.000000,
        "20" : 0.000000,
        "50" : 0.000000,
        "100" : 0.000000,
        "250" : 0.000000,
        "500" : 0.000000,
        "750" : 0.000000,
        "1000" : 0.000000
      },
      "latency_ms" : {
        "2" : 0.000000,
        "4" : 0.000000,
        "10" : 35.230726,
        "20" : 64.686241,
        "50" : 0.083033,
        "100" : 0.000000,
        "250" : 0.000000,
        "500" : 0.000000,
        "750" : 0.000000,
        "1000" : 0.000000,
        "2000" : 0.000000,
        ">=2000" : 0.000000
      },
      "latency_depth" : 64,
      "latency_target" : 0,
      "latency_percentile" : 100.000000,
      "latency_window" : 0
    }
  ],
  "disk_util" : [
    {
      "name" : "dm-1",
      "read_ios" : 55935,
      "write_ios" : 862,
      "read_sectors" : 114554880,
      "write_sectors" : 9536,
      "read_merges" : 0,
      "write_merges" : 0,
      "read_ticks" : 267718,
      "write_ticks" : 355,
      "in_queue" : 268073,
      "util" : 98.908909,
      "aggr_read_ios" : 452832,
      "aggr_write_ios" : 919,
      "aggr_read_sectors" : 115924992,
      "aggr_write_sectors" : 9536,
      "aggr_read_merges" : 0,
      "aggr_write_merge" : 0,
      "aggr_read_ticks" : 2095878,
      "aggr_write_ticks" : 352,
      "aggr_in_queue" : 2096230,
      "aggr_util" : 98.443963
    },
    {
      "name" : "dm-0",
      "read_ios" : 452832,
      "write_ios" : 919,
      "read_sectors" : 115924992,
      "write_sectors" : 9536,
      "read_merges" : 0,
      "write_merges" : 0,
      "read_ticks" : 2095878,
      "write_ticks" : 352,
      "in_queue" : 2096230,
      "util" : 98.443963,
      "aggr_read_ios" : 452832,
      "aggr_write_ios" : 570,
      "aggr_read_sectors" : 115924992,
      "aggr_write_sectors" : 9536,
      "aggr_read_merges" : 0,
      "aggr_write_merge" : 349,
      "aggr_read_ticks" : 2068030,
      "aggr_write_ticks" : 254,
      "aggr_in_queue" : 2068311,
      "aggr_util" : 65.383100
    },
    {
      "name" : "nvme0n1",
      "read_ios" : 452832,
      "write_ios" : 570,
      "read_sectors" : 115924992,
      "write_sectors" : 9536,
      "read_merges" : 0,
      "write_merges" : 349,
      "read_ticks" : 2068030,