{
  "fio version" : "fio-3.36",
  "timestamp" : 1783086499,
  "timestamp_ms" : 1783086499415,
  "time" : "Fri Jul  3 15:48:19 2026",
  "jobs" : [
    {
      "jobname" : "sweep",
      "groupid" : 0,
      "job_start" : 1783086489382,
      "error" : 0,
      "eta" : 0,
      "elapsed" : 11,
      "job options" : {
        "name" : "sweep",
        "filename" : "./fio-testfile",
        "rw" : "read",
        "ioengine" : "libaio",
        "iodepth" : "32",
        "bs" : "256k",
        "direct" : "1",
        "runtime" : "10s",
        "loops" : "1000"
      },
      "read" : {
        "io_bytes" : 44819546112,
        "io_kbytes" : 43769088,
        "bw_bytes" : 4481058399,
        "bw" : 4376033,
        "iops" : 17093.881224,
        "runtime" : 10002,
        "total_ios" : 170973,
        "short_ios" : 0,
        "drop_ios" : 0,
        "slat_ns" : {
          "min" : 14199,
          "max" : 1975684,
          "mean" : 20378.693180,
          "stddev" : 9390.555010,
          "N" : 170973
        },
        "clat_ns" : {
          "min" : 498184,
          "max" : 9493255,
          "mean" : 1850949.620314,
          "stddev" : 350497.865469,
          "N" : 170973,
          "percentile" : {
            "1.000000" : 1499136,
            "5.000000" : 1613824,
            "10.000000" : 1662976,
            "20.000000" : 1712128,
            "30.000000" : 1744896,
            "40.000000" : 1777664,
            "50.000000" : 1794048,
            "60.000000" : 1826816,
            "70.000000" : 1859584,
            "80.000000" : 1908736,
            "90.000000" : 1990656,
            "95.000000" : 2113536,
            "99.000000" : 3588096,
            "99.500000" : 4046848,
            "99.900000" : 5603328,
            "99.950000" : 6914048,
            "99.990000" : 9371648
          }
        },
        "lat_ns" : {
          "min" : 516344,
          "max" : 9516224,
          "mean" : 1871328.313494,
          "stddev" : 350632.408891,
          "N" : 170973
        },
        "bw_min" : 4173312,
        "bw_max" : 4460032,
        "bw_agg" : 100.000000,
        "bw_mean" : 4376818.526316,
        "bw_dev" : 82473.749480,
        "bw_samples" : 19,
        "iops_min" : 16302,
        "iops_max" : 17422,
        "iops_mean" : 17096.947368,
        "iops_stddev" : 322.163084,
        "iops_samples" : 19
      },
      "write" : {
        "io_bytes" : 0,
        "io_kbytes" : 0,
        "bw_bytes" : 0,
        "bw" : 0,
        "iops" : 0.000000,
        "runtime" : 0,
        "total_ios" : 0,
        "short_ios" : 0,
        "drop_ios" : 0,
        "slat_ns" : {
          "min" : 0,
          "max" : 0,
          "mean" : 0.000000,
          "stddev" : 0.000000,
          "N" : 0
        },
        "clat_ns" : {
          "min" : 0,
          "max" : 0,
          "mean" : 0.000000,
          "stddev" : 0.000000,
          "N" : 0
        },
        "lat_ns" : {
          "min" : 0,
          "max" : 0,
          "mean" : 0.000000,
          "stddev" : 0.000000,
          "N" : 0
        },
        "bw_min" : 0,
        "bw_max" : 0,
        "bw_agg" : 0.000000,
        "bw_mean" : 0.000000,
        "bw_dev" : 0.000000,
        "bw_samples" : 0,
        "iops_min" : 0,
        "iops_max" : 0,
        "iops_mean" : 0.000000,
        "iops_stddev" : 0.000000,
        "iops_samples" : 0
      },
      "trim" : {
        "io_bytes" : 0,
        "io_kbytes" : 0,
        "bw_bytes" : 0,
        "bw" : 0,
        "iops" : 0.000000,
        "runtime" : 0,
        "total_ios" : 0,
        "short_ios" : 0,
        "drop_ios" : 0,
        "slat_ns" : {
          "min" : 0,
          "max" : 0,
          "mean" : 0.000000,
          "stddev" : 0.000000,
          "N" : 0
        },
        "clat_ns" : {
          "min" : 0,
          "max" : 0,
          "mean" : 0.000000,
          "stddev" : 0.000000,
          "N" : 0
        },
        "lat_ns" : {
          "min" : 0,
          "max" : 0,
          "mean" : 0.000000,
          "stddev" : 0.000000,
          "N" : 0
        },
        "bw_min" : 0,
        "bw_max" : 0,
        "bw_agg" : 0.000000,
        "bw_mean" : 0.000000,
        "bw_dev" : 0.000000,
        "bw_samples" : 0,
        "iops_min" : 0,
        "iops_max" : 0,
        "iops_mean" : 0.000000,
        "iops_stddev" : 0.000000,
        "iops_samples" : 0
      },
      "sync" : {
        "total_ios" : 0,
        "lat_ns" : {
          "min" : 0,
          "max" : 0,
          "mean" : 0.000000,
          "stddev" : 0.000000,
          "N" : 0
        }
      },
      "job_runtime" : 10001,
      "usr_cpu" : 1.939806,
      "sys_cpu" : 37.376262,
      "ctx" : 114555,
      "majf" : 0,
      "minf" : 2061,
      "iodepth_level" : {
        "1" : 0.100000,
        "2" : 0.100000,
        "4" : 0.100000,
        "8" : 0.100000,
        "16" : 0.100000,
        "32" : 99.981868,
        ">=64" : 0.000000
      },
      "iodepth_submit" : {
        "0" : 0.000000,
        "4" : 100.000000,
        "8" : 0.000000,
        "16" : 0.000000,
        "32" : 0.000000,
        "64" : 0.000000,
        ">=64" : 0.000000
      },
      "iodepth_complete" : {
        "0" : 0.000000,
        "4" : 99.999415,
        "8" : 0.000000,
        "16" : 0.000000,
        "32" : 0.100000,
        "64" : 0.000000,
        ">=64" : 0.000000
      },
      "latency_ns" : {
        "2" : 0.000000,
        "4" : 0.000000,
        "10" : 0.000000,
        "20" : 0.000000,
        "50" : 0.000000,
        "100" : 0.000000,
        "250" : 0.000000,
        "500" : 0.000000,
        "750" : 0.000000,
        "1000" : 0.000000
      },
      "latency_us" : {
        "2" : 0.000000,
        "4" : 0.000000,
        "10" : 0.000000,
        "20" : 0.000000,
        "50" : 0.000000,
        "100" : 0.000000,
        "250" : 0.000000,
        "500" : 0.010000,
        "750" : 0.036848,
        "1000" : 0.074866
      },
      "latency_ms" : {
        "2" : 90.289110,
        "4" : 9.062834,
        "10" : 0.535757,
        "20" : 0.000000,
        "50" : 0.000000,
        "100" : 0.000000,
        "250" : 0.000000,
        "500" : 0.000000,
        "750" : 0.000000,
        "1000" : 0.000000,
        "2000" : 0.000000,
        ">=2000" : 0.000000
      },
      "latency_depth" : 32,
      "latency_target" : 0,
      "latency_percentile" : 100.000000,
      "latency_window" : 0
    }
  ],
  "disk_util" : [
    {
      "name" : "dm-1",
      "read_ios" : 252149,
      "write_ios" : 2817,
      "read_sectors" : 86605736,
      "write_sectors" : 125264,
      "read_merges" : 0,
      "write_merges" : 0,
      "read_ticks" : 454665,
      "write_ticks" : 454296,
      "in_queue" : 908961,
      "util" : 99.039328,
      "aggr_read_ios" : 409089,
      "aggr_write_ios" : 3185,
      "aggr_read_sectors" : 87539552,
      "aggr_write_sectors" : 125752,
      "aggr_read_merges" : 0,
      "aggr_write_merge" : 0,
      "aggr_read_ticks" : 728374,
      "aggr_write_ticks" : 504524,
      "aggr_in_queue" : 1232898,
      "aggr_util" : 99.012638
    },
    {
      "name" : "dm-0",
      "read_ios" : 409089,
      "write_ios" : 3185,
      "read_sectors" : 87539552,
      "write_sectors" : 125752,
      "read_merges" : 0,
      "write_merges" : 0,
      "read_ticks" : 728374,
      "write_ticks" : 504524,
      "in_queue" : 1232898,
      "util" : 99.012638,
      "aggr_read_ios" : 409082,
      "aggr_write_ios" : 2223,
      "aggr_read_sectors" : 87539552,
      "aggr_write_sectors" : 125752,
      "aggr_read_merges" : 7,
      "aggr_write_merge" : 962,
      "aggr_read_ticks" : 709847,
      "aggr_write_ticks" : 328254,
      "aggr_in_queue" : 1038431,
      "aggr_util" : 69.845972
    },
    {
      "name" : "nvme0n1",
      "read_ios" : 409082,
      "write_ios" : 2223,
      "read_sectors" : 87539552,
      "write_sectors" : 125752,
      "read_merges" : 7,
      "write_merges" : 962,
      "read_ticks" : 709847,
      "write_ticks" : 328254,
      "in_queue" : 1038431,