{
  "fio version" : "fio-3.36",
  "timestamp" : 1783509063,
  "timestamp_ms" : 1783509063202,
  "time" : "Wed Jul  8 13:11:03 2026",
  "jobs" : [
    {
      "jobname" : "sweep",
      "groupid" : 0,
      "job_start" : 1783509060512,
      "error" : 0,
      "eta" : 0,
      "elapsed" : 3,
      "job options" : {
        "name" : "sweep",
        "filename" : "./fio-testfile",
        "rw" : "read",
        "ioengine" : "libaio",
        "iodepth" : "64",
        "bs" : "256k",
        "direct" : "1"
      },
      "read" : {
        "io_bytes" : 8589934592,
        "io_kbytes" : 8388608,
        "bw_bytes" : 3241484751,
        "bw" : 3165512,
        "iops" : 12365.283019,
        "runtime" : 2650,
        "total_ios" : 32768,
        "short_ios" : 0,
        "drop_ios" : 0,
        "slat_ns" : {
          "min" : 14500,
          "max" : 12399595,
          "mean" : 35090.245178,
          "stddev" : 274903.431641,
          "N" : 32768
        },
        "clat_ns" : {
          "min" : 1110478,
          "max" : 17274722,
          "mean" : 5129115.345032,
          "stddev" : 2150400.470463,
          "N" : 32768,
          "percentile" : {
            "1.000000" : 1236992,
            "5.000000" : 1597440,
            "10.000000" : 2539520,
            "20.000000" : 3620864,
            "30.000000" : 4227072,
            "40.000000" : 4554752,
            "50.000000" : 4882432,
            "60.000000" : 5210112,
            "70.000000" : 5603328,
            "80.000000" : 6651904,
            "90.000000" : 8028160,
            "95.000000" : 9109504,
            "99.000000" : 11468800,
            "99.500000" : 12910592,
            "99.900000" : 15925248,
            "99.950000" : 16580608,
            "99.990000" : 17170432
          }
        },
        "lat_ns" : {
          "min" : 1130297,
          "max" : 17293722,
          "mean" : 5164205.590210,
          "stddev" : 2143540.971691,
          "N" : 32768
        },
        "bw_min" : 2980864,
        "bw_max" : 3274240,
        "bw_agg" : 100.000000,
        "bw_mean" : 3172556.800000,
        "bw_dev" : 124491.091742,
        "bw_samples" : 5,
        "iops_min" : 11644,
        "iops_max" : 12790,
        "iops_mean" : 12392.800000,
        "iops_stddev" : 486.293327,
        "iops_samples" : 5
      },
      "write" : {
        "io_bytes" : 0,
        "io_kbytes" : 0,
        "bw_bytes" : 0,
        "bw" : 0,
        "iops" : 0.000000,
        "runtime" : 0,
        "total_ios" : 0,
        "short_ios" : 0,
        "drop_ios" : 0,
        "slat_ns" : {
          "min" : 0,
          "max" : 0,
          "mean" : 0.000000,
          "stddev" : 0.000000,
          "N" : 0
        },
        "clat_ns" : {
          "min" : 0,
          "max" : 0,
          "mean" : 0.000000,
          "stddev" : 0.000000,
          "N" : 0
        },
        "lat_ns" : {
          "min" : 0,
          "max" : 0,
          "mean" : 0.000000,
          "stddev" : 0.000000,
          "N" : 0
        },
        "bw_min" : 0,
        "bw_max" : 0,
        "bw_agg" : 0.000000,
        "bw_mean" : 0.000000,
        "bw_dev" : 0.000000,
        "bw_samples" : 0,
        "iops_min" : 0,
        "iops_max" : 0,
        "iops_mean" : 0.000000,
        "iops_stddev" : 0.000000,
        "iops_samples" : 0
      },
      "trim" : {
        "io_bytes" : 0,
        "io_kbytes" : 0,
        "bw_bytes" : 0,
        "bw" : 0,
        "iops" : 0.000000,
        "runtime" : 0,
        "total_ios" : 0,
        "short_ios" : 0,
        "drop_ios" : 0,
        "slat_ns" : {
          "min" : 0,
          "max" : 0,
          "mean" : 0.000000,
          "stddev" : 0.000000,
          "N" : 0
        },
        "clat_ns" : {
          "min" : 0,
          "max" : 0,
          "mean" : 0.000000,
          "stddev" : 0.000000,
          "N" : 0
        },
        "lat_ns" : {
          "min" : 0,
          "max" : 0,
          "mean" : 0.000000,
          "stddev" : 0.000000,
          "N" : 0
        },
        "bw_min" : 0,
        "bw_max" : 0,
        "bw_agg" : 0.000000,
        "bw_mean" : 0.000000,
        "bw_dev" : 0.000000,
        "bw_samples" : 0,
        "iops_min" : 0,
        "iops_max" : 0,
        "iops_mean" : 0.000000,
        "iops_stddev" : 0.000000,
        "iops_samples" : 0
      },
      "sync" : {
        "total_ios" : 0,
        "lat_ns" : {
          "min" : 0,
          "max" : 0,
          "mean" : 0.000000,
          "stddev" : 0.000000,
          "N" : 0
        }
      },
      "job_runtime" : 2649,
      "usr_cpu" : 1.434504,
      "sys_cpu" : 27.482069,
      "ctx" : 20219,
      "majf" : 0,
      "minf" : 4107,
      "iodepth_level" : {
        "1" : 0.100000,
        "2" : 0.100000,
        "4" : 0.100000,
        "8" : 0.100000,
        "16" : 0.100000,
        "32" : 0.100000,
        ">=64" : 99.807739
      },
      "iodepth_submit" : {
        "0" : 0.000000,
        "4" : 100.000000,
        "8" : 0.000000,
        "16" : 0.000000,
        "32" : 0.000000,
        "64" : 0.000000,
        ">=64" : 0.000000
      },
      "iodepth_complete" : {
        "0" : 0.000000,
        "4" : 99.996942,
        "8" : 0.000000,
        "16" : 0.000000,
        "32" : 0.000000,
        "64" : 0.100000,
        ">=64" : 0.000000
      },
      "latency_ns" : {
        "2" : 0.000000,
        "4" : 0.000000,
        "10" : 0.000000,
        "20" : 0.000000,
        "50" : 0.000000,
        "100" : 0.000000,
        "250" : 0.000000,
        "500" : 0.000000,
        "750" : 0.000000,
        "1000" : 0.000000
      },
      "latency_us" : {
        "2" : 0.000000,
        "4" : 0.000000,
        "10" : 0.000000,
        "20" : 0.000000,
        "50" : 0.000000,
        "100" : 0.000000,
        "250" : 0.000000,
        "500" : 0.000000,
        "750" : 0.000000,
        "1000" : 0.000000
      },
      "latency_ms" : {
        "2" : 7.229614,
        "4" : 18.551636,
        "10" : 71.478271,
        "20" : 2.740479,
        "50" : 0.000000,
        "100" : 0.000000,
        "250" : 0.000000,
        "500" : 0.000000,
        "750" : 0.000000,
        "1000" : 0.000000,
        "2000" : 0.000000,
        ">=2000" : 0.000000
      },
      "latency_depth" : 64,
      "latency_target" : 0,
      "latency_percentile" : 100.000000,
      "latency_window" : 0
    }
  ],
  "disk_util" : [
    {
      "name" : "dm-1",
      "read_ios" : 53944,
      "write_ios" : 569,
      "read_sectors" : 16823872,
      "write_sectors" : 40856,
      "read_merges" : 0,
      "write_merges" : 0,
      "read_ticks" : 239675,
      "write_ticks" : 1701,
      "in_queue" : 241376,
      "util" : 96.537901,
      "aggr_read_ios" : 83952,
      "aggr_write_ios" : 671,
      "aggr_read_sectors" : 16864936,
      "aggr_write_sectors" : 40984,
      "aggr_read_merges" : 0,
      "aggr_write_merge" : 0,
      "aggr_read_ticks" : 372194,
      "aggr_write_ticks" : 2170,
      "aggr_in_queue" : 374364,
      "aggr_util" : 95.949821
    },
    {
      "name" : "dm-0",
      "read_ios" : 83952,
      "write_ios" : 671,
      "read_sectors" : 16864936,
      "write_sectors" : 40984,
      "read_merges" : 0,
      "write_merges" : 0,
      "read_ticks" : 372194,
      "write_ticks" : 2170,
      "in_queue" : 374364,
      "util" : 95.949821,
      "aggr_read_ios" : 79860,
      "aggr_write_ios" : 519,
      "aggr_read_sectors" : 16864936,
      "aggr_write_sectors" : 40984,
      "aggr_read_merges" : 4092,
      "aggr_write_merge" : 152,
      "aggr_read_ticks" : 352755,
      "aggr_write_ticks" : 1865,
      "aggr_in_queue" : 354744,
      "aggr_util" : 71.863799
    },
    {
      "name" : "nvme0n1",
      "read_ios" : 79860,
      "write_ios" : 519,
      "read_sectors" : 16864936,
      "write_sectors" : 40984,
      "read_merges" : 4092,
      "write_merges" : 152,
      "read_ticks" : 352755,
      "write_ticks" : 1865,
      "in_queue" : 354744,
      "util" : 71.863799
    }
  ]
}
