{
  "fio version" : "fio-3.36",
  "timestamp" : 1783509125,
  "timestamp_ms" : 1783509125190,
  "time" : "Wed Jul  8 13:12:05 2026",
  "jobs" : [
    {
      "jobname" : "sweep",
      "groupid" : 0,
      "job_start" : 1783509122542,
      "error" : 0,
      "eta" : 0,
      "elapsed" : 3,
      "job options" : {
        "name" : "sweep",
        "filename" : "./fio-testfile",
        "rw" : "read",
        "ioengine" : "libaio",
        "iodepth" : "32",
        "bs" : "4M",
        "direct" : "1"
      },
      "read" : {
        "io_bytes" : 8589934592,
        "io_kbytes" : 8388608,
        "bw_bytes" : 3288642646,
        "bw" : 3211565,
        "iops" : 784.073507,
        "runtime" : 2612,
        "total_ios" : 2048,
        "short_ios" : 0,
        "drop_ios" : 0,
        "slat_ns" : {
          "min" : 196573,
          "max" : 40465006,
          "mean" : 1260473.463867,
          "stddev" : 4740730.956209,
          "N" : 2048
        },
        "clat_ns" : {
          "min" : 4690005,
          "max" : 79716327,
          "mean" : 39171198.944824,
          "stddev" : 12439017.879282,
          "N" : 2048,
          "percentile" : {
            "1.000000" : 8847360,
            "5.000000" : 22413312,
            "10.000000" : 25034752,
            "20.000000" : 27394048,
            "30.000000" : 31588352,
            "40.000000" : 35389440,
            "50.000000" : 40108032,
            "60.000000" : 42205184,
            "70.000000" : 44826624,
            "80.000000" : 47972352,
            "90.000000" : 56885248,
            "95.000000" : 61603840,
            "99.000000" : 73924608,
            "99.500000" : 76021760,
            "99.900000" : 79167488,
            "99.950000" : 79167488,
            "99.990000" : 80216064
          }
        },
        "lat_ns" : {
          "min" : 5412469,
          "max" : 80018496,
          "mean" : 40431672.408691,
          "stddev" : 12345106.304389,
          "N" : 2048
        },
        "bw_min" : 2998272,
        "bw_max" : 3301376,
        "bw_agg" : 98.766238,
        "bw_mean" : 3171942.400000,
        "bw_dev" : 120592.250285,
        "bw_samples" : 5,
        "iops_min" : 732,
        "iops_max" : 806,
        "iops_mean" : 774.400000,
        "iops_stddev" : 29.441467,
        "iops_samples" : 5
      },
      "write" : {
        "io_bytes" : 0,
        "io_kbytes" : 0,
        "bw_bytes" : 0,
        "bw" : 0,
        "iops" : 0.000000,
        "runtime" : 0,
        "total_ios" : 0,
        "short_ios" : 0,
        "drop_ios" : 0,
        "slat_ns" : {
          "min" : 0,
          "max" : 0,
          "mean" : 0.000000,
          "stddev" : 0.000000,
          "N" : 0
        },
        "clat_ns" : {
          "min" : 0,
          "max" : 0,
          "mean" : 0.000000,
          "stddev" : 0.000000,
          "N" : 0
        },
        "lat_ns" : {
          "min" : 0,
          "max" : 0,
          "mean" : 0.000000,
          "stddev" : 0.000000,
          "N" : 0
        },
        "bw_min" : 0,
        "bw_max" : 0,
        "bw_agg" : 0.000000,
        "bw_mean" : 0.000000,
        "bw_dev" : 0.000000,
        "bw_samples" : 0,
        "iops_min" : 0,
        "iops_max" : 0,
        "iops_mean" : 0.000000,
        "iops_stddev" : 0.000000,
        "iops_samples" : 0
      },
      "trim" : {
        "io_bytes" : 0,
        "io_kbytes" : 0,
        "bw_bytes" : 0,
        "bw" : 0,
        "iops" : 0.000000,
        "runtime" : 0,
        "total_ios" : 0,
        "short_ios" : 0,
        "drop_ios" : 0,
        "slat_ns" : {
          "min" : 0,
          "max" : 0,
          "mean" : 0.000000,
          "stddev" : 0.000000,
          "N" : 0
        },
        "clat_ns" : {
          "min" : 0,
          "max" : 0,
          "mean" : 0.000000,
          "stddev" : 0.000000,
          "N" : 0
        },
        "lat_ns" : {
          "min" : 0,
          "max" : 0,
          "mean" : 0.000000,
          "stddev" : 0.000000,
          "N" : 0
        },
        "bw_min" : 0,
        "bw_max" : 0,
        "bw_agg" : 0.000000,
        "bw_mean" : 0.000000,
        "bw_dev" : 0.000000,
        "bw_samples" : 0,
        "iops_min" : 0,
        "iops_max" : 0,
        "iops_mean" : 0.000000,
        "iops_stddev" : 0.000000,
        "iops_samples" : 0
      },
      "sync" : {
        "total_ios" : 0,
        "lat_ns" : {
          "min" : 0,
          "max" : 0,
          "mean" : 0.000000,
          "stddev" : 0.000000,
          "N" : 0
        }
      },
      "job_runtime" : 2611,
      "usr_cpu" : 0.153198,
      "sys_cpu" : 21.562620,
      "ctx" : 181,
      "majf" : 0,
      "minf" : 32779,
      "iodepth_level" : {
        "1" : 0.100000,
        "2" : 0.100000,
        "4" : 0.195312,
        "8" : 0.390625,
        "16" : 0.781250,
        "32" : 98.486328,
        ">=64" : 0.000000
      },
      "iodepth_submit" : {
        "0" : 0.000000,
        "4" : 100.000000,
        "8" : 0.000000,
        "16" : 0.000000,
        "32" : 0.000000,
        "64" : 0.000000,
        ">=64" : 0.000000
      },
      "iodepth_complete" : {
        "0" : 0.000000,
        "4" : 99.950446,
        "8" : 0.000000,
        "16" : 0.000000,
        "32" : 0.100000,
        "64" : 0.000000,
        ">=64" : 0.000000
      },
      "latency_ns" : {
        "2" : 0.000000,
        "4" : 0.000000,
        "10" : 0.000000,
        "20" : 0.000000,
        "50" : 0.000000,
        "100" : 0.000000,
        "250" : 0.000000,
        "500" : 0.000000,
        "750" : 0.000000,
        "1000" : 0.000000
      },
      "latency_us" : {
        "2" : 0.000000,
        "4" : 0.000000,
        "10" : 0.000000,
        "20" : 0.000000,
        "50" : 0.000000,
        "100" : 0.000000,
        "250" : 0.000000,
        "500" : 0.000000,
        "750" : 0.000000,
        "1000" : 0.000000
      },
      "latency_ms" : {
        "2" : 0.000000,
        "4" : 0.000000,
        "10" : 1.074219,
        "20" : 2.197266,
        "50" : 79.150391,
        "100" : 17.578125,
        "250" : 0.000000,
        "500" : 0.000000,
        "750" : 0.000000,
        "1000" : 0.000000,
        "2000" : 0.000000,
        ">=2000" : 0.000000
      },
      "latency_depth" : 32,
      "latency_target" : 0,
      "latency_percentile" : 100.000000,
      "latency_window" : 0
    }
  ],
  "disk_util" : [
    {
      "name" : "dm-1",
      "read_ios" : 21410,
      "write_ios" : 651,
      "read_sectors" : 15455896,
      "write_sectors" : 32072,
      "read_merges" : 0,
      "write_merges" : 0,
      "read_ticks" : 240150,
      "write_ticks" : 2905,
      "in_queue" : 243055,
      "util" : 96.030473,
      "aggr_read_ios" : 76859,
      "aggr_write_ios" : 763,
      "aggr_read_sectors" : 16848880,
      "aggr_write_sectors" : 32408,
      "aggr_read_merges" : 0,
      "aggr_write_merge" : 0,
      "aggr_read_ticks" : 901092,
      "aggr_write_ticks" : 3241,
      "aggr_in_queue" : 904333,
      "aggr_util" : 96.359665
    },
    {
      "name" : "dm-0",
      "read_ios" : 76859,
      "write_ios" : 763,
      "read_sectors" : 16848880,
      "write_sectors" : 32408,
      "read_merges" : 0,
      "write_merges" : 0,
      "read_ticks" : 901092,
      "write_ticks" : 3241,
      "in_queue" : 904333,
      "util" : 96.359665,
      "aggr_read_ios" : 72011,
      "aggr_write_ios" : 593,
      "aggr_read_sectors" : 16848880,
      "aggr_write_sectors" : 32408,
      "aggr_read_merges" : 4848,
      "aggr_write_merge" : 170,
      "aggr_read_ticks" : 887064,
      "aggr_write_ticks" : 2679,
      "aggr_in_queue" : 889810,
      "aggr_util" : 84.450109
    },
    {
      "name" : "nvme0n1",
      "read_ios" : 72011,
      "write_ios" : 593,
      "read_sectors" : 16848880,
      "write_sectors" : 32408,
      "read_merges" : 4848,
      "write_merges" : 170,
      "read_ticks" : 887064,
      "write_ticks" : 2679,
      "in_queue" : 889810,
      "util" : 84.450109
    }
  ]
}
