{
  "fio version" : "fio-3.41",
  "timestamp" : 1783610598,
  "timestamp_ms" : 1783610598536,
  "time" : "Thu Jul  9 17:23:18 2026",
  "jobs" : [
    {
      "jobname" : "sweep",
      "groupid" : 0,
      "job_start" : 1783610578642,
      "error" : 0,
      "eta" : 0,
      "elapsed" : 20,
      "job options" : {
        "name" : "sweep",
        "filename" : "./fio-testfile",
        "rw" : "read",
        "ioengine" : "libaio",
        "iodepth" : "64",
        "bs" : "1M",
        "direct" : "1",
        "group_reporting" : ""
      },
      "read" : {
        "io_bytes" : 107374182400,
        "io_kbytes" : 104857600,
        "bw_bytes" : 5441075423,
        "bw" : 5313550,
        "iops" : 5189.013885,
        "runtime" : 19734,
        "total_ios" : 102400,
        "short_ios" : 0,
        "drop_ios" : 0,
        "slat_ns" : {
          "min" : 72369,
          "max" : 5635741,
          "mean" : 184234.536904,
          "stddev" : 62582.957855,
          "N" : 102400
        },
        "clat_ns" : {
          "min" : 6154992,
          "max" : 44654576,
          "mean" : 12133922.229678,
          "stddev" : 2830942.472357,
          "N" : 102400,
          "percentile" : {
            "1.000000" : 8093696,
            "5.000000" : 8454144,
            "10.000000" : 8585216,
            "20.000000" : 8978432,
            "30.000000" : 9764864,
            "40.000000" : 10813440,
            "50.000000" : 11993088,
            "60.000000" : 13303808,
            "70.000000" : 14483456,
            "80.000000" : 15138816,
            "90.000000" : 15663104,
            "95.000000" : 16187392,
            "99.000000" : 17170432,
            "99.500000" : 17694720,
            "99.900000" : 19267584,
            "99.950000" : 23199744,
            "99.990000" : 40108032
          }
        },
        "lat_ns" : {
          "min" : 6266204,
          "max" : 46689172,
          "mean" : 12318156.766582,
          "stddev" : 2874202.261102,
          "N" : 102400
        },
        "bw_min" : 4534272,
        "bw_max" : 5593088,
        "bw_agg" : 99.934992,
        "bw_mean" : 5310096.410256,
        "bw_dev" : 198090.061320,
        "bw_samples" : 39,
        "iops_min" : 4428,
        "iops_max" : 5462,
        "iops_mean" : 5185.641026,
        "iops_stddev" : 193.447326,
        "iops_samples" : 39
      },
      "write" : {
        "io_bytes" : 0,
        "io_kbytes" : 0,
        "bw_bytes" : 0,
        "bw" : 0,
        "iops" : 0.000000,
        "runtime" : 0,
        "total_ios" : 0,
        "short_ios" : 0,
        "drop_ios" : 0,
        "slat_ns" : {
          "min" : 0,
          "max" : 0,
          "mean" : 0.000000,
          "stddev" : 0.000000,
          "N" : 0
        },
        "clat_ns" : {
          "min" : 0,
          "max" : 0,
          "mean" : 0.000000,
          "stddev" : 0.000000,
          "N" : 0
        },
        "lat_ns" : {
          "min" : 0,
          "max" : 0,
          "mean" : 0.000000,
          "stddev" : 0.000000,
          "N" : 0
        },
        "bw_min" : 0,
        "bw_max" : 0,
        "bw_agg" : 0.000000,
        "bw_mean" : 0.000000,
        "bw_dev" : 0.000000,
        "bw_samples" : 0,
        "iops_min" : 0,
        "iops_max" : 0,
        "iops_mean" : 0.000000,
        "iops_stddev" : 0.000000,
        "iops_samples" : 0
      },
      "trim" : {
        "io_bytes" : 0,
        "io_kbytes" : 0,
        "bw_bytes" : 0,
        "bw" : 0,
        "iops" : 0.000000,
        "runtime" : 0,
        "total_ios" : 0,
        "short_ios" : 0,
        "drop_ios" : 0,
        "slat_ns" : {
          "min" : 0,
          "max" : 0,
          "mean" : 0.000000,
          "stddev" : 0.000000,
          "N" : 0
        },
        "clat_ns" : {
          "min" : 0,
          "max" : 0,
          "mean" : 0.000000,
          "stddev" : 0.000000,
          "N" : 0
        },
        "lat_ns" : {
          "min" : 0,
          "max" : 0,
          "mean" : 0.000000,
          "stddev" : 0.000000,
          "N" : 0
        },
        "bw_min" : 0,
        "bw_max" : 0,
        "bw_agg" : 0.000000,
        "bw_mean" : 0.000000,
        "bw_dev" : 0.000000,
        "bw_samples" : 0,
        "iops_min" : 0,
        "iops_max" : 0,
        "iops_mean" : 0.000000,
        "iops_stddev" : 0.000000,
        "iops_samples" : 0
      },
      "sync" : {
        "total_ios" : 0,
        "lat_ns" : {
          "min" : 0,
          "max" : 0,
          "mean" : 0.000000,
          "stddev" : 0.000000,
          "N" : 0
        }
      },
      "job_runtime" : 19733,
      "usr_cpu" : 0.527036,
      "sys_cpu" : 95.545533,
      "ctx" : 9500,
      "majf" : 0,
      "minf" : 16391,
      "iodepth_level" : {
        "1" : 0.100000,
        "2" : 0.100000,
        "4" : 0.100000,
        "8" : 0.100000,
        "16" : 0.100000,
        "32" : 0.100000,
        ">=64" : 99.938477
      },
      "iodepth_submit" : {
        "0" : 0.000000,
        "4" : 100.000000,
        "8" : 0.000000,
        "16" : 0.000000,
        "32" : 0.000000,
        "64" : 0.000000,
        ">=64" : 0.000000
      },
      "iodepth_complete" : {
        "0" : 0.000000,
        "4" : 99.999023,
        "8" : 0.000000,
        "16" : 0.000000,
        "32" : 0.000000,
        "64" : 0.100000,
        ">=64" : 0.000000
      },
      "latency_ns" : {
        "2" : 0.000000,
        "4" : 0.000000,
        "10" : 0.000000,
        "20" : 0.000000,
        "50" : 0.000000,
        "100" : 0.000000,
        "250" : 0.000000,
        "500" : 0.000000,
        "750" : 0.000000,
        "1000" : 0.000000
      },
      "latency_us" : {
        "2" : 0.000000,
        "4" : 0.000000,
        "10" : 0.000000,
        "20" : 0.000000,
        "50" : 0.000000,
        "100" : 0.000000,
        "250" : 0.000000,
        "500" : 0.000000,
        "750" : 0.000000,
        "1000" : 0.000000
      },
      "latency_ms" : {
        "2" : 0.000000,
        "4" : 0.000000,
        "10" : 31.776367,
        "20" : 68.147461,
        "50" : 0.076172,
        "100" : 0.000000,
        "250" : 0.000000,
        "500" : 0.000000,
        "750" : 0.000000,
        "1000" : 0.000000,
        "2000" : 0.000000,
        ">=2000" : 0.000000
      },
      "latency_depth" : 64,
      "latency_target" : 0,
      "latency_percentile" : 100.000000,
      "latency_window" : 0
    }
  ],
  "disk_util" : [
    {
      "name" : "dm-1",
      "read_ios" : 141358,
      "write_ios" : 10730,
      "read_sectors" : 209080416,
      "write_sectors" : 92480,
      "read_merges" : 0,
      "write_merges" : 0,
      "read_ticks" : 519349,
      "write_ticks" : 26386,
      "in_queue" : 545735,
      "util" : 99.472830,
      "aggr_read_ios" : 858669,
      "aggr_write_ios" : 10847,
      "aggr_read_sectors" : 210126944,
      "aggr_write_sectors" : 92480,
      "aggr_read_merges" : 0,
      "aggr_write_merge" : 0,
      "aggr_read_ticks" : 3724671,
      "aggr_write_ticks" : 26375,
      "aggr_in_queue" : 3751046,
      "aggr_util" : 99.279887
    },
    {
      "name" : "dm-0",
      "read_ios" : 858669,
      "write_ios" : 10847,
      "read_sectors" : 210126944,
      "write_sectors" : 92480,
      "read_merges" : 0,
      "write_merges" : 0,
      "read_ticks" : 3724671,
      "write_ticks" : 26375,
      "in_queue" : 3751046,
      "util" : 99.279887,
      "aggr_read_ios" : 845652,
      "aggr_write_ios" : 3586,
      "aggr_read_sectors" : 210126944,
      "aggr_write_sectors" : 92480,
      "aggr_read_merges" : 13017,
      "aggr_write_merge" : 7261,
      "aggr_read_ticks" : 3634182,
      "aggr_write_ticks" : 6093,
      "aggr_in_queue" : 3640360,
      "aggr_util" : 63.752644
    },
    {
      "name" : "nvme0n1",
      "read_ios" : 845652,
      "write_ios" : 3586,
      "read_sectors" : 210126944,
      "write_sectors" : 92480,
      "read_merges" : 13017,
      "write_merges" : 7261,
      "read_ticks" : 3634182,
      "write_ticks" : 6093,
      "in_queue" : 3640360,