{
  "fio version" : "fio-3.41",
  "timestamp" : 1783091563,
  "timestamp_ms" : 1783091563667,
  "time" : "Fri Jul  3 17:12:43 2026",
  "jobs" : [
    {
      "jobname" : "sweep",
      "groupid" : 0,
      "job_start" : 1783091553521,
      "error" : 0,
      "eta" : 0,
      "elapsed" : 11,
      "job options" : {
        "name" : "sweep",
        "filename" : "./fio-testfile",
        "rw" : "read",
        "ioengine" : "libaio",
        "iodepth" : "8",
        "bs" : "256k",
        "direct" : "1",
        "time_based" : "",
        "runtime" : "10s",
        "loops" : "1000",
        "group_reporting" : ""
      },
      "read" : {
        "io_bytes" : 55241605120,
        "io_kbytes" : 53946880,
        "bw_bytes" : 5523608151,
        "bw" : 5394148,
        "iops" : 21070.892911,
        "runtime" : 10001,
        "total_ios" : 210730,
        "short_ios" : 0,
        "drop_ios" : 0,
        "slat_ns" : {
          "min" : 16904,
          "max" : 802755,
          "mean" : 40439.090201,
          "stddev" : 15564.251984,
          "N" : 210730
        },
        "clat_ns" : {
          "min" : 165255,
          "max" : 2501156,
          "mean" : 338829.205234,
          "stddev" : 82576.991742,
          "N" : 210730,
          "percentile" : {
            "1.000000" : 222208,
            "5.000000" : 240640,
            "10.000000" : 252928,
            "20.000000" : 268288,
            "30.000000" : 284672,
            "40.000000" : 296960,
            "50.000000" : 317440,
            "60.000000" : 346112,
            "70.000000" : 382976,
            "80.000000" : 415744,
            "90.000000" : 444416,
            "95.000000" : 464896,
            "99.000000" : 528384,
            "99.500000" : 610304,
            "99.900000" : 897024,
            "99.950000" : 1056768,
            "99.990000" : 1941504
          }
        },
        "lat_ns" : {
          "min" : 187361,
          "max" : 2557149,
          "mean" : 379268.295435,
          "stddev" : 93746.697858,
          "N" : 210730
        },
        "bw_min" : 4411392,
        "bw_max" : 6462464,
        "bw_agg" : 100.000000,
        "bw_mean" : 5394688.000000,
        "bw_dev" : 640031.506088,
        "bw_samples" : 20,
        "iops_min" : 17232,
        "iops_max" : 25244,
        "iops_mean" : 21073.000000,
        "iops_stddev" : 2500.123071,
        "iops_samples" : 20
      },
      "write" : {
        "io_bytes" : 0,
        "io_kbytes" : 0,
        "bw_bytes" : 0,
        "bw" : 0,
        "iops" : 0.000000,
        "runtime" : 0,
        "total_ios" : 0,
        "short_ios" : 0,
        "drop_ios" : 0,
        "slat_ns" : {
          "min" : 0,
          "max" : 0,
          "mean" : 0.000000,
          "stddev" : 0.000000,
          "N" : 0
        },
        "clat_ns" : {
          "min" : 0,
          "max" : 0,
          "mean" : 0.000000,
          "stddev" : 0.000000,
          "N" : 0
        },
        "lat_ns" : {
          "min" : 0,
          "max" : 0,
          "mean" : 0.000000,
          "stddev" : 0.000000,
          "N" : 0
        },
        "bw_min" : 0,
        "bw_max" : 0,
        "bw_agg" : 0.000000,
        "bw_mean" : 0.000000,
        "bw_dev" : 0.000000,
        "bw_samples" : 0,
        "iops_min" : 0,
        "iops_max" : 0,
        "iops_mean" : 0.000000,
        "iops_stddev" : 0.000000,
        "iops_samples" : 0
      },
      "trim" : {
        "io_bytes" : 0,
        "io_kbytes" : 0,
        "bw_bytes" : 0,
        "bw" : 0,
        "iops" : 0.000000,
        "runtime" : 0,
        "total_ios" : 0,
        "short_ios" : 0,
        "drop_ios" : 0,
        "slat_ns" : {
          "min" : 0,
          "max" : 0,
          "mean" : 0.000000,
          "stddev" : 0.000000,
          "N" : 0
        },
        "clat_ns" : {
          "min" : 0,
          "max" : 0,
          "mean" : 0.000000,
          "stddev" : 0.000000,
          "N" : 0
        },
        "lat_ns" : {
          "min" : 0,
          "max" : 0,
          "mean" : 0.000000,
          "stddev" : 0.000000,
          "N" : 0
        },
        "bw_min" : 0,
        "bw_max" : 0,
        "bw_agg" : 0.000000,
        "bw_mean" : 0.000000,
        "bw_dev" : 0.000000,
        "bw_samples" : 0,
        "iops_min" : 0,
        "iops_max" : 0,
        "iops_mean" : 0.000000,
        "iops_stddev" : 0.000000,
        "iops_samples" : 0
      },
      "sync" : {
        "total_ios" : 0,
        "lat_ns" : {
          "min" : 0,
          "max" : 0,
          "mean" : 0.000000,
          "stddev" : 0.000000,
          "N" : 0
        }
      },
      "job_runtime" : 10000,
      "usr_cpu" : 1.920000,
      "sys_cpu" : 86.560000,
      "ctx" : 52401,
      "majf" : 0,
      "minf" : 521,
      "iodepth_level" : {
        "1" : 0.100000,
        "2" : 0.100000,
        "4" : 0.100000,
        "8" : 99.996678,
        "16" : 0.000000,
        "32" : 0.000000,
        ">=64" : 0.000000
      },
      "iodepth_submit" : {
        "0" : 0.000000,
        "4" : 100.000000,
        "8" : 0.000000,
        "16" : 0.000000,
        "32" : 0.000000,
        "64" : 0.000000,
        ">=64" : 0.000000
      },
      "iodepth_complete" : {
        "0" : 0.000000,
        "4" : 99.999525,
        "8" : 0.100000,
        "16" : 0.000000,
        "32" : 0.000000,
        "64" : 0.000000,
        ">=64" : 0.000000
      },
      "latency_ns" : {
        "2" : 0.000000,
        "4" : 0.000000,
        "10" : 0.000000,
        "20" : 0.000000,
        "50" : 0.000000,
        "100" : 0.000000,
        "250" : 0.000000,
        "500" : 0.000000,
        "750" : 0.000000,
        "1000" : 0.000000
      },
      "latency_us" : {
        "2" : 0.000000,
        "4" : 0.000000,
        "10" : 0.000000,
        "20" : 0.000000,
        "50" : 0.000000,
        "100" : 0.000000,
        "250" : 8.397950,
        "500" : 89.971053,
        "750" : 1.430741,
        "1000" : 0.139515
      },
      "latency_ms" : {
        "2" : 0.052674,
        "4" : 0.010000,
        "10" : 0.000000,
        "20" : 0.000000,
        "50" : 0.000000,
        "100" : 0.000000,
        "250" : 0.000000,
        "500" : 0.000000,
        "750" : 0.000000,
        "1000" : 0.000000,
        "2000" : 0.000000,
        ">=2000" : 0.000000
      },
      "latency_depth" : 8,
      "latency_target" : 0,
      "latency_percentile" : 100.000000,
      "latency_window" : 0
    }
  ],
  "disk_util" : [
    {
      "name" : "dm-1",
      "read_ios" : 208489,
      "write_ios" : 1151,
      "read_sectors" : 106726264,
      "write_sectors" : 16296,
      "read_merges" : 0,
      "write_merges" : 0,
      "read_ticks" : 61189,
      "write_ticks" : 194,
      "in_queue" : 61383,
      "util" : 99.058965,
      "aggr_read_ios" : 421500,
      "aggr_write_ios" : 1220,
      "aggr_read_sectors" : 107894136,
      "aggr_write_sectors" : 16296,
      "aggr_read_merges" : 0,
      "aggr_write_merge" : 0,
      "aggr_read_ticks" : 116284,
      "aggr_write_ticks" : 192,
      "aggr_in_queue" : 116476,
      "aggr_util" : 98.706939
    },
    {
      "name" : "dm-0",
      "read_ios" : 421500,
      "write_ios" : 1220,
      "read_sectors" : 107894136,
      "write_sectors" : 16296,
      "read_merges" : 0,
      "write_merges" : 0,
      "read_ticks" : 116284,
      "write_ticks" : 192,
      "in_queue" : 116476,
      "util" : 98.706939,
      "aggr_read_ios" : 421500,
      "aggr_write_ios" : 766,
      "aggr_read_sectors" : 107894136,
      "aggr_write_sectors" : 16296,
      "aggr_read_merges" : 0,
      "aggr_write_merge" : 454,
      "aggr_read_ticks" : 82405,
      "aggr_write_ticks" : 79,
      "aggr_in_queue" : 82512,
      "aggr_util" : 73.879566
    },
    {
      "name" : "nvme0n1",
      "read_ios" : 421500,
      "write_ios" : 766,
      "read_sectors" : 107894136,
      "write_sectors" : 16296,
      "read_merges" : 0,
      "write_merges" : 454,
      "read_ticks" : 82405,
      "write_ticks" : 79,
      "in_queue" : 82512,