{
  "fio version" : "fio-3.36",
  "timestamp" : 1783509015,
  "timestamp_ms" : 1783509015791,
  "time" : "Wed Jul  8 13:10:15 2026",
  "jobs" : [
    {
      "jobname" : "sweep",
      "groupid" : 0,
      "job_start" : 1783509013506,
      "error" : 0,
      "eta" : 0,
      "elapsed" : 3,
      "job options" : {
        "name" : "sweep",
        "filename" : "./fio-testfile",
        "rw" : "read",
        "ioengine" : "libaio",
        "iodepth" : "32",
        "bs" : "64k",
        "direct" : "1"
      },
      "read" : {
        "io_bytes" : 8589934592,
        "io_kbytes" : 8388608,
        "bw_bytes" : 3821145281,
        "bw" : 3731587,
        "iops" : 58306.049822,
        "runtime" : 2248,
        "total_ios" : 131072,
        "short_ios" : 0,
        "drop_ios" : 0,
        "slat_ns" : {
          "min" : 5429,
          "max" : 6986284,
          "mean" : 8515.434441,
          "stddev" : 36125.861246,
          "N" : 131072
        },
        "clat_ns" : {
          "min" : 169343,
          "max" : 7516794,
          "mean" : 539461.505981,
          "stddev" : 302830.683082,
          "N" : 131072,
          "percentile" : {
            "1.000000" : 268288,
            "5.000000" : 321536,
            "10.000000" : 354304,
            "20.000000" : 395264,
            "30.000000" : 428032,
            "40.000000" : 456704,
            "50.000000" : 485376,
            "60.000000" : 518144,
            "70.000000" : 561152,
            "80.000000" : 618496,
            "90.000000" : 716800,
            "95.000000" : 831488,
            "99.000000" : 1990656,
            "99.500000" : 2342912,
            "99.900000" : 3555328,
            "99.950000" : 6127616,
            "99.990000" : 7307264
          }
        },
        "lat_ns" : {
          "min" : 176643,
          "max" : 7522463,
          "mean" : 547976.940422,
          "stddev" : 304570.788094,
          "N" : 131072
        },
        "bw_min" : 3569920,
        "bw_max" : 3931904,
        "bw_agg" : 99.530838,
        "bw_mean" : 3714080.000000,
        "bw_dev" : 167673.693520,
        "bw_samples" : 4,
        "iops_min" : 55780,
        "iops_max" : 61436,
        "iops_mean" : 58032.500000,
        "iops_stddev" : 2619.901461,
        "iops_samples" : 4
      },
      "write" : {
        "io_bytes" : 0,
        "io_kbytes" : 0,
        "bw_bytes" : 0,
        "bw" : 0,
        "iops" : 0.000000,
        "runtime" : 0,
        "total_ios" : 0,
        "short_ios" : 0,
        "drop_ios" : 0,
        "slat_ns" : {
          "min" : 0,
          "max" : 0,
          "mean" : 0.000000,
          "stddev" : 0.000000,
          "N" : 0
        },
        "clat_ns" : {
          "min" : 0,
          "max" : 0,
          "mean" : 0.000000,
          "stddev" : 0.000000,
          "N" : 0
        },
        "lat_ns" : {
          "min" : 0,
          "max" : 0,
          "mean" : 0.000000,
          "stddev" : 0.000000,
          "N" : 0
        },
        "bw_min" : 0,
        "bw_max" : 0,
        "bw_agg" : 0.000000,
        "bw_mean" : 0.000000,
        "bw_dev" : 0.000000,
        "bw_samples" : 0,
        "iops_min" : 0,
        "iops_max" : 0,
        "iops_mean" : 0.000000,
        "iops_stddev" : 0.000000,
        "iops_samples" : 0
      },
      "trim" : {
        "io_bytes" : 0,
        "io_kbytes" : 0,
        "bw_bytes" : 0,
        "bw" : 0,
        "iops" : 0.000000,
        "runtime" : 0,
        "total_ios" : 0,
        "short_ios" : 0,
        "drop_ios" : 0,
        "slat_ns" : {
          "min" : 0,
          "max" : 0,
          "mean" : 0.000000,
          "stddev" : 0.000000,
          "N" : 0
        },
        "clat_ns" : {
          "min" : 0,
          "max" : 0,
          "mean" : 0.000000,
          "stddev" : 0.000000,
          "N" : 0
        },
        "lat_ns" : {
          "min" : 0,
          "max" : 0,
          "mean" : 0.000000,
          "stddev" : 0.000000,
          "N" : 0
        },
        "bw_min" : 0,
        "bw_max" : 0,
        "bw_agg" : 0.000000,
        "bw_mean" : 0.000000,
        "bw_dev" : 0.000000,
        "bw_samples" : 0,
        "iops_min" : 0,
        "iops_max" : 0,
        "iops_mean" : 0.000000,
        "iops_stddev" : 0.000000,
        "iops_samples" : 0
      },
      "sync" : {
        "total_ios" : 0,
        "lat_ns" : {
          "min" : 0,
          "max" : 0,
          "mean" : 0.000000,
          "stddev" : 0.000000,
          "N" : 0
        }
      },
      "job_runtime" : 2247,
      "usr_cpu" : 6.675567,
      "sys_cpu" : 51.357365,
      "ctx" : 52781,
      "majf" : 0,
      "minf" : 525,
      "iodepth_level" : {
        "1" : 0.100000,
        "2" : 0.100000,
        "4" : 0.100000,
        "8" : 0.100000,
        "16" : 0.100000,
        "32" : 99.976349,
        ">=64" : 0.000000
      },
      "iodepth_submit" : {
        "0" : 0.000000,
        "4" : 100.000000,
        "8" : 0.000000,
        "16" : 0.000000,
        "32" : 0.000000,
        "64" : 0.000000,
        ">=64" : 0.000000
      },
      "iodepth_complete" : {
        "0" : 0.000000,
        "4" : 99.999237,
        "8" : 0.000000,
        "16" : 0.000000,
        "32" : 0.100000,
        "64" : 0.000000,
        ">=64" : 0.000000
      },
      "latency_ns" : {
        "2" : 0.000000,
        "4" : 0.000000,
        "10" : 0.000000,
        "20" : 0.000000,
        "50" : 0.000000,
        "100" : 0.000000,
        "250" : 0.000000,
        "500" : 0.000000,
        "750" : 0.000000,
        "1000" : 0.000000
      },
      "latency_us" : {
        "2" : 0.000000,
        "4" : 0.000000,
        "10" : 0.000000,
        "20" : 0.000000,
        "50" : 0.000000,
        "100" : 0.000000,
        "250" : 0.568390,
        "500" : 54.043579,
        "750" : 37.474060,
        "1000" : 5.367279
      },
      "latency_ms" : {
        "2" : 1.558685,
        "4" : 0.914001,
        "10" : 0.074005,
        "20" : 0.000000,
        "50" : 0.000000,
        "100" : 0.000000,
        "250" : 0.000000,
        "500" : 0.000000,
        "750" : 0.000000,
        "1000" : 0.000000,
        "2000" : 0.000000,
        ">=2000" : 0.000000
      },
      "latency_depth" : 32,
      "latency_target" : 0,
      "latency_percentile" : 100.000000,
      "latency_window" : 0
    }
  ],
  "disk_util" : [
    {
      "name" : "dm-1",
      "read_ios" : 140535,
      "write_ios" : 405,
      "read_sectors" : 15992608,
      "write_sectors" : 9432,
      "read_merges" : 0,
      "write_merges" : 0,
      "read_ticks" : 71681,
      "write_ticks" : 252,
      "in_queue" : 71933,
      "util" : 95.407936,
      "aggr_read_ios" : 148297,
      "aggr_write_ios" : 447,
      "aggr_read_sectors" : 16829344,
      "aggr_write_sectors" : 9696,
      "aggr_read_merges" : 0,
      "aggr_write_merge" : 0,
      "aggr_read_ticks" : 75313,
      "aggr_write_ticks" : 254,
      "aggr_in_queue" : 75567,
      "aggr_util" : 95.342006
    },
    {
      "name" : "dm-0",
      "read_ios" : 148297,
      "write_ios" : 447,
      "read_sectors" : 16829344,
      "write_sectors" : 9696,
      "read_merges" : 0,
      "write_merges" : 0,
      "read_ticks" : 75313,
      "write_ticks" : 254,
      "in_queue" : 75567,
      "util" : 95.342006,
      "aggr_read_ios" : 147532,
      "aggr_write_ios" : 279,
      "aggr_read_sectors" : 16829344,
      "aggr_write_sectors" : 9696,
      "aggr_read_merges" : 765,
      "aggr_write_merge" : 168,
      "aggr_read_ticks" : 70621,
      "aggr_write_ticks" : 243,
      "aggr_in_queue" : 70926,
      "aggr_util" : 60.176248
    },
    {
      "name" : "nvme0n1",
      "read_ios" : 147532,
      "write_ios" : 279,
      "read_sectors" : 16829344,
      "write_sectors" : 9696,
      "read_merges" : 765,
      "write_merges" : 168,
      "read_ticks" : 70621,
      "write_ticks" : 243,
      "in_queue" : 70926,
      "util" : 60.176248
    }
  ]
}
