{
  "fio version" : "fio-3.36",
  "timestamp" : 1783509047,
  "timestamp_ms" : 1783509047301,
  "time" : "Wed Jul  8 13:10:47 2026",
  "jobs" : [
    {
      "jobname" : "sweep",
      "groupid" : 0,
      "job_start" : 1783509044863,
      "error" : 0,
      "eta" : 0,
      "elapsed" : 3,
      "job options" : {
        "name" : "sweep",
        "filename" : "./fio-testfile",
        "rw" : "read",
        "ioengine" : "libaio",
        "iodepth" : "8",
        "bs" : "256k",
        "direct" : "1"
      },
      "read" : {
        "io_bytes" : 8589934592,
        "io_kbytes" : 8388608,
        "bw_bytes" : 3583618937,
        "bw" : 3499627,
        "iops" : 13670.421360,
        "runtime" : 2397,
        "total_ios" : 32768,
        "short_ios" : 0,
        "drop_ios" : 0,
        "slat_ns" : {
          "min" : 14090,
          "max" : 7102840,
          "mean" : 22370.849457,
          "stddev" : 78177.245540,
          "N" : 32768
        },
        "clat_ns" : {
          "min" : 130815,
          "max" : 8713497,
          "mean" : 562221.755341,
          "stddev" : 326784.239574,
          "N" : 32768,
          "percentile" : {
            "1.000000" : 325632,
            "5.000000" : 366592,
            "10.000000" : 391168,
            "20.000000" : 423936,
            "30.000000" : 448512,
            "40.000000" : 473088,
            "50.000000" : 501760,
            "60.000000" : 536576,
            "70.000000" : 569344,
            "80.000000" : 626688,
            "90.000000" : 724992,
            "95.000000" : 831488,
            "99.000000" : 1941504,
            "99.500000" : 2310144,
            "99.900000" : 4685824,
            "99.950000" : 7438336,
            "99.990000" : 8585216
          }
        },
        "lat_ns" : {
          "min" : 264490,
          "max" : 8735646,
          "mean" : 584592.604797,
          "stddev" : 335614.098104,
          "N" : 32768
        },
        "bw_min" : 2946048,
        "bw_max" : 3724288,
        "bw_agg" : 99.093507,
        "bw_mean" : 3467904.000000,
        "bw_dev" : 352754.592875,
        "bw_samples" : 4,
        "iops_min" : 11508,
        "iops_max" : 14548,
        "iops_mean" : 13546.500000,
        "iops_stddev" : 1377.947628,
        "iops_samples" : 4
      },
      "write" : {
        "io_bytes" : 0,
        "io_kbytes" : 0,
        "bw_bytes" : 0,
        "bw" : 0,
        "iops" : 0.000000,
        "runtime" : 0,
        "total_ios" : 0,
        "short_ios" : 0,
        "drop_ios" : 0,
        "slat_ns" : {
          "min" : 0,
          "max" : 0,
          "mean" : 0.000000,
          "stddev" : 0.000000,
          "N" : 0
        },
        "clat_ns" : {
          "min" : 0,
          "max" : 0,
          "mean" : 0.000000,
          "stddev" : 0.000000,
          "N" : 0
        },
        "lat_ns" : {
          "min" : 0,
          "max" : 0,
          "mean" : 0.000000,
          "stddev" : 0.000000,
          "N" : 0
        },
        "bw_min" : 0,
        "bw_max" : 0,
        "bw_agg" : 0.000000,
        "bw_mean" : 0.000000,
        "bw_dev" : 0.000000,
        "bw_samples" : 0,
        "iops_min" : 0,
        "iops_max" : 0,
        "iops_mean" : 0.000000,
        "iops_stddev" : 0.000000,
        "iops_samples" : 0
      },
      "trim" : {
        "io_bytes" : 0,
        "io_kbytes" : 0,
        "bw_bytes" : 0,
        "bw" : 0,
        "iops" : 0.000000,
        "runtime" : 0,
        "total_ios" : 0,
        "short_ios" : 0,
        "drop_ios" : 0,
        "slat_ns" : {
          "min" : 0,
          "max" : 0,
          "mean" : 0.000000,
          "stddev" : 0.000000,
          "N" : 0
        },
        "clat_ns" : {
          "min" : 0,
          "max" : 0,
          "mean" : 0.000000,
          "stddev" : 0.000000,
          "N" : 0
        },
        "lat_ns" : {
          "min" : 0,
          "max" : 0,
          "mean" : 0.000000,
          "stddev" : 0.000000,
          "N" : 0
        },
        "bw_min" : 0,
        "bw_max" : 0,
        "bw_agg" : 0.000000,
        "bw_mean" : 0.000000,
        "bw_dev" : 0.000000,
        "bw_samples" : 0,
        "iops_min" : 0,
        "iops_max" : 0,
        "iops_mean" : 0.000000,
        "iops_stddev" : 0.000000,
        "iops_samples" : 0
      },
      "sync" : {
        "total_ios" : 0,
        "lat_ns" : {
          "min" : 0,
          "max" : 0,
          "mean" : 0.000000,
          "stddev" : 0.000000,
          "N" : 0
        }
      },
      "job_runtime" : 2396,
      "usr_cpu" : 0.918197,
      "sys_cpu" : 30.801336,
      "ctx" : 24359,
      "majf" : 0,
      "minf" : 527,
      "iodepth_level" : {
        "1" : 0.100000,
        "2" : 0.100000,
        "4" : 0.100000,
        "8" : 99.978638,
        "16" : 0.000000,
        "32" : 0.000000,
        ">=64" : 0.000000
      },
      "iodepth_submit" : {
        "0" : 0.000000,
        "4" : 100.000000,
        "8" : 0.000000,
        "16" : 0.000000,
        "32" : 0.000000,
        "64" : 0.000000,
        ">=64" : 0.000000
      },
      "iodepth_complete" : {
        "0" : 0.000000,
        "4" : 99.996948,
        "8" : 0.100000,
        "16" : 0.000000,
        "32" : 0.000000,
        "64" : 0.000000,
        ">=64" : 0.000000
      },
      "latency_ns" : {
        "2" : 0.000000,
        "4" : 0.000000,
        "10" : 0.000000,
        "20" : 0.000000,
        "50" : 0.000000,
        "100" : 0.000000,
        "250" : 0.000000,
        "500" : 0.000000,
        "750" : 0.000000,
        "1000" : 0.000000
      },
      "latency_us" : {
        "2" : 0.000000,
        "4" : 0.000000,
        "10" : 0.000000,
        "20" : 0.000000,
        "50" : 0.000000,
        "100" : 0.000000,
        "250" : 0.177002,
        "500" : 49.102783,
        "750" : 42.507935,
        "1000" : 5.557251
      },
      "latency_ms" : {
        "2" : 1.715088,
        "4" : 0.823975,
        "10" : 0.115967,
        "20" : 0.000000,
        "50" : 0.000000,
        "100" : 0.000000,
        "250" : 0.000000,
        "500" : 0.000000,
        "750" : 0.000000,
        "1000" : 0.000000,
        "2000" : 0.000000,
        ">=2000" : 0.000000
      },
      "latency_depth" : 8,
      "latency_target" : 0,
      "latency_percentile" : 100.000000,
      "latency_window" : 0
    }
  ],
  "disk_util" : [
    {
      "name" : "dm-1",
      "read_ios" : 54032,
      "write_ios" : 654,
      "read_sectors" : 16859952,
      "write_sectors" : 56216,
      "read_merges" : 0,
      "write_merges" : 0,
      "read_ticks" : 28181,
      "write_ticks" : 485,
      "in_queue" : 28666,
      "util" : 96.152305,
      "aggr_read_ios" : 83629,
      "aggr_write_ios" : 815,
      "aggr_read_sectors" : 16870224,
      "aggr_write_sectors" : 56216,
      "aggr_read_merges" : 0,
      "aggr_write_merge" : 0,
      "aggr_read_ticks" : 42037,
      "aggr_write_ticks" : 990,
      "aggr_in_queue" : 43027,
      "aggr_util" : 94.678754
    },
    {
      "name" : "dm-0",
      "read_ios" : 83629,
      "write_ios" : 815,
      "read_sectors" : 16870224,
      "write_sectors" : 56216,
      "read_merges" : 0,
      "write_merges" : 0,
      "read_ticks" : 42037,
      "write_ticks" : 990,
      "in_queue" : 43027,
      "util" : 94.678754,
      "aggr_read_ios" : 81222,
      "aggr_write_ios" : 542,
      "aggr_read_sectors" : 16870224,
      "aggr_write_sectors" : 56216,
      "aggr_read_merges" : 2407,
      "aggr_write_merge" : 273,
      "aggr_read_ticks" : 36910,
      "aggr_write_ticks" : 880,
      "aggr_in_queue" : 37867,
      "aggr_util" : 68.387860
    },
    {
      "name" : "nvme0n1",
      "read_ios" : 81222,
      "write_ios" : 542,
      "read_sectors" : 16870224,
      "write_sectors" : 56216,
      "read_merges" : 2407,
      "write_merges" : 273,
      "read_ticks" : 36910,
      "write_ticks" : 880,
      "in_queue" : 37867,
      "util" : 68.387860
    }
  ]
}
